cand_id,in_plan_safe,returncode,elapsed_s,C2/C1,C3/C1,C4/C1,B1/C1,B2/C1,B3/C1,X3/C1,S1,S3,Altitude,KCAS,C1,AOA,load_case,Skin Thickness,Front Spar Chord %,Rear Spar Chord %,Spar Thickness,# of Ribs,Rib Thickness,Wingbox Cutout,# of Fuselage Ribs,# of Fuselage Spars,Fuselage Struct Thickness,Fuselage Struct Width,Aircraft Empty Weight,Max Stress,Max Displacement,Average Stress of 1k Max Points,Payload Volume,Fuel Volume,Initial Mesh Tolerance
001ba1af49,True,0,5860.79509973526,0.7179289769381285,0.2310174356400967,0.0888583289925009,0.1991712786257267,0.13832502579316497,0.44563996316865084,0.5406667189206928,44.09292256459594,31.132541801780462,10.826542915776372,106.0325991883874,2977.7047713287175,-1.3664560168981552,combined,0.0006922212584875524,0.2632749870885163,0.5920402301475406,0.00713407696262002,12,0.005808479937259107,0.048383770994842056,7,10,0.004721241767518222,0.004706330357119441,139.1601471,163344032,0.5043345277,26460971,225815855.5,189708352.5,0.001
002dee9829,True,0,6757.206368923187,0.7079686418175697,0.27700154261663557,0.08359696922823787,0.1626055570319295,0.16509566097520295,0.5121432011015713,0.6257537527941167,54.39569978043437,37.79753368347883,5.433054970577359,129.86897355411202,2657.5406682677567,14.088418625295162,combined,0.004660712293256074,0.24035941866226493,0.6134949065744877,0.005809128238260746,11,0.007670919279567897,0.028944456167519096,7,9,0.02292427785973996,0.0021463431883603336,258.7965195,62192932,0.03798462381,11602128.53,262041649.9,134807686.4,0.001
00e7177992,True,0,6976.1125276088715,0.7473650616593659,0.22182863626629115,0.07756924510002136,0.15636183694005013,0.18854338480159644,0.3532339222729206,0.5548769411630928,43.932803981006145,29.829411562532187,12.088504588231444,226.7926608286798,2700.0570143572986,-3.264451913535595,combined,0.0030887219046242535,0.24761207650415598,0.6385466458275915,0.0047266734309494495,13,0.010300523566547782,0.04542201112955809,9,12,0.00552112334035337,0.003941854467615484,189.3772275,309340832,0.07273670582,14654078.57,144293937.3,147857407.3,0.001
00fba6e365,True,0,6790.2421979904175,0.7280225116759539,0.2643874672427774,0.08777794651687144,0.13605598518624903,0.05054374146275223,0.4226166056469083,0.6081142853945494,49.85462935641408,33.41857589781284,12.864487253129482,225.06367128901184,3520.2029729261994,4.421869903802872,combined,0.003331302025169134,0.20590158863924443,0.7183617589995265,0.007317277296632528,8,0.01288188533205539,0.03328598771244288,3,5,0.0140718400683254,0.0048618520032614465,373.4650124,744630464,0.3905705937,44980812.97,433643732.8,92597247.2,0.001
0185270a13,True,0,8190.923308849335,0.7918477502651513,0.2178026181831956,0.06660199359990657,0.1439439181238413,0.15718262512236836,0.4457340823486447,0.5223333905916661,43.75011567026377,26.817622669041157,8.46566554158926,77.43629605416209,3833.280526101589,3.202365778386593,combined,0.002423123111575842,0.2796641742344945,0.6949416304007172,0.003629584565013647,7,0.004719153933227062,0.02220897201448679,5,12,0.015430779674090445,0.011699548372998834,817.8844863,152623168,0.5293365584,35001367.49,924303596.8,488786430.7,0.001
02becb5121,True,0,11753.269020318985,0.7294138601049781,0.24852260753512384,0.06500530544668436,0.1474556519649923,0.19220497421920302,0.44301646770909425,0.603314223419875,48.35321716964245,28.612896539270878,3.178625889122486,66.79828149732202,2643.3036495000124,15.65243624895811,combined,0.0010436603534966708,0.18971109932288527,0.6412307908758521,0.007996723634749651,11,0.009281117470934987,0.025518628731369973,9,8,0.01847605253569782,0.011376724703237414,305.578716,837869504,0.1003410763,14484254.48,261728131.6,166978692.3,0.001
02d0f90247,True,0,4433.340703725815,0.7848287548869848,0.2686358002200723,0.0869759405683726,0.1324824593961239,0.15057045128196478,0.5224449254572391,0.6432711657136678,45.09898502379656,38.3573286421597,9.39615829847753,71.0159613834694,3349.113913718611,9.238295510411263,combined,0.0027846464239060877,0.1820725375134498,0.567934250459075,0.006415762794017792,5,0.01373219420062378,0.013500958494842053,9,11,0.021201592417433857,0.00800769405439496,683.2533794,32815212,0.03080052849,3719975.047,720812254.3,327109500.4,0.001
02f0075575,True,0,14190.588119268417,0.6941364348866046,0.26236004682257774,0.0817229525372386,0.10999230528250337,0.09426340726204217,0.5020589914638549,0.5727014464791864,49.268685821443796,24.72185581922531,11.97839337028563,102.87918190285563,2624.883980024606,14.020324267446995,combined,0.0022085162164643406,0.1951831543445587,0.6933307599276304,0.0012295932307839394,13,0.011662709725555031,0.038993981517851356,9,11,0.013179383213631808,0.011166323930025101,240.5051526,221311376,0.2337456435,24191582.72,101547606.9,71957910.25,0.001
0362d05949,True,0,10673.517610311508,0.8253992801532148,0.21120877863839269,0.08951436655595899,0.12609931165352464,0.15547809246927502,0.3606809440534562,0.6328536522574724,40.51651956513524,27.407233137637377,16.725497173145413,119.34470383636653,3892.881956882775,-0.2604144960641861,combined,0.004468083947338164,0.314873536163941,0.6839389620348811,0.0014442898198962213,10,0.011731758108828216,0.03812571164220572,5,10,0.006847631981596351,0.01220723353140056,808.569605,418126432,0.1470219286,17333638.66,481314676,424149856.8,0.001
038ba1f37e,True,0,12151.485294103622,0.8051571306772529,0.18681448373943565,0.0858379870466888,0.14500578250736,0.18261673105880621,0.3501963551621884,0.5341220562811941,45.3161727078259,21.029314640909433,17.39153468236327,33.275818143971264,2589.2341225408018,-6.348835460841656,combined,0.000846386809553951,0.23679511523805558,0.7181354146450758,0.006462585647404194,12,0.003706011596135795,0.03472898222506046,11,12,0.022042991410940883,0.009923189096152783,340.8272606,134248080,0.0358681489,4967135.913,190122372.1,174042772.7,0.001
03afcc0819,True,0,7602.236340045929,0.8451868949458003,0.21715132921934127,0.08038977228105068,0.14820445328950882,0.1515348982065916,0.554887121822685,0.5487001721281558,46.33057314902544,22.830103058367968,9.11371261999011,88.44274839479476,3077.0576880313456,-4.389335259795189,combined,0.0032488160753622653,0.21720595228485762,0.6668469658121466,0.003841247307509184,13,0.005438277308363467,0.02024973761290312,11,7,0.003823454484343529,0.009167154315859079,345.3781408,106027448,0.09669371562,10603143.15,553750370.5,257268144.5,0.001
0493d8898c,True,0,2389.1884953975677,0.7973328266292811,0.19350343646481633,0.07189625060185789,0.11654319697991014,0.11877957158721984,0.45864233318716285,0.5352163552306592,41.340366788208485,31.197754945605993,3.862965267151594,86.11994371097535,3576.22348703444,15.298763699829578,combined,0.0024791817023418843,0.2946599576249719,0.6604865649715066,0.0038064426615834236,11,0.011582133455201983,0.04459460098296404,5,4,0.0069517442369833584,0.0064033770579844706,299.1811078,70900128,0.1774295578,10891062.8,243685220,252356118.6,0.001
0527bc3680,True,0,2066.5639083385468,0.6081321518868208,0.26150770431384446,0.08445495902560651,0.10683285957202315,0.11656288718804718,0.39116193377412856,0.6089356377255172,57.87483874708414,35.69793405011296,0.22157742083072662,184.37523800507188,2809.9162625148892,15.61071527004242,combined,0.0036865017878822985,0.21187465184368193,0.5799837194383145,0.004006997954100371,6,0.006036020922940224,0.015811776854097844,5,10,0.013075952834449709,0.008493882363662122,233.6903449,2166093568,0.8685418051,114350091.5,259170598.2,94267498.75,0.001
05a64171fd,True,0,4261.01602101326,0.5916533869691194,0.2525989179685712,0.0733734487183392,0.19130857000127435,0.1162086207419634,0.39597382973879575,0.5387646144721657,59.660728331655264,28.684094101190567,16.699955636635423,81.16148434951901,3179.1453333571553,11.546535298228264,combined,0.0021223616342991593,0.2734378905594349,0.6737939042970538,0.006853249115496874,9,0.005222872409038246,0.011048596054315567,9,9,0.003019201303832233,0.005250365946441888,218.5067722,507992448,0.2076264201,31472817.54,825271292.9,150449892.9,0.001
05cadcc454,True,0,2540.662444591522,0.6743400224484504,0.25584376335144043,0.08806445835158229,0.11255451440811158,0.09850385733880104,0.696131726540625,0.6205256370827555,42.59496282786131,25.51550954580307,13.929103318601847,133.67560431268066,3405.908196233213,6.900238521397114,combined,0.0009688806327059864,0.3325700379349291,0.6574948314577341,0.004106020899862051,9,0.005303288928698748,0.021889487989246843,3,7,0.010428860739804804,0.013270340280607341,235.0434518,364586880,0.4553881972,38758075.19,427635189.4,200691379.8,0.001
05fd3559fa,True,0,5385.890931844711,0.772206942550838,0.19384201338514687,0.07116881330497563,0.19787040166556835,0.18127193250693385,0.40109189157374203,0.6069605175405741,55.40686937049031,33.891700860112906,5.139413986355066,177.07857679575682,3599.2146017961204,-3.5791651532053947,combined,0.0012742179203778506,0.2848245017416775,0.5514328023418784,0.003554337417334318,5,0.006137938281521201,0.03232952453196049,7,11,0.007775239937007427,0.0024325023163110017,246.3406872,624648448,1.376358166,87525505.92,786889536.7,479121375.1,0.001
05fed789f1,True,0,7858.805509090424,0.608976573869586,0.20900966573506594,0.06847622453235089,0.1787822081707418,0.08341725068166853,0.48076504184864455,0.5823620152659714,59.91213321685791,30.702394172549248,11.21273835003376,50.25549202039838,3884.109202772379,3.0639145746827126,combined,0.004886793132405728,0.3248823056556284,0.6247768936678768,0.006925092472881079,8,0.008709924921859055,0.032276638932526115,11,8,0.0021763762244954707,0.007054541684687137,730.1953905,344877344,0.147780288,16649997.64,751116935.6,136657033.5,0.001
064eeefa5e,True,0,4879.752068758011,0.7021595383994281,0.1841387477889657,0.0824202681798488,0.1931091052480042,0.08986090663820506,0.46433247751556334,0.5602650798391551,51.51788480579853,23.111511934548616,14.087816113606095,40.83167461492121,3903.2394997775555,-6.124917857348919,combined,0.001590852299425751,0.20845283602364362,0.724085284397006,0.0054700043685734275,10,0.014603190280962734,0.02296636208891869,7,4,0.015980060206726193,0.008811474602669477,637.6686469,97809680,0.1164824899,7996871.319,1244589605,202956815.8,0.001
068fca997b,True,0,3936.131810426712,0.5628163543529809,0.23941027393564585,0.07531920617446303,0.12473835619166494,0.13929039989598097,0.6081813171971588,0.6149792888667435,51.33188856765628,29.876689240336418,6.828311819583178,35.42127098981291,2520.410642493516,11.694643571972847,combined,0.0045381460928358135,0.29186204362660645,0.6821816321462393,0.0035813870795071124,4,0.006877507695928216,0.044510798156261445,7,8,0.020265769431367514,0.003014331921935081,169.5012126,96922024,0.02134632875,5162597.438,68476915.15,64469357.32,0.001
06949ae0ff,True,0,3368.07102894783,0.8380467494949698,0.22071093937382102,0.08066670675761997,0.19636173909530044,0.06874552965164185,0.40504540922120214,0.6351627880707383,51.12264605239034,33.32268076017499,17.257965249940753,103.81817205157131,3120.3428166918457,3.470111258327961,combined,0.002525505832862109,0.2612393645942211,0.6859896155074239,0.007442919919639826,13,0.007567003038246185,0.04467304896563292,5,7,0.010066831664182246,0.01128231726773083,405.1936936,88195168,0.06827751168,9254851.662,352405529.9,110775660.9,0.001
06c3e4e547,True,0,5532.595958471298,0.8317459208890796,0.23609929058700801,0.07411058119498193,0.12331310734152795,0.11256187022663654,0.4246434693690389,0.5246889779344202,46.79223956540227,24.64767849072814,6.648191459476948,134.45210645347834,3689.1156430356205,-5.195150576531887,combined,0.0006465563804842532,0.24685863345861433,0.5882128156721592,0.006077707120776176,6,0.009666577108204365,0.029844420589506628,11,4,0.02134496727306396,0.0035171935856342313,372.6937198,477425568,2.01385301,64169843.3,549856726.8,382985560.7,0.001
06d68f1a12,True,0,7439.089587211609,0.6968837042339147,0.24220160266384483,0.07826939513906836,0.17889655120670797,0.15074109956622125,0.6587062931153923,0.5529414813499898,42.955759949982166,37.46065894141793,0.7055135741829872,118.60163056012243,3001.5094517730176,-5.431660123169422,combined,0.0015950379335321486,0.2564047362934798,0.731635588221252,0.007000801014155149,12,0.013187731968238948,0.036469508968293665,5,9,0.019901643468067047,0.011911556573584673,422.4732111,1225634048,0.2524395662,23500127.49,321847820.7,176339330.5,0.001
0700de1564,True,0,3990.839050769806,0.6844693557359278,0.2396589731052518,0.08861737537197768,0.1506088205613196,0.165191525220871,0.5438129951246082,0.5283221419434995,48.39576072990894,27.74653611704707,16.388931272551417,197.84449792746454,3091.8397777713835,0.6548784002661705,combined,0.003020066618267447,0.30727022886276245,0.6342546690255404,0.004034784767776728,5,0.01238823881931603,0.016987018547952176,7,12,0.019768569841980936,0.013524941297248006,635.8266931,663740544,0.7229524093,35450589.66,534744391.7,209487989.4,0.001
07179619c1,True,0,5284.422770023346,0.65105164879933,0.18810453491285442,0.0752103297226131,0.10097378883510828,0.17549171061255042,0.6734517582226545,0.5319686310831457,55.36432521417737,34.74890645593405,9.93034459836781,97.73607722483575,3665.597633458674,5.428472079336643,combined,0.0028285042339004575,0.20980683494359254,0.5740587312728167,0.007467272969335317,11,0.0020286385025829077,0.04016513403505087,9,8,0.0065710755195468665,0.0046385037880390875,402.8253032,472156160,0.419402581,41744660.66,212852939.2,296733760.7,0.001
078d601cb4,True,0,5479.57365489006,0.7931279278360307,0.18630328254774212,0.07690262395888567,0.11141568636521698,0.07565900958143175,0.4745490877423435,0.5402847821358592,48.31367554143071,23.663467578589916,0.05145159177482128,107.28671736828983,3094.4788102060556,-1.204527884721756,combined,0.0011192220289260148,0.25645713453181085,0.6698454760015011,0.006754886784404516,8,0.007117871987633407,0.01963224120438099,9,7,0.016983907910995185,0.0024228551182895897,152.2078641,265979136,0.4892483939,34417074.57,391695058.6,115547065.8,0.001
08b62e9f7a,True,0,6105.995526075363,0.8179524604231119,0.19425820607692004,0.08609077711589634,0.12843792689964176,0.08165255971252919,0.6966515135020017,0.6113849283196032,59.008228443562984,28.30106718465686,11.444159327074885,76.20366725232452,2894.584163092077,11.710408166050911,combined,0.002229487647023052,0.21793844499625264,0.6994438026100397,0.00186552749350667,7,0.0038870937461033465,0.027328365035355094,9,8,0.015944905593059958,0.007742447989061474,317.6549295,76674408,0.7848224799,18989143.47,302534225,99781922,0.001
08c33a744d,True,0,5907.464607000351,0.7718025330454111,0.21874282110482454,0.07562439355999231,0.13221065597608686,0.14426500564441086,0.6696885250043123,0.5069817449431866,41.146207582205534,39.57565242424607,11.687104096636176,140.0731004057452,2537.033266853541,-6.895396433770657,combined,0.002084230509866029,0.3434156613796949,0.6695884296670556,0.00782139003202319,12,0.0037166750365868213,0.04575177107006312,5,5,0.007478371069766581,0.011951562378555537,159.8542875,1366428032,0.2173610777,33349523.31,96514142.5,124231575.8,0.001
08d7de693f,True,0,4656.826659917831,0.7571939830668271,0.19934539303183554,0.07671602890826762,0.11948860893025995,0.12156417812220753,0.5068233574740588,0.5939246329013258,49.38204415142536,26.909148320555687,9.343031700700521,100.92943049408495,3799.293126910925,14.52241774648428,combined,0.0010277462927624583,0.22231083870865403,0.6649217473343015,0.004767704509943724,6,0.0032147484691813586,0.030324304141104222,9,7,0.019173331285826864,0.0036564030703157184,364.530682,2794446336,2.154341705,149580677.6,526971111.4,354229575.4,0.001
09028bd1e0,True,0,1906.295514345169,0.7005700269713998,0.25709558084607126,0.06791695551015436,0.11149666123092175,0.15850110226310793,0.6637246334459632,0.5855704745277762,53.857187833637,29.4845580868423,10.532510882243514,66.0732815535739,3794.069632422179,-4.521476432681084,combined,0.0030128598952665927,0.32476609427481884,0.5864693902432919,0.006819224476069212,12,0.00485252834809944,0.014111847579479218,3,6,0.01066478542983532,0.010800214394927024,530.3753676,133519656,0.142611793,14324153.94,776805238.5,383912783.2,0.001
093e1dda5e,True,0,2325.0156989097595,0.80230100331828,0.21987294957041742,0.0632539732195437,0.13360568806529047,0.05940016903914512,0.5047541870269924,0.529840049566701,46.30996324121952,35.68957766517997,7.636468034237623,200.07053553685546,3585.8815838582814,1.9059379547834396,combined,0.002950075904559344,0.2624066616408527,0.6409693989902735,0.006679610568284988,4,0.007277112297713757,0.026263154484331606,5,4,0.023397397149354217,0.0058145751580595964,504.4051153,172127936,0.2189184186,20913305.32,617444852,128307704,0.001
09752bcf03,True,0,3207.39214015007,0.6987766545265913,0.2779355895891786,0.07660566268488764,0.1154798380099237,0.16461230092681944,0.6223485270515083,0.5400188904255628,50.95678899437189,39.00386892259121,6.482867807149887,107.95712929591537,3284.253058023751,9.652357414364815,combined,0.004295495809894055,0.34534513087011875,0.7202760832384228,0.0019494935370981694,8,0.014079822381958365,0.023092177771031855,5,12,0.0028189320797100664,0.0022046722676604983,310.2695643,353367232,0.07580816574,10658906.65,390874770.3,265649900.6,0.001
09c041247f,True,0,5389.579631567001,0.678219888638705,0.2610578196309507,0.06279487674124538,0.13465478159487249,0.19197011790238322,0.611575221735984,0.5507434837054461,54.52125174924731,38.65953614935279,9.660938445478678,161.74017427768558,3106.9911755621433,-0.9191654995083809,combined,0.0017902905955910682,0.3366257985960692,0.611206273175776,0.0025713967487215996,6,0.00365890000294894,0.018569735288619996,9,10,0.015859220788814125,0.005173305122181773,284.0278529,787117184,1.11487857,98426498.3,447969501,297142838.3,0.001
0a25c246f0,True,0,13666.822189331055,0.7910079059191049,0.27772562524303795,0.07882893995381891,0.16588797979056835,0.19911466874182226,0.36057232050225135,0.5113701061345637,43.29473555088043,21.821473967283964,16.046738885343075,157.30018284264952,2847.7000826969743,15.4985883384943,combined,0.0012183845154941082,0.24625586483627557,0.700248884782195,0.006631843744963408,7,0.013508597181178628,0.04586129773408175,11,10,0.023544472767971454,0.0029738493375480175,240.9370935,6.194424627e+10,0.4793029924,626704089.1,187658581.9,269610636.7,0.001
0a5c54eea3,True,0,10285.602842569351,0.8105831417255103,0.19893338356167078,0.08114220941439271,0.18796678371727468,0.19020621846430008,0.38365069958381354,0.525117041869089,53.44061253592372,28.040613308548927,17.650730419903994,202.0574556151405,3727.801864501089,-4.285229362547398,combined,0.0021360735745169224,0.1898142462130636,0.5747076286002994,0.004571519716084003,12,0.012065277208574116,0.04275157265365124,11,8,0.020013350611552592,0.004961269905790686,743.5910383,111151344,0.2235300078,20363968.55,573506981.1,466365892,0.001
0a6d73c65d,True,0,3604.698021888733,0.6834521916694939,0.19833813413977622,0.08958697445690632,0.17023661201819779,0.06967980521731079,0.5560914347879589,0.5837287165690214,40.13343961909413,37.55789667367935,3.8244497682899237,89.52975216228515,3427.9929478652775,-3.229992523789406,combined,0.004284582998696715,0.20069341884925962,0.5729192940518261,0.007014983174204827,12,0.009180820652749389,0.03781696178019047,5,7,0.012022749699652195,0.004822107477113605,451.9279167,129403624,0.0744149439,8908924.864,423786020.1,77750872.17,0.001
0aa54a987d,True,0,5121.34512424469,0.7775449603796005,0.18109153557568788,0.0677152732014656,0.18371766153723001,0.15422791917808354,0.36770644756034015,0.5480634655803442,56.81898035109043,35.574881602078676,14.43265119753778,180.89319240674376,2519.4717994891107,6.193901017308235,combined,0.0014414954660460352,0.31899602821096773,0.5591155286878348,0.002579651763290167,4,0.0030817499198019507,0.017713967896997928,7,12,0.010054139316082001,0.003660495964810252,97.56718333,248965760,0.5557249901,49211855.94,390922499.4,142237134.1,0.001
0ac63456e7,True,0,2163.2106442451477,0.5719330042600632,0.18674830544739962,0.07592963419854641,0.12612304920330644,0.12691935161128642,0.6805108209140598,0.5899278939235956,41.90563574433327,39.067256543785334,14.016631795093417,41.683690905570984,3764.5058329217136,12.362305790185928,combined,0.002734351633116603,0.3243747409246862,0.559749878384173,0.002577713766694069,14,0.009063684582710266,0.043810472153127195,5,11,0.006968183573335409,0.005424603886902332,348.773646,76210872,0.09294498604,6203752.009,241324832.7,176780244.4,0.001
0ac8fdd0be,True,0,4505.1272139549255,0.6989059674553573,0.21498653266578913,0.06700476307421922,0.1589834907092154,0.17409488223493103,0.6667199961841106,0.5786365391220898,41.678835675120354,22.911061458289623,12.210008388385177,148.26503454521298,2734.579586889595,-0.9847319647669792,combined,0.0018527175542898476,0.2163365703355521,0.6984877487644553,0.0063302640423178675,4,0.01278488038899377,0.020674564577639103,7,9,0.010507564693689346,0.011431823385879395,241.3120699,691636224,2.351538967,62366313.08,357674116,159147857.5,0.001
0b698820ff,True,0,4114.203685998917,0.6924042785540223,0.27652998493984343,0.07371900801546871,0.13718908010050657,0.10806038952432574,0.5322491717524827,0.6308949103113264,41.62815636023879,27.143947016447783,1.357722133398056,190.06127263233066,3207.9983223229647,1.8563034534454346,combined,0.0034740274724550544,0.34394312754273415,0.5736203607171775,0.0036029918909072874,10,0.009008818191010504,0.016409383788704872,9,6,0.020557732337154445,0.011176974767819047,656.0612204,104220920,0.1658111561,18984317.07,548528968.8,152882436.7,0.001
0b7b0008f4,True,0,4258.460410118103,0.7988548894412816,0.25372127473354344,0.07044661506079138,0.11491293692961335,0.06432704376056791,0.6945614690426737,0.6095496702473611,50.11442542076111,35.2739916741848,2.2439866047352552,185.99925614055246,3790.6502853147686,10.057649992406368,combined,0.002756058063916862,0.33009014866314823,0.6666994361206889,0.0071707997232675555,12,0.012405210463330148,0.03649568520486355,9,9,0.022856836098246278,0.007003683753311634,896.9794062,299037504,0.1450948568,20039228.96,407579023.1,147646552.8,0.001
0c1db805ce,True,0,3465.1669874191284,0.7211282359436154,0.21254332216456534,0.07307440504431724,0.182480260822922,0.13946200245991353,0.6091526123229414,0.5390488237142563,42.342894077301025,33.98059103637934,12.448226753622293,79.7264020498842,3362.9284147173166,-4.59806364774704,combined,0.0030628818760626017,0.1849284552410245,0.7241399679332972,0.0020478568606078626,10,0.011762638812884687,0.02638262394815683,5,5,0.0167801456162706,0.004594682782888412,368.767363,667124608,0.3432030276,19325726.97,675406145,229589467,0.001
0c221b6937,True,0,3961.611242055893,0.5507652730681003,0.2269545311294496,0.06437931762076914,0.17270817747339606,0.12624894212931398,0.6316712971311063,0.5578433820512145,40.546990502625704,26.54583178460598,2.95227986946702,141.90747605264187,3348.21668965742,14.74216802418232,combined,0.002056642221193761,0.26110456286929545,0.6909639235585928,0.005132341457903386,5,0.00993482076236978,0.04935979165136815,7,9,0.008408363781869412,0.009112399550154804,341.3725822,533539744,2.059263512,84816836.59,193011252.8,153431913.8,0.001
0c56fe21a6,True,0,5077.432207107544,0.6241888002492488,0.20042332654818892,0.08473580659367144,0.12526377411559225,0.09591331742703915,0.5660406732931733,0.6013652374502272,59.42956902086735,38.245250564068556,17.895386891439557,56.889902585186064,2619.61272964254,2.370130769908428,combined,0.003601828880235553,0.22703300254419445,0.6210098573938012,0.00556146837323904,5,0.0016761389560997486,0.044588737040758136,11,3,0.009441262115724384,0.012440344139933585,277.8349914,119764544,0.05691126355,6545498.822,87249814.03,51309218.03,0.001
0ccb44f830,True,0,2244.0298607349396,0.7743077914230525,0.2155019352398813,0.08013956112787127,0.12342745987698436,0.19539489536546173,0.537253718310967,0.6481877608690412,51.075960006564856,28.51533878594637,14.34311954677105,38.96115391980857,3175.995210185647,2.5518198534846306,combined,0.003489720956515521,0.31649831251241267,0.6555700100958347,0.0061464135408401495,9,0.012456845606211572,0.023899360708892346,5,4,0.0036084914524108173,0.008394766563549637,309.2531175,6437072.5,0.01175520835,1402638.073,404783083.5,283474585.4,0.001
0cd5c11113,True,0,5369.068046092987,0.7617366985417903,0.2700483875535429,0.06619907355867326,0.12240359075367452,0.17354052690789107,0.6097302097827195,0.6051751431077719,43.85178865864873,39.64447893202305,13.00268597714603,196.07084131333977,2908.076783642173,5.160694569349289,combined,0.0016126880769617856,0.2966869241837412,0.6920127486810088,0.007716608510911465,7,0.013480099033098667,0.018961960189044474,9,6,0.013385597568005322,0.010256352478638292,327.8870859,287388608,0.9043823692,33021505.22,356221445.7,241914567.5,0.001
0d3b9cb79b,True,0,4964.93816447258,0.7806634072214365,0.21248023362830282,0.07519704991020262,0.11604054374620319,0.06983875459991395,0.3627733233850449,0.5188873176462948,47.901750523597,36.65890984237194,13.064539678394794,41.9726295908913,3033.882926683873,6.849124871194363,combined,0.0007558954261243343,0.2538612200692296,0.7280177261680365,0.006401359727233649,5,0.010567333512939512,0.012035569474101067,11,4,0.013272117327898741,0.001123339354991913,84.11509417,58488388,0.09778699455,9363092.935,483326835.3,116200394.7,0.001
0dab9ee2cf,True,0,4322.74151968956,0.718945708218962,0.2216067473590374,0.06763135241344571,0.17291676616296173,0.16274824920110406,0.6517161406110972,0.6064365583471953,52.38872788846493,22.860690746456385,15.521581621840596,99.35082092694938,3849.333397578448,0.9107368439435959,combined,0.00196946914838627,0.2204731908161193,0.700652283988893,0.0038340097486972806,11,0.003573736451100558,0.04326312851160765,7,4,0.014364513682201504,0.001809444284066558,363.9246687,513517024,0.8365438645,56136981.26,510320290.1,453914651.5,0.001
0e70795728,True,0,5487.739484071732,0.5579797782935203,0.1821397820673883,0.07378000798635184,0.1687264569103718,0.1622342980001122,0.5487563366070389,0.5909973911009729,55.430394615978,30.166100468486547,2.134920509532094,35.172691277228296,3878.0863960273564,-5.657551653683186,combined,0.002463514026347548,0.27631316777318715,0.6150405243039132,0.0036792264334857463,12,0.010392094320617615,0.047918908149003986,9,8,0.01812490297667682,0.013353640152141452,1108.743081,44324332,0.04002545657,3527231.833,326318211.4,221327136.3,0.001
0ef8229a49,True,0,5701.186636924744,0.6979854959063232,0.2071830222569406,0.08543267975561321,0.17258778559044002,0.14585370025597516,0.49901960515417154,0.623197564156726,59.094201289117336,36.57634388655424,8.541081899777055,51.3157074265182,2784.2015684582293,8.71752281486988,combined,0.0018254887357354165,0.33743108035996555,0.5573686722666026,0.007548350086063147,4,0.008191675733774901,0.026387133598327638,9,4,0.019366536227054892,0.014249569969251752,443.4301865,16974296,0.05083193433,2725682.406,351132978.1,139973788.4,0.001
0f13476c65,True,0,3187.918333053589,0.7559714713133872,0.19523415669798852,0.0814837715215981,0.12505551176145674,0.05708167790435255,0.5423355741426348,0.5725872515700757,47.58844019845128,32.41165351122618,0.8260811157524586,211.0722828572616,3079.4276208616793,10.282843433320522,combined,0.0036523589638993146,0.18000925883650779,0.5862249597907067,0.003292813757061958,12,0.011412223267368972,0.04786832261830569,5,8,0.016026735621504487,0.005138239245861769,290.2239554,336852320,0.2419632197,22886637.72,142015002.2,50529222.54,0.001
0f9c1a04a8,True,0,9741.074602127075,0.802456933259964,0.2759254423156381,0.08622135456651449,0.11363503448665142,0.17983825504779816,0.5253154636360704,0.5276345341932028,46.909945886582136,23.459529038518667,0.7726195435971022,181.26373402029276,2779.5839682221413,4.45461542904377,combined,0.00105,0.22028598230332136,0.6841401932761073,0.0013092314563691618,10,0.008066714520100503,0.025966708324849604,5,5,0.024147530848160383,0.01473269468359649,303.0098315,776566912,1.127017765,53158574.54,233480045.9,250055230.9,0.001
10775e00a4,True,0,6468.010772228241,0.7130921147763729,0.2134394901059568,0.0689077781047672,0.19584736498072744,0.08649457576684655,0.5396649366244674,0.5505839896388351,49.78307705372572,23.546140249818563,11.669566556811333,201.19087055604905,3681.3252591528,-2.504752866923809,combined,0.0024573266081511975,0.33764888388104736,0.5648942494764925,0.005125125738978386,12,0.009204628949984908,0.02233393166214228,7,11,0.022110411237925294,0.012926270009949802,1148.509416,261341008,0.709596454,43503517.12,1091134997,167335153.7,0.001
1094c0c396,True,0,4426.851810455322,0.7582878189161419,0.25422303175553684,0.07973194431513547,0.14146774942055346,0.1671186794061214,0.36218521688133476,0.6371040221769363,51.38526791706681,26.06322653591633,3.82106720097363,176.84367824159563,2991.161237936467,13.542038142681122,combined,0.0033488046038895845,0.28932199234142897,0.7465964848175645,0.003649963868409395,13,0.009651805135421455,0.03509314142167568,7,11,0.007071807850152254,0.013195733774453402,384.21201,360462496,0.4676862715,50881134.07,266633728.9,192765118.1,0.001
10fd6b630d,True,0,4611.10715007782,0.6112109009176493,0.2015050371363759,0.06288424146361649,0.1861269049346447,0.052715632272884255,0.3510296124964952,0.5687880604993552,44.71745226532221,26.959453132003546,11.872302314266562,160.7326843617484,3389.389314688742,6.664152294397354,combined,0.004186202650610358,0.21255974241532383,0.6942186372354626,0.0018565858468413353,9,0.011616063994355498,0.031227589659392832,11,9,0.024090101311914622,0.00247747553512454,438.6073221,1143797760,0.4099339251,55062418.19,538512296.5,48498415.04,0.001
111173ae60,True,0,2386.0518038272858,0.8181233179755509,0.2658887167647481,0.06938031789846719,0.14932730048894882,0.06340417568571866,0.5616396985482424,0.5875704731792212,45.04154659807682,20.474698897451162,7.358597030863166,175.96837471798062,2943.9550605602562,15.324107512831688,combined,0.0036701296602375806,0.22715269327163695,0.7430298132821918,0.004245802479237318,13,0.0116690827421844,0.019987407959997656,3,8,0.006299486367031932,0.005237038888037204,230.3780482,241285936,0.2036698473,26010359.58,482936701.4,77274678.85,0.001
121c60cc8d,True,0,4804.864613056183,0.6894260810688138,0.2660239303670824,0.07622506937943399,0.19914637878537178,0.14492028132081033,0.5954389925580471,0.5366970745846629,43.32866121083498,22.861499171704054,12.620389519259334,81.98836219869554,3132.8089013695717,11.264684081077576,combined,0.002406896224338561,0.25376600066199895,0.6646620685234667,0.0064508660905063155,9,0.0030218474082648753,0.034026951305568216,5,10,0.004600338195450604,0.013237027458846567,349.4732248,1525696000,0.8612036578,93863428.07,451571618,227183286.7,0.001
1267e49fba,True,0,4056.616923570633,0.602420540060848,0.2792644788697362,0.0834162707068026,0.10359103726223112,0.10592023874633015,0.5265587099362165,0.5874632298015058,49.88916119560599,31.89023159444332,15.86951076798141,95.71949254069477,3992.4398586153984,8.841442927718163,combined,0.004520077347476036,0.2090995302889496,0.6539710693061352,0.007100930532068015,10,0.003647626653313637,0.046446010135114194,11,5,0.012545638754963874,0.01135163335688412,1184.948172,1222285440,0.5867005006,78712236.91,192625758,238435338.7,0.001
1284789353,True,0,7229.824136734009,0.6442946074530482,0.27783286964520815,0.06246385199949145,0.13878890657797457,0.07232889202423394,0.44157519829459485,0.6234837233088911,41.14169776439667,30.76038958504796,15.53801099024713,173.08869155216962,2757.6936376281083,4.7636131048202515,combined,0.0009969796374440193,0.26996892829425634,0.5798070939257741,0.006714937118440866,13,0.003840349079109728,0.04101416226476431,11,9,0.02197987396083772,0.009103833492845295,333.5542594,5.74974935e+10,1.020659818,598895704.3,137306024.1,74583248.86,0.001
12a391a0a6,True,0,11586.167889595032,0.6503094002604485,0.22421998858451844,0.07776809161528944,0.19224753165617586,0.16153125427663328,0.6267433688044548,0.5237893301062286,48.53623600676656,31.29203988239169,15.398605490103364,128.62333738524467,2632.6253465376794,-4.242907792329788,combined,0.0007142521548084914,0.29094327731058,0.5869197003543377,0.0015216796703636645,4,0.00451430325396359,0.019318284653127196,9,10,0.024707115159370005,0.009041181245818732,280.0854768,435138176,1.196535781,56994763.52,393407688.4,144538756.3,0.001
12a9c4b841,True,0,4748.327718496323,0.7925354764796794,0.20984233843162656,0.07979293813928962,0.16051771361380818,0.06610641102306546,0.38933077426627277,0.6018528394401074,45.072721634060144,31.62443771958351,4.168837442994118,48.614619803614914,3626.2417873367667,5.883087687194347,combined,0.0026343438886106013,0.30967901429161426,0.6928685864433646,0.0035179276570677757,10,0.011435578011441976,0.029250447452068326,9,5,0.008246780327521266,0.008270660556852816,495.3231828,26148110,0.04460228423,4704940.214,717435168.9,147513360.5,0.001
132de326ff,True,0,11408.009269475937,0.7481570685282349,0.26928249226883055,0.08099542734213173,0.17949986904859544,0.09786766823381186,0.514066017139703,0.5117782316170633,57.186022978276014,28.136323299258947,1.7808865383267403,57.62971644103527,3509.4902217388153,-4.300486996769905,combined,0.0007101387272588908,0.34918950602412224,0.5702507684007287,0.003608390849083662,6,0.003026641525793821,0.04003456369042396,11,7,0.01641117572505027,0.01294105264917016,758.6508655,155939696,0.8899363282,45118409.12,477802443.7,314111618,0.001
13482063c2,True,0,5044.977277517319,0.6602304577827454,0.2431626540794969,0.06773887907154857,0.16755128214135767,0.12138433963991703,0.4938088182825595,0.5478411580901593,48.338398821651936,31.23471776023507,0.2866882961243391,92.36368299275637,3614.3617150373757,-6.173426277935505,combined,0.0033279954236000776,0.34715748605318364,0.6579838072881102,0.0065985997155308725,14,0.013805701798293738,0.01081733960658312,11,9,0.007718997199088335,0.0032065403666347264,450.3485741,561621120,0.1500484768,24610410.22,1125062519,179173489.4,0.001
1349c16bf2,True,0,10813.50523018837,0.6604024368338287,0.1996057714521885,0.07570899582467973,0.18439694242551924,0.15563704185187818,0.5580129991285503,0.5447577864397317,47.6604432053864,28.385725859552622,6.922830116003752,71.97136261686683,2739.0186972916126,15.81669446080923,combined,0.0009399764171801508,0.30420573621056973,0.6171751853078604,0.00155,6,0.014594891052693128,0.011719643287360668,9,10,0.005508420431986451,0.00861782705783844,120.0806315,214611184,0.6044420927,23753964.44,528869894.8,138683333.9,0.001
13b389b850,True,0,8854.228883504868,0.650922585092485,0.2328289026580751,0.06818046033382416,0.14633507411926985,0.06622749082744123,0.39049716731533407,0.5253684894647449,55.94701323658228,26.90018128603697,16.5491926074028,66.63867397792637,2968.942667823285,1.215369112789631,combined,0.0005856760060414672,0.25192771693691607,0.7008064759895205,0.0020965681970119476,4,0.002926593687850982,0.04237600687891245,9,9,0.005800018697977066,0.013338300846517086,166.4114655,162247520,0.2916141948,27042678.6,182733660.6,91387472.65,0.001
13eef78ec9,True,0,9049.569175720215,0.8353356335312128,0.21328838516026735,0.06685986729338765,0.1294998117722571,0.10785411382094026,0.6065829144325108,0.5950533146969974,50.567093286663294,23.76458168029785,3.2334829811006784,38.749833214096725,3530.677587259561,8.956904023885727,combined,0.00043760472163558003,0.34647873037494714,0.7140422241762281,0.004630186748504639,14,0.004537658287212252,0.039769334718585014,7,8,0.020810210598632695,0.0025190675407648086,203.4682421,56429476,0.1206882779,8424914.016,352696472,303916806.2,0.001
141e4e2ba3,True,0,2185.025644302368,0.6701612589880824,0.2676526658423245,0.0690092940442264,0.11834155982360245,0.06238291147165001,0.5186334308236837,0.502804491482675,41.084590665996075,32.32427263632417,10.973156400024891,83.41520965192467,3669.1631679423153,0.44744670391082764,combined,0.0014354984042234719,0.3136984327528626,0.6777231751009822,0.005921577282994986,5,0.0026109037385322153,0.02395324908196926,3,9,0.023356183127500117,0.011564820878207684,528.6064839,429688224,1.18661681,89224999.4,535795810.3,151274158.6,0.001
14e8ac7888,True,0,3056.9029779434204,0.7436197554692626,0.22765226067975164,0.06797173965722322,0.13559740530326964,0.11934618502855303,0.46719204834662376,0.544200719287619,51.20763396844268,31.59628264605999,7.177401809021831,57.812026930972934,2898.5075280070305,14.275078736245632,combined,0.0027480139444582166,0.31264064662158486,0.727816698513925,0.0037075379677116867,9,0.012552177290897816,0.04723177462816239,3,6,0.021435532205738128,0.002717851700261235,169.2430332,20398380,0.04748929805,3890467.47,135256253.2,132538814.5,0.001
14e9a6f96d,True,0,5026.166577577591,0.8423595426604151,0.26514132127165796,0.08528537250123917,0.15491982586681843,0.1376120123546571,0.48016766984947024,0.5293388954363764,53.30032546073198,31.66180096566677,14.141192391514778,132.83562249410897,3450.153755489737,-0.13780638575553894,combined,0.004535960207413882,0.19490336918272078,0.6212691666558385,0.007457102321088314,14,0.004824017350561916,0.041020949110388755,7,9,0.023655144105665382,0.004411483405157924,722.7825373,316772512,0.2316595412,28107290.26,397761767.5,330784265.7,0.001
150ba60ba3,True,0,2561.9408659934998,0.5552213897928596,0.1862828672118485,0.08386664086952805,0.11755313500761987,0.09385639014653863,0.5831224957481026,0.6356595456134528,44.21941190958023,36.857680045068264,3.426377009600401,112.51587959658355,3610.363397747278,4.07700664550066,combined,0.0036372112355194984,0.34986830223351717,0.601692926697433,0.0018645246960222722,6,0.012268320992588996,0.029300279580056668,7,5,0.009062949794344605,0.013784508580341935,550.1503675,342740832,0.7337056852,34375028.98,355945140.4,100366308.2,0.001
154a8f31ef,True,0,2722.9502143859863,0.8043369589373469,0.24809127097949388,0.07603221307508648,0.19268341697752478,0.12637526188045742,0.5850685522891581,0.6008944394998252,44.71339801326394,23.300292622298002,14.770812040194869,98.81734608579427,3592.105343937874,-5.0441156551241875,combined,0.003080664609745145,0.22277438644319772,0.5559939974918962,0.0012069428473711014,11,0.011294838820584118,0.035845569856464865,3,5,0.004091379716992378,0.004905595142394303,372.9080459,3338850048,0.4179102628,56691574.83,703739349.4,331418720,0.001
15d41c331e,True,0,8744.687092781067,0.8154366942122578,0.20077156901359558,0.08305971798487008,0.1122890460304916,0.1852595972362906,0.42196569847874343,0.5663701340090483,50.83890492096543,24.014258608222008,4.034375371411443,88.69101930316538,3477.503099478781,15.983839444816113,combined,0.0008117034781724214,0.33711462558247146,0.7124775253236294,0.0027622027345001695,10,0.013665378115139902,0.01884295169264078,7,9,0.019550537778064606,0.009523833157494662,482.5835986,242912496,0.3990960444,26799862.42,581344670.5,399173619.5,0.001
15dc3329fa,True,0,3867.9110176563263,0.6227668271400035,0.19574524585157632,0.06583951184526085,0.14355559209361674,0.08633995256386698,0.3791571829933673,0.6456287116277963,42.004425935447216,21.94507984444499,2.9787931870669127,153.62672390136868,2575.4839121364057,6.071652948856354,combined,0.0036114154868759217,0.28456409047357734,0.7356274209916591,0.004459186770766973,5,0.01037531852396205,0.04780255604535342,9,8,0.020434285797178743,0.009624837417155502,296.3926227,215242496,0.3559193222,29100573.61,82780652.81,40261268.12,0.001
15ef3a012a,True,0,7935.6249442100525,0.8366431763395668,0.22540747571736575,0.06968065386638045,0.18496691687032582,0.11540744840167463,0.5729595908429473,0.6047924731858074,48.69277274236083,27.180300820618868,2.3676186371594667,197.3762565618381,3164.1053003259003,4.268312945961952,combined,0.00262689855042845,0.28754486300982535,0.5698729261755944,0.006407435178756714,13,0.012895173657685518,0.047711048498749735,7,12,0.019807619694620374,0.014152988595888018,829.5958814,95582984,0.281426228,18539213.55,296633923.4,180618927.5,0.001
16238ba18c,True,0,3497.5592596530914,0.8479680931195617,0.25216505901888014,0.07192942103371024,0.1712503327988088,0.17682564803399148,0.5400795213412493,0.5934986282605678,50.75390566140413,34.20041969045997,2.9797724280506372,118.86821004189551,3632.747056428343,-1.8880958706140518,combined,0.00403194068260491,0.20589641395024955,0.558913915976882,0.002479323111474514,4,0.010121835753321647,0.04553733829408884,3,4,0.015910101760178805,0.001400800658389926,503.8444638,189525280,0.2159723614,27452819.72,443611257.3,558209006.9,0.001
162df43413,True,0,1601.868980884552,0.8230897473171352,0.2697134715691209,0.06202952949330211,0.13739700866863133,0.06954455301165581,0.5576834076084196,0.5049670635722577,51.03642266243696,23.449022732675076,16.203707640990615,134.2566790599376,2584.195138886571,10.443573981523514,combined,0.0034143892775289715,0.29700441883876916,0.6332072263583541,0.004913350303471089,6,0.004387968053575605,0.01093778621405363,5,11,0.0020233443370088937,0.0027802390437573193,123.4437549,110456768,0.15415643,19607828.31,387317318.4,77557897.81,0.001
16b2f8126e,True,0,4792.237580537796,0.6769634617492557,0.19753561813384293,0.0744976538233459,0.12541679171845319,0.14547153939493002,0.46384126674383874,0.5243253303226083,58.3605614118278,29.056294839829206,10.677941277623177,168.51245864853263,3200.488029513508,6.433871775865555,combined,0.0027992666802369058,0.23202933560125527,0.6886574851348997,0.00290368333235383,13,0.007325538697186858,0.02178018797188997,7,5,0.01793171078059822,0.004006183467805385,270.9952874,259361712,0.4244796362,35363191.26,411010858.5,170957284.1,0.001
1736579015,True,0,7715.027451753616,0.8392887067049741,0.24975484704598785,0.08844523284584284,0.15254690852016212,0.06378647959791124,0.5762248502112924,0.5648701171390712,47.493934724479914,32.64329183846712,9.422911908477545,62.602645341306925,2574.9026578851044,11.821418941020966,combined,0.002294788291864097,0.3315998561028391,0.6117244206368924,0.007092172086983919,5,0.012484188648406416,0.014442959874868393,9,11,0.010604393171146512,0.008534339549019932,229.5344607,18690474,0.03828322443,2808456.871,396535627.7,68003192.37,0.001
1746b04f41,True,0,4199.457348108292,0.7627825535833835,0.18229524094611405,0.07037523999810219,0.11288466034457088,0.12641956806182864,0.4620226460509002,0.6197657471522688,47.778727281838655,27.992931008338928,11.695495957508683,202.8437311667949,3002.4003726430237,0.8183736130595207,combined,0.0032090209303423764,0.18677236282266677,0.6085141001269222,0.004452194104343653,12,0.010235334735363722,0.02076616756618023,7,11,0.009697081919759511,0.01259156649187207,358.3219368,97825320,0.2596276927,19317987.38,339183790,130114003.7,0.001
175c76bc4b,True,0,3425.1471672058105,0.6387835692614318,0.2277714923210442,0.06898632315918803,0.16984168747439982,0.1579282771330327,0.6113397588487715,0.5980006504338234,51.67465727776289,33.073444310575724,9.03561837784946,114.90334137529135,3539.835035800934,13.345548115670681,combined,0.002653342223353684,0.22449387555941938,0.5792740084230901,0.0073049368016421794,9,0.0019881766294129193,0.026149090602993967,5,9,0.007792894389480352,0.010007764395326375,484.2554059,376991488,0.414310208,62298998.41,665437830.6,267606664.6,0.001
17f7ca5206,True,0,4180.639035224915,0.6654409273527563,0.25813171464949847,0.07406800445169211,0.10654297107830644,0.142107125883922,0.6389658911619335,0.5355006373953074,59.335147608071566,26.450002510100603,7.486240642145276,74.86727942619473,3009.795573540032,-6.80918625742197,combined,0.002715241460502148,0.20620257318019866,0.7109340041875839,0.004892303720116615,11,0.004620195533148944,0.03797394931316376,9,8,0.015726097124628722,0.0070597000997513525,335.231871,60327024,0.05615496507,6300883.679,145040379.1,171022385.6,0.001
181534cb1a,True,0,1763.7633497714996,0.7719258568249643,0.27401387274265293,0.06765428038313985,0.1150720269419253,0.11415284681133928,0.3839998016133904,0.5129975706804544,40.47763220965862,22.347044441848993,13.522520933300257,51.333114243112504,3347.957511432469,13.63024104386568,combined,0.004542836293019354,0.30129396939650177,0.60532655864954,0.002450684830546379,7,0.004612105542328208,0.046712579987943176,5,5,0.005262955944053829,0.006869681695476174,357.3070073,736375872,0.07595664177,15033035.31,171212188.9,229334361.6,0.001
1832dc2ed9,True,0,1099.495478630066,0.7028758941218257,0.2233887421153486,0.07980667476542294,0.10000383090227843,0.07604656894691289,0.5104720088653266,0.5707812629640102,44.57262746989727,20.904306769371033,11.137931691482663,78.49852919671685,2870.324517134577,8.798752129077911,combined,0.0042913101057522,0.2870262601878494,0.7370057612657547,0.003125205459445715,5,0.012223021034616977,0.03629977121949196,3,6,0.009706588109023868,0.006213911682367324,185.7639038,154543616,0.04061368111,4695062.672,130931426.6,60637195.2,0.001
18fab29380,True,0,6615.7273869514465,0.5983309913426638,0.2339947588928044,0.08389460334554315,0.1690685195848346,0.18581303167156876,0.5016853160690515,0.5398778090253472,53.636574149131775,38.540072701871395,3.1054695937782526,38.22102923877537,3692.339074332267,-2.6185339838266373,combined,0.00045047238878905774,0.2580898027401417,0.7032666362822055,0.0040775886125862595,13,0.012488982690498232,0.020870496444404127,5,5,0.02242374506033957,0.008676719596609473,410.2798246,37995280,0.8606382432,12150168.47,838214181.7,322196226.4,0.001
191ba42c61,True,0,2690.8196737766266,0.6718509123660624,0.22370260927826166,0.07243867917917668,0.14578867545351387,0.1489527561236173,0.351424650195986,0.5453933477401733,57.83625541254878,30.640930626541376,3.280774449929595,198.21544211823493,2932.960611768067,-0.5065027251839638,combined,0.003759210218768567,0.23462658727541563,0.7091839661821723,0.003454111782461405,9,0.010728868809062988,0.029340089596807957,5,5,0.011602760354056954,0.003556126477196812,219.1808211,1635766912,0.2091170465,49664318.5,291995793.2,130514330.6,0.001
195d971ed2,True,0,4714.474023580551,0.7159497173503041,0.22085286278277635,0.08329917188733815,0.12830482302233578,0.08928166781552137,0.38464421560056505,0.5109876491129398,49.074020721018314,34.35911733657122,8.822310660034418,157.73807489778847,2591.671289410442,14.884927481412888,combined,0.0005162814210169017,0.2527208936586976,0.6351341823115945,0.007939150393754243,13,0.012919564832467586,0.017110387831926345,5,4,0.009839667133055627,0.007881776958703995,84.1070326,388555168,0.8116217054,35469515.55,273075323.1,59352487.96,0.001
19f39f2ede,True,0,4044.8442368507385,0.7905188755132257,0.26381097465753556,0.06563799133524298,0.12587841246277096,0.0991752916481346,0.47780432701110837,0.5894609772134572,47.090486120432615,36.628897581249475,11.74786801636219,186.1216278942302,2645.9941510111094,-5.581097856163979,combined,0.0014477506391704083,0.21626180206425488,0.7117457553744316,0.0065201498761773115,10,0.006711838017683476,0.04259027138352394,7,7,0.0076793439546599986,0.00642832482419908,126.421096,508524864,0.07908823324,23498281.09,120767668,113677128.7,0.001
1a0b2382ac,True,0,5513.272825956345,0.6908445189706981,0.20220596438273788,0.07614928998984397,0.16719010043889285,0.14271857021376494,0.42055276045575735,0.5256087604910136,44.28888462483883,20.450586695224047,5.543923493474722,161.36902313958853,2942.06959893927,0.27080368250608444,combined,0.0025294353341683744,0.18413377554155885,0.7361385978758335,0.0013526466235518455,14,0.005377821918111295,0.025259966775774956,11,3,0.006797441176138818,0.008435213265940546,244.1309103,577019264,0.8463312663,90741204.8,409223505,144890341.4,0.001
1a29be9fa0,True,0,3297.7697129249573,0.8217136095277965,0.1805048567429185,0.06221697594970464,0.10563606331124903,0.0679287794046104,0.3827699008863419,0.5172478699125349,51.34603023529053,21.035524606704712,1.9572900272905827,217.62428533937782,2774.361881893128,-0.3129117861390114,combined,0.0032752535063773395,0.3241774990502745,0.5672021169215441,0.002854621585458517,4,0.006750484244897962,0.04975361876189709,7,4,0.005758758408017456,0.007602554373443126,163.248832,621430208,0.811860126,64815241.56,75950113.62,69959109.91,0.001
1a381314f1,True,0,1630.43887257576,0.7878790881484747,0.21907023686915636,0.07828641671687364,0.1643931444734335,0.13638205244205892,0.5971670405473559,0.5876230233814568,54.566305465996265,27.150123491883278,14.42364034987986,53.735554036684334,2973.111225757748,10.257280081510544,combined,0.0038514780734665694,0.21015439770184458,0.7190357573330403,0.0028034241564571854,3,0.009216439814306795,0.03272852651774883,5,4,0.006398350705392659,0.003355459256097674,245.4350095,39020512,0.06177320918,2785072.801,358022244.6,193577232.8,0.001
1a4577ef3b,True,0,2021.280178785324,0.7323826768435537,0.2526640703156591,0.07740685396827757,0.19780810168012977,0.05461542597040534,0.5248910781927406,0.6198825742583722,51.985979210585356,24.675832521170378,0.2689020987600088,135.14856726955622,2961.5186960436404,1.4119398072361946,combined,0.0045699406979605554,0.24398832036182283,0.6294320009648801,0.006098594494909048,4,0.01453203520271927,0.04663726214319468,5,5,0.008695305484347046,0.010932154620066283,417.3415325,106601440,0.1745814085,13461010.74,247460950.8,55244047.29,0.001
1adfce7fc7,True,0,6020.7958080768585,0.5638536263257266,0.22821960944682362,0.08798872050829232,0.11521450821310282,0.16768192178569735,0.4604098321404308,0.6096503804903477,55.298017244786024,37.76117876172066,8.97536015510559,42.2365494761616,2613.544138148427,-7.963767848908901,combined,0.0014723460676148534,0.18927302304655313,0.6172427687793971,0.0014419694676995277,9,0.0033690713471733035,0.03521633762866259,9,4,0.02215857260860503,0.006161754971370101,163.6250512,419142112,0.2682982273,30058513.1,104476985,108132803.1,0.001
1b1a722e28,True,0,5089.846714735031,0.7381978331133723,0.24185309663414956,0.07643031673505901,0.1586437636986375,0.05198312909342349,0.45311639430001377,0.5796161556150764,46.86379974707961,20.436080805957317,14.478634737432003,81.63987482432276,3854.5569367706776,4.9535325691103935,combined,0.004679782545659691,0.32428211487829683,0.647956768795848,0.002177084356546402,6,0.00446720013488084,0.021973728314042092,11,3,0.009797983040101826,0.008733617737889289,928.0913479,421465216,0.4183072709,42227399.28,1016191518,104907584.8,0.001
1b1bf842d4,True,0,6851.833963632584,0.7330311352387071,0.21922841269522905,0.07338330474682152,0.13708290960639716,0.0746683274395764,0.3500964507926255,0.6447731523308904,55.20861675962806,24.711291678249836,13.914951598271728,65.19863464310765,3395.908144302666,3.3038395568728447,combined,0.0017659526700153946,0.22597253850661217,0.7292215988039971,0.005645964495092631,11,0.014749147860333323,0.04822766248136759,11,5,0.022933714389801026,0.006737135661765933,560.256243,39047452,0.02264179266,3675643.642,209421991.6,98997008.88,0.001
1b38b91389,True,0,9017.937750577927,0.7975593620911241,0.21064466407522558,0.06552679091691971,0.14070359226316215,0.13912406158633533,0.6470078434795141,0.5062677416019141,53.30838343128562,20.59476001188159,10.894885232672095,208.48224268481135,2745.227728970349,-2.093270890414715,combined,0.0011454411769285797,0.27710090144537386,0.5710520381107926,0.00773514344021678,9,0.005070888962130994,0.03036135073751211,11,3,0.015957570480182766,0.014557489154860374,398.6099566,279155008,0.8594727657,63402766.95,252999571.7,162367033.4,0.001
1b96d73ad6,True,0,12146.34908413887,0.6785507631488145,0.2361583744361997,0.08411277193576097,0.19386987956240775,0.154670306108892,0.5083808857947587,0.6382714420557023,48.926356453448534,32.93662706390023,7.191955944523215,87.49056090787053,3779.4652208685875,2.4446910843253136,combined,0.0003931635075248778,0.2650516976509243,0.7176732888445259,0.005488464598357678,11,0.005984582595527171,0.024531033746898176,11,4,0.022753809086978438,0.009654239192605017,841.354459,100951432,0.8097454523,24945563.11,1041649497,403325946.6,0.001
1bc81bf8a4,True,0,4258.314885377884,0.5651458945125342,0.1902433486841619,0.07088321685791016,0.11095603117719294,0.1280320499558002,0.5317665396723896,0.5132626658305526,57.522104661911726,35.29826221987605,11.02857139147818,55.40411051083356,3156.8552125245333,-6.260353542864323,combined,0.0006332634055055677,0.220820717792958,0.5548936629667879,0.006251487912237645,7,0.011573744180146605,0.030719403102993967,9,10,0.014537065462209285,0.0066514988448470825,233.6778576,35061388,0.1545336147,5605081.946,215199049.8,124897354.9,0.001
1bd6145449,True,0,3988.4879467487335,0.6352205174975097,0.21730635987594724,0.07510336677543819,0.1954769144766033,0.1347746098879725,0.4666581129655242,0.5024679895024746,59.30511698126793,35.02649921923876,4.048738349229097,151.37485223263502,3794.641370419413,1.0410134345293045,combined,0.001681006580311805,0.28839943667873735,0.6595396660268307,0.004727648816257715,12,0.005274935582187027,0.04872082863003016,5,5,0.02379638128913939,0.01014808437041938,716.6606189,5.701147443e+10,0.7602112254,530650374.2,391025218.5,307439556.3,0.001
1c4c055a2e,True,0,6053.498571634293,0.5992699966765941,0.25619978478178385,0.06902485457248986,0.17035247189924121,0.0700253885705024,0.37570331301540133,0.6229408388957381,49.33841971680522,20.203213188797235,4.02476186491549,57.36639637965709,2831.3404405489564,3.731553189456463,combined,0.003156793931312859,0.29369684167206284,0.7460859961807728,0.00451492861956358,9,0.006677765707019716,0.03159142889082432,9,10,0.024816297220997513,0.0024516748934984207,216.2715688,35284080,0.04251425511,6197018.756,272147607,55787901.06,0.001
1c8be9e312,True,0,3719.026486158371,0.7990392851643264,0.2788159609027207,0.07538011142984033,0.15579316765069962,0.10191730079241099,0.41639058417640623,0.5044480916112661,45.85210483521223,30.68389516323805,16.929211299866438,117.63051022216678,3071.6143432073295,13.417094342410564,combined,0.0041550066779367624,0.27150417891331013,0.5606664480641484,0.00425374131500721,5,0.010949673221446573,0.04057954091578722,7,7,0.015350449224933982,0.011484717151150105,555.9880448,287501728,0.1476637382,15404224.56,278341992,172869357.5,0.001
1ca18ac0b4,True,0,6456.29408788681,0.7386124487034976,0.21797653988003732,0.06030539089813828,0.16276083746924996,0.07081702146679164,0.41040042717941105,0.6011019235942513,57.82143460586667,28.26397243887186,0.5312293320894241,171.3784766215831,3904.7489031217992,7.0816972479224205,combined,0.001181680319737643,0.29116108716465533,0.591600868664682,0.0039377337619662285,12,0.012776584178209304,0.014636431261897087,7,3,0.022318402223289013,0.011245862776413557,819.5512572,390554592,0.6015359761,36948959.9,1357432577,166656705.1,0.001
1cfc11df23,True,0,2949.117277622223,0.6297543699853123,0.2730900441482663,0.08712819063104689,0.1556093268096447,0.06572616836056114,0.39668684913776814,0.6221899442840367,56.52196830138564,39.96717957779765,0.42018247582018375,180.42163503356278,2634.865019004792,-1.0698397532105446,combined,0.0042054607030935585,0.31753235577605665,0.6446216337382794,0.004713486705720425,12,0.002110074894502759,0.04698295459151268,7,12,0.01011545955017209,0.0030307338405400515,178.9053722,2837527296,0.2755689788,91969083.72,109226778,48729606.91,0.001
1d6ba3326a,True,0,3621.066679954529,0.6964682102203369,0.21163063349202277,0.07209643827751279,0.12296779649332167,0.10084339459426703,0.4690961378160864,0.6022690260782838,40.61755487695336,30.139814373105764,6.1609071381390095,96.37938107550144,3098.7995583564043,-4.01569527387619,combined,0.0029991904797032477,0.2675496901012957,0.568763248063624,0.0056504822738468645,9,0.002886138151399791,0.04528040688484907,5,12,0.007450722385197878,0.014693259691819546,341.8303872,354556704,0.03398785711,10322187.09,146815565.1,117409829.2,0.001
1e0d5a2c1c,True,0,6127.469731807709,0.6290965967811645,0.2690221160836518,0.06373366573825479,0.19640007875859739,0.15919214170426133,0.4817443784791976,0.5443155928514898,45.90431187301874,26.86366744339466,5.239895353093743,98.10723968036473,3871.2816373445094,6.6729830875992775,combined,0.003273900075536221,0.30818229360505933,0.6990796050056816,0.006209109392017126,4,0.007168706968892366,0.03351548258215189,11,6,0.01617542638257146,0.00850303461961448,1070.324415,565428352,0.9627063908,53203139.61,789604675.5,379563747.6,0.001
1e22d03dbc,True,0,4557.153849124908,0.7770807820372283,0.18454547898843884,0.0634174139611423,0.14780647512525322,0.08101334236562252,0.6074117520358413,0.5719099461566657,55.454941634088755,27.79879353940487,3.9011860080063343,117.15359606593847,2953.6380376666784,15.23145317286253,combined,0.0048848977715708316,0.2465277305897325,0.6857386767864228,0.0032628407686948776,9,0.01258925931667909,0.033245123438537125,9,9,0.007367891509085894,0.007344371428713202,358.51692,162490048,1.979276795,18350119.81,300437417.9,77780782.72,0.001
1e4ac456a2,True,0,8747.214706420898,0.7096534663811326,0.23593297546729447,0.0617448909021914,0.15213013999164104,0.08175465967506171,0.36032509002834556,0.6302608124911785,53.480110205709934,22.98391968011856,15.083691420033574,188.1634322628379,3511.00250845775,5.843158066272736,combined,0.0020647622109390795,0.2566847928240895,0.7390633136034012,0.005588464713096619,4,0.004103103965520859,0.03240776859223843,11,7,0.021572833622805772,0.014115865932777524,1086.903251,2411946752,2.409097603,211615458.2,503010642.6,156020800.3,0.001
1eb2dd5a96,True,0,3099.3167600631714,0.7960742634721101,0.2155904613621533,0.07700268474407494,0.19186485316604376,0.11403235807083548,0.660170141980052,0.5694192323368042,47.01921850442886,26.4439595118165,12.662049941718578,155.36684514582157,3246.5938362292945,7.673638515174389,combined,0.004671726056188345,0.34799881315790115,0.5590593654662371,0.005892811516672373,4,0.003562234627548605,0.011794310361146927,5,10,0.01123062193300575,0.01498882550932467,739.42174,117164592,0.300251747,25411833.01,1055663429,185095141.7,0.001
1f19f699af,True,0,4968.390080451965,0.6663189920596778,0.2771208661794663,0.06122897990047931,0.1833980548195541,0.0880790242459625,0.3538341744802892,0.6331056720577181,48.01073871552944,27.532345410436392,17.827018892392516,145.74900471884757,3134.022838436067,-5.809349954128265,combined,0.0028067367759533226,0.292593525275588,0.6420697269961239,0.006169339159131051,8,0.002413475456647575,0.03666618049144745,7,10,0.021383927181363102,0.006529570087790489,439.1601922,1251468544,0.09872944675,25032643.33,364667513.6,125616199.5,0.001
1f3defa7b7,True,0,6964.527078866959,0.7661550760269165,0.24568639650940896,0.08599640962667762,0.14605673365294936,0.12048315051943065,0.5876272339373827,0.544926431030035,53.040674328804016,33.19403627887368,5.547201387584209,138.48762944340706,3289.5930581726134,5.412707485258579,combined,0.0004186563177965581,0.30596616306342184,0.5567975115031004,0.005582282831519843,12,0.005019050893373787,0.028001844361424444,7,8,0.010858346614055336,0.002590937379747629,135.5229475,677614592,1.660542961,84367142.6,482150529.1,278331942.5,0.001
1f402ab63d,True,0,3133.104221343994,0.572530615516007,0.2100796689465642,0.08240700976923107,0.1770347695797682,0.15543438112363223,0.5993591925594955,0.5658779809251427,43.97473447024822,26.10384037718177,17.76542231440544,100.77951352577657,3171.1837840266526,-7.498809464275837,combined,0.0042497424289584165,0.24973668341524896,0.5779390040785075,0.004742413277179003,4,0.006222699602600187,0.03483736980706453,5,8,0.021051367804408076,0.012272385248914362,603.2683858,65963192,0.181228716,10892338.9,338632776.2,130162855.3,0.001
1f58e77602,True,0,6659.092771053314,0.7032550391741097,0.2613270913437009,0.08972957890480757,0.16189193092286588,0.09481983180157841,0.6543107518460601,0.6398962721694261,45.22438257932663,23.477027602493763,13.16100237518549,135.01930077467114,3311.0603848472238,9.737984120845795,combined,0.0018388534270226955,0.30004062976688145,0.5998185684904457,0.005004962191730738,7,0.006311854495201261,0.0330438918992877,11,8,0.016158262864686548,0.011231488998979328,654.3162447,169139280,0.7846110387,32673282.58,437873316.6,171465621.9,0.001
1f901a839d,True,0,1670.4268486499786,0.6208797592669726,0.22897600831463932,0.0700715578906238,0.12671862468123438,0.1318834968842566,0.6592943269293755,0.5334726141300052,42.63389399275184,20.489491000771523,16.564090149477124,38.69793692789972,3857.0775454863906,-3.982909694314003,combined,0.0008955813826993107,0.2812634403351694,0.6282947340980173,0.0033264972932636736,6,0.010839474224019796,0.012951323576271535,3,8,0.008869059592485427,0.004931798895820975,184.4266476,99821312,0.239801527,6183285.122,897756605,321173958.6,0.001
203c3b74ca,True,0,4384.594730854034,0.5712472807615996,0.20417866410687566,0.06273868921212852,0.16580194225534797,0.0774443803820759,0.5844723889604211,0.510958116594702,48.16720185801387,24.33795852586627,9.313167935237288,70.48695046082139,3932.3125989176333,-2.52978777885437,combined,0.0027987332683056592,0.27310471287928517,0.5524521296843887,0.002460862774401903,6,0.0022409718786366283,0.04710194401443005,9,4,0.02281787126325071,0.0022982260975986718,453.6811096,221733408,0.3096717378,28590292.5,359336395.4,135577346.4,0.001
204580f27d,True,0,2952.922714948654,0.5901888460852206,0.23370966345071795,0.06005036769434809,0.11718790335580707,0.15147749334573746,0.6784138543065636,0.5923313863575459,48.309547416865826,27.328692860901356,8.608900917693973,152.27541909366846,2926.9533520564437,11.084457583725452,combined,0.002214432921353728,0.18152675934135915,0.5799422726035118,0.007784215218573809,6,0.00724180835019797,0.014858014732599258,7,11,0.008142884247004985,0.004850868122652173,176.9024355,1536228096,1.551003376,102213201.5,325966446.8,132597889.4,0.001
205252ff62,True,0,7705.36356139183,0.7674837498925626,0.18432116910815238,0.07261400903575121,0.17684333194047214,0.11099600386805833,0.5432153714820742,0.5836905842181295,44.973658584058285,29.89231137558818,13.460603831335902,171.92488668113947,2752.3566521704197,3.396229609847069,combined,0.0028568884492851795,0.25701764213852585,0.6369844265282154,0.0027817299604415893,11,0.007922288251575083,0.025730718225240708,11,10,0.0067802998926490545,0.010942980017513034,287.0149023,2629511168,0.4989751569,82737643.34,384564082.7,104919365.8,0.001
2059f29078,True,0,2720.070811986923,0.6430088830180466,0.2294274531491101,0.08729914284311235,0.14000980937853458,0.14240129366517068,0.4565313948318362,0.512212392827496,42.43079658597708,33.40376591309905,3.780942376703024,97.86535907909274,2513.240030501038,0.10240152478218079,combined,0.0012360304611735047,0.345012277122587,0.6036235326901078,0.006338151393085719,12,0.0102590979966335,0.03875972617417574,3,6,0.022659562669694426,0.005156785100698471,99.42980715,42345716,0.3350399114,10594172.65,117613844.8,84338344.26,0.001
209067aa3a,True,0,8403.90942120552,0.5959396480582655,0.1982063929736614,0.06214174107648432,0.128894538898021,0.13958227885887028,0.3970360320061445,0.63856261218898,49.486092925071716,30.582815371453762,4.4034408275038,140.84642558172345,3005.2102422341704,4.824986942112446,combined,0.0019088531052693725,0.2593436618335545,0.5753319716081023,0.002362337988615036,8,0.014619952913839369,0.04372624952346087,9,6,0.01839454751927406,0.0013336149584501982,124.9907957,581925440,0.305896536,31818567.78,133665023.8,112626432.1,0.001
20929ef2b0,True,0,3811.2010169029236,0.7923738328740001,0.2674632469378412,0.07276030652225017,0.19298845734447242,0.17590606985613705,0.6751268411520868,0.6031634100712836,45.65207149833441,28.77479761838913,6.551365943625569,136.07661568466574,3008.7491585873067,3.3813352808356285,combined,0.004872906116675586,0.2676413225010037,0.6321196686476469,0.0054043188668787484,5,0.010643510604277253,0.028287185057997703,9,5,0.01037124024052173,0.0031819476913660764,428.0590806,756745472,0.2330618556,26496416.58,523053537.7,266095335.1,0.001
209a496abb,True,0,4048.7558534145355,0.7303412883542478,0.22869627421721817,0.06617151877842843,0.16460768599063158,0.12486973656341435,0.5161560622509569,0.5099422560539096,53.26292308047414,35.14774985611439,11.565565176308155,164.83266922086477,2800.92733213678,-2.952968545258045,combined,0.004899619045294822,0.20515736801549792,0.5904370471835136,0.005433194060623646,14,0.014972943229135125,0.011140703819692135,7,6,0.020997790516354142,0.012203140845522282,517.2167482,524096256,0.2251962802,27826628.82,545551085.8,86114133.14,0.001
2136f45f9a,True,0,8844.589585065842,0.7492588512599468,0.20430872889235616,0.08833449628204107,0.17331474730744958,0.10260820123367012,0.6852389597333968,0.5914116038009525,40.803727116435766,27.77078852057457,7.4634435418993235,124.89660042058676,3679.9074979498982,5.336898468434811,combined,0.0003694240568205714,0.2443192083481699,0.7445161566138268,0.003059167595952749,9,0.011609665228519589,0.010273236446082593,7,11,0.016951903684064747,0.01410287236049771,729.8863041,608780800,7.1952664,99804542.4,1361740173,261351864.4,0.001
215e7f3a99,True,0,6719.912167072296,0.6135147117078305,0.24143174367025497,0.08836954155005514,0.17541629020124674,0.13554068705998362,0.5481190123129636,0.5935382084455341,54.35380408540368,23.428182676434517,11.493330689147115,144.97304965462536,3180.499432608485,-7.027498736977577,combined,0.003109630469605327,0.22925628097727893,0.6448542395606637,0.005334455670416355,8,0.0054586678259074695,0.018414368890225886,11,9,0.01928689277358353,0.014529898103326559,867.2085684,2020597376,0.9176044876,95032261.98,622740339.4,154078614.5,0.001
217c777576,True,0,7838.487829446793,0.7659055372700095,0.2568721187487245,0.07775239340029656,0.12170030949637295,0.13741951845586303,0.43137477505952115,0.5714946914464235,42.313035149127245,22.51283960416913,15.954088093712926,153.25393375661224,2644.8159138672054,-1.1951531395316124,combined,0.0020401305610314013,0.26708122463896866,0.6743560876697302,0.002332056747376919,13,0.011526606837753205,0.016876208484172824,9,8,0.02058608279749751,0.008448199719190596,267.8385468,628805568,0.1419378835,19320841.37,286494156.7,118252129.5,0.001
21a2dce37c,True,0,4529.462428331375,0.6295786176808179,0.26096716273576026,0.0768073691893369,0.11107667032629252,0.06394108938984573,0.4301399940159172,0.6127390662673861,44.64754769578576,31.58808331936598,0.6792752165347338,123.5173779334873,3681.8912695162,3.991574890911579,combined,0.0034849415617994963,0.2785150639619678,0.6887060547247529,0.006324175535142422,12,0.013845988154411315,0.03553651005029678,7,8,0.00893949785642326,0.012287811417132616,605.6062691,246650880,0.2428288479,27018954.51,297752111,90423954.71,0.001
21c2c6e669,True,0,3162.3385965824127,0.5509354136884212,0.23286308890208604,0.08014958747662604,0.15494413562119008,0.14537222334183753,0.581418441236019,0.543260725447908,54.123051818460226,24.969158321619034,16.003183733671904,55.1621482623741,3392.4606535583735,12.285737976431847,combined,0.002671129658166319,0.1826629309915006,0.7470297148451209,0.006352841255068779,11,0.007531660416629166,0.03670562915503979,5,10,0.02389923145342618,0.009881430380046366,583.2423739,494019488,0.1725436426,28854171.36,319610037,165024403,0.001
22e62afa53,True,0,4127.050075054169,0.6697992918081581,0.21721574619412423,0.06285097475163638,0.16895703868940473,0.11866414886899294,0.6352118716109544,0.585995755949989,49.19713098555803,34.59550930187106,13.032613830640912,133.4999193707481,3172.7747237309813,-0.12485408782958984,combined,0.0036676967116072772,0.3265777582116425,0.6405481852591038,0.003984245351701975,7,0.008538546551484614,0.025375727452337744,11,7,0.005404724975116551,0.0030472436137497423,289.2237476,436768960,0.3614037022,21275493.41,509151571.9,142311862.6,0.001
2308fd50ae,True,0,3358.505173921585,0.7441569762304425,0.21334699738770724,0.08492732911370694,0.16941361455246806,0.17878263271413747,0.3711432233918458,0.6128802562132478,59.96918506920338,26.86759438365698,2.6171722020953894,83.23227811791003,3107.879056595266,-6.598819263279438,combined,0.0028306866000406446,0.27753574156202376,0.7349721590057016,0.0035942219525575635,6,0.00576983328256756,0.04427263919264078,7,9,0.002778194940648973,0.005825450167059898,254.718198,101016272,0.1209355226,12214539.36,251984616.3,266376418.8,0.001
233c66d055,True,0,7732.531617641449,0.5617145772092045,0.20607082491740586,0.08254108811728655,0.13105164878070355,0.13443674026057126,0.41820980203337965,0.5446059046778828,45.05824422463775,29.158215802162886,1.2954392787069082,131.10554062016308,3100.139423739165,3.545620135962963,combined,0.0047665686681866645,0.2161488885898143,0.6063524072989822,0.003090116975456476,12,0.011980885718017815,0.0145858558639884,11,3,0.020441334807313978,0.0019341326951980591,283.30473,1515073920,0.2205720506,51401764.69,431369017.4,83107352.58,0.001
23bde1724b,True,0,2998.1862037181854,0.6402247224003077,0.19055244654417036,0.08984179764054716,0.15320690367370846,0.19400823437608783,0.49639842011965807,0.5063018707558513,54.29424297064543,30.610813088715076,7.030744839459658,128.00427911337465,3730.782613158226,14.618295766413212,combined,0.0034912737214006485,0.2567375707253814,0.6415316065773368,0.0021586378328502178,7,0.009368855088483542,0.020411650128662587,7,3,0.005924545812420547,0.009613963346928357,537.3550892,5212502528,2.093810209,132887431.9,817784059.8,338585940,0.001
23ca0086d8,True,0,3005.9098947048187,0.7376985010690987,0.19307630883529783,0.08537179081700742,0.10325199738144875,0.10826314999721945,0.6571434229146689,0.5105045958422124,43.71203510090709,22.697237357497215,16.356820972636342,131.8299401337281,2983.1469929777086,4.392773859202862,combined,0.002140049290470779,0.3159110708069056,0.6859160596504807,0.007770666556060314,5,0.010368533494882285,0.02867879617959261,5,11,0.016249703035689893,0.006751203399151563,241.133557,335670432,0.1482004624,13220362.29,218769547.8,121209717.1,0.001
23cbce3a5a,True,0,3228.433176755905,0.6947816712781787,0.2164555763080716,0.07870384530164301,0.1259167508222163,0.19430950651876633,0.3792517885100096,0.5314262825530023,52.42661811411381,23.243576735258102,1.7498770840466022,178.69554194808006,3409.6123101189733,15.91476060450077,combined,0.004527790479362011,0.27415781940333545,0.7248403195291757,0.007297058865427971,6,0.007967841766308994,0.03422145865857601,9,5,0.024570595223456622,0.005728115180507302,673.4352594,793563776,1.633400638,122041718.2,322098667.9,280854055,0.001
23ec1d769d,True,0,8083.336631536484,0.6579249303787947,0.18468161227181554,0.07974763141013681,0.16933990446850658,0.18860049140639606,0.6904707483947277,0.6097914618905633,57.6086207665503,39.782762713730335,1.1072928104549646,104.73610571399331,3049.4607551954687,4.497579522430897,combined,0.004674718456808478,0.26538228323683144,0.6092052964493633,0.0028958602473139763,4,0.0030621933094225826,0.038629425503313546,11,9,0.002904713147319853,0.011731144791468976,449.0903607,391219808,0.6582038054,23826504.71,273901003.3,181375453.3,0.001
24a7eb81a8,True,0,9188.169395923615,0.7359694952145219,0.2684795317426324,0.060944295655936,0.16604253817349673,0.061038418160751465,0.627514477726072,0.587953416351229,44.501071479171515,31.03064639493823,9.942158723250031,47.685699339956045,3019.6994403377175,-6.705984018743038,combined,0.00048335803253576155,0.25125414338894186,0.5842232648283243,0.0020618333488702776,9,0.009019756046589463,0.028082049638032916,7,12,0.0031048397971317173,0.011711569923907518,114.1541441,214278224,0.09712227051,9593668.371,423002380.5,110067945.9,0.001
24e862869b,True,0,4641.612543582916,0.763377427868545,0.2752785824425519,0.07627146502956747,0.1727621529251337,0.07315684705972672,0.533342895284295,0.6217019984964282,55.21909821778536,33.63906683400273,10.549991995096207,167.98365507740527,2611.788982991129,-6.0959580689668655,combined,0.0027863900135271253,0.30846252144314346,0.678651363402605,0.005930430027842522,12,0.008645566942635923,0.03756867319345474,7,8,0.013802244921214879,0.009825506580993532,275.162528,213592720,0.1245359866,18019226.74,213347677.1,70796392.84,0.001
2516f7cc73,True,0,1557.5551128387451,0.718388591054827,0.21177742725238205,0.08723068987950683,0.11327076898887754,0.06627937704324723,0.5146860477980226,0.6346259112469852,59.31993540376425,22.628636602312326,1.1743820328265429,231.72674163337797,3218.7235094606876,5.440980985760689,combined,0.003959550488460809,0.23717942249961196,0.6396830327808857,0.006042715357244015,9,0.004730530279688537,0.03277018807828427,5,4,0.012994446404278279,0.003768703496083617,275.8416103,6896062976,1.653057568,213002140.7,262517595,71485948.94,0.001
253ef1a345,True,0,8893.528017997742,0.6183965997770429,0.222499469127506,0.06932519590482115,0.10776211470365525,0.1035711271222681,0.40889754034578796,0.6444271924905479,46.89589932560921,27.452074568718672,7.889931304380298,133.01020540110767,2512.450576759875,-7.324697531759739,combined,0.0018186485257931054,0.23164192707277834,0.5660354873165488,0.0024297606833279133,10,0.007982951747719198,0.020721404589712618,11,10,0.0038061809511855246,0.010157236104831099,102.7506571,179724256,0.08672121656,13392423.94,158767256.8,60149706.38,0.001
25cc16cd32,True,0,4276.930228233337,0.6016007706522942,0.20548257848247886,0.07727258465252816,0.1590859434567392,0.08713853587396445,0.4086638275533914,0.5019228199031204,40.531036388128996,34.93265699595213,13.849750969558954,36.42994681093842,2944.895864930004,9.788722977042198,combined,0.002345613286085427,0.22133031668141484,0.6168449087068439,0.001901098386198282,13,0.011246299730613828,0.04287823617458344,5,11,0.018997968804091214,0.005869195600971579,230.505251,65180604,0.01683992556,2723601.629,179101073.7,61149908.44,0.001
270f36d1d6,True,0,3416.6889798641205,0.6936479680240154,0.1978577390499413,0.0665557237342,0.11840625423938037,0.11295068562030794,0.3615878448821604,0.5512682604137809,55.421652030199766,26.26068390905857,6.767238842323422,202.6837150072679,2674.3929190561175,10.008416123688221,combined,0.003705446479842067,0.249721135282889,0.7493503933772445,0.0030535836189985273,7,0.0038806951814331116,0.0463294430449605,5,11,0.020014717319980266,0.008866121539846061,255.7263582,1611570944,0.8470637274,113452801.3,85283888.05,79147529.79,0.001
2754837370,True,0,3461.6216020584106,0.5575993211939931,0.2527964932098985,0.06388364871963859,0.11934117320924997,0.1809709744062275,0.4302105682436377,0.5077638016548007,54.83231199905276,32.906182426959276,4.154829405248165,100.30280793365091,3053.207232616842,-5.852817542850971,combined,0.004988529706560075,0.2682537221815437,0.6530120199546218,0.00534057501628995,10,0.004503992632962764,0.041487277857959276,7,6,0.013065986106172205,0.0013087324891239405,271.2719832,153831248,0.3342772458,25913173.05,129034094.3,140911330.6,0.001
278ab4c65c,True,0,5242.9154896736145,0.8011639037169516,0.1889715681038797,0.08105642731301486,0.1231470505706966,0.13271937100216746,0.4978995265439152,0.5469859620090574,40.83446187898517,33.86354995891452,1.4255623910576105,174.42523297201842,2873.080732766539,0.12405578047037125,combined,0.004107514355983585,0.2817255517467856,0.616065458022058,0.0036736627876758575,5,0.004561574446968734,0.014308981075882913,9,10,0.021907060215249657,0.008091267995536326,451.9451375,169709680,0.1807537594,23357749.23,416672121.8,152084835.9,0.001
27ba444421,True,0,5113.4388110637665,0.6337398249655962,0.25950117085129026,0.06506163060665131,0.17851039189845325,0.07946822121739389,0.6238696942105889,0.5679664358962327,53.832905534654856,31.920679658651352,13.283974215388298,93.03597280569375,3217.796250246465,10.953465893864632,combined,0.0008816941918805242,0.21131389155052602,0.7127469189465045,0.007319105443358421,9,0.005152934395708144,0.029410553835332393,7,7,0.02290702690370381,0.0031234089657664298,223.7664484,130267896,0.2688870503,25172609.91,481557975.2,137066013.6,0.001
284c00d931,True,0,2616.1646151542664,0.7241068656556309,0.2791252260282636,0.0638996805343777,0.11051800502464176,0.07369744726456702,0.6554389277007431,0.5163804907351732,42.21409318968654,35.99614089354873,1.1169020254164934,41.20220491103828,3646.1016102693975,-7.273595325648785,combined,0.0023205292771570386,0.31230682044290003,0.6490652455016971,0.004718878395110369,5,0.009568604646250605,0.01086752898991108,5,10,0.006738280527293682,0.004796559821814298,292.0063127,1869691904,0.04789555375,20874119.27,775618859.1,202093766.4,0.001
2876b06ee9,True,0,6876.517881155014,0.6774473423138261,0.1801084324903786,0.08754205324687063,0.1669965003617108,0.05900897486135364,0.3630150930024683,0.595091981254518,52.18194171786308,33.78010267391801,14.972709439694881,190.53797175735235,2993.3178345672786,3.4953373670578003,combined,0.0027349567613564434,0.19794193455949424,0.6985415993258357,0.0030206248223781586,4,0.014109113411977887,0.02975854888558388,11,8,0.010774379341863096,0.007216699922457337,309.7865043,449060608,1.036238517,65774037.84,371790124.8,56349952.12,0.001
288e715f04,True,0,6625.932106018066,0.7853280517272652,0.21663616543635728,0.08092014608904718,0.18020672891288997,0.16934378733858468,0.6424646947998554,0.5577364784199744,44.46183990687132,36.08763551339507,11.313748430460691,115.37857752013952,2720.87446693331,9.435770109295845,combined,0.0005549402932636439,0.19523687301203607,0.7050237873569131,0.00155,7,0.007807795988861471,0.01707851216197014,7,3,0.004687462901696563,0.006490135096013545,65.19252596,503948128,1.510068987,48084980.78,494439013.7,220800769.6,0.001
28a1de1dfe,True,0,3966.0461955070496,0.7052337053231895,0.27267153581604364,0.07399098574183881,0.11380939949303866,0.07884998586960137,0.4559352328069508,0.599804975790903,45.9190920740366,34.23142975196242,7.005752619355917,71.23054150957614,2947.1901804208755,2.846501864492893,combined,0.0011370136658661067,0.2146158089209348,0.6001366203650833,0.007595361196994782,7,0.0024312990121543405,0.047513041421771054,9,7,0.0038875187169760466,0.002576759910210967,100.9377473,171494960,0.2802100435,37353229.26,101682330,118864519.7,0.001
28b8b2bb9b,True,0,4940.660119056702,0.7412882114760577,0.2783694788999856,0.07809131914749741,0.14706077510491014,0.11274771057069302,0.49981343108229337,0.590211889706552,59.85873153433204,23.26782939955592,10.955786481499672,38.03447915799916,2824.5257758535445,-3.7797106355428696,combined,0.002386638547014445,0.23492626832798122,0.6100835919380189,0.006321442122757435,13,0.0021020996058359743,0.03844504423439503,9,6,0.015708977775648236,0.006081580992788076,273.0212251,338856512,0.0798980736,19165997.46,203795387.5,149247875.7,0.001
29b6adc288,True,0,8292.66846871376,0.6645111119374633,0.2304580356180668,0.08987254246138036,0.10782859884202481,0.10205359556712211,0.5897980210371315,0.5991910438518971,43.63070588558912,34.78718031197786,8.960325317457318,70.25177624635398,3466.5025626309216,-1.159276470541954,combined,0.0005964202856644988,0.3459219794999808,0.7399834394454956,0.0035314495645463466,12,0.008745771513786168,0.029485992826521396,7,3,0.014073005253449082,0.014568267144262789,403.173009,199003952,0.1561530573,10873191.72,321406655.7,190365540.4,0.001
29f388b100,True,0,4855.52441573143,0.703548310790211,0.2677315685153008,0.07684660546481609,0.13586235847324135,0.13536570253781977,0.37052156943827863,0.5289974270388484,56.497724149376154,22.375227361917496,3.1550295911729336,206.12618475873023,3539.2704559490085,7.642651401460171,combined,0.0019309518878348171,0.2186714882031083,0.6561622478067876,0.006057111570984125,9,0.007473464569542556,0.03169572543352842,5,10,0.02091809616796672,0.010667277792468666,620.2027117,3393203456,1.043666092,104752610.4,446922565.7,283119720.9,0.001
2afa5904ba,True,0,13437.343042612076,0.6832256740890443,0.205806818343699,0.08142474068328738,0.19439159855246546,0.1700773624237627,0.35131381237879394,0.6079899888951331,54.59158569574356,28.160879835486412,10.856642346829176,184.8346509654075,2500.5124039016664,15.005797788500786,combined,0.0026814686819911005,0.20240057968534528,0.6584239197894931,0.0026151955254375935,14,0.007261174645274877,0.04706088364124299,11,7,0.019590199976228177,0.012417435245588422,375.4378762,825807808,0.5893659788,81973388.42,131105926.5,93623999.59,0.001
2b40540fbc,True,0,12350.44657588005,0.727368279825896,0.22029779797419907,0.08176611796952785,0.17587639568373561,0.10676368144340814,0.5671609605196863,0.5272793647367507,40.50642305985093,31.001969538629055,10.387689800933003,181.6668589245528,2659.7856604494154,4.974377423524857,combined,0.0011752485434524714,0.21382090281695126,0.5555489517748357,0.0017166707672178745,4,0.005283218692056835,0.03721516720950604,11,8,0.009012066381052137,0.009906798103824256,184.7174916,378327104,2.210679353,85083434.66,222097991.8,113000555.7,0.001
2b93d6755b,True,0,2714.118602514267,0.6306706187315285,0.24799089601263405,0.06719457305967808,0.11509692082181573,0.10287693762220443,0.6763257926795632,0.5643982333131135,41.945173535496,34.127607364207506,16.51208847016096,136.63486903253943,3500.8371989242733,2.220368556678295,combined,0.0026596284221857788,0.289456952707842,0.726448455825448,0.0013464304432272913,6,0.007744807382114232,0.031030191741883754,5,4,0.005496163775213062,0.014525392357259987,330.6312444,267405360,1.966162109,56368922.83,325995439.7,179798441.7,0.001
2bbd6ff835,True,0,3663.069338321686,0.6909385932609439,0.25801610892638566,0.0608647592458874,0.160369133297354,0.1618229904677719,0.466013700934127,0.5004953646101058,50.4015676304698,28.249485585838556,9.333421278744936,44.173542097210884,2897.7341018617153,2.7622524723410606,combined,0.003382522912323475,0.2597530198842287,0.6797740193083882,0.002958656084537506,8,0.010153952394146471,0.0176003847271204,7,3,0.013638051560148596,0.01072181810066104,345.4113763,52633668,0.0607197764,5175453.981,466475802.3,170736090.4,0.001
2c8d4507b4,True,0,8754.228056669235,0.5892757595516742,0.18764779793098568,0.07788034139201044,0.19563453821465374,0.184550022892654,0.5927199019584805,0.5989822872448712,48.784456327557564,22.33331484720111,16.184755755588412,69.00428684800863,3343.7776882201433,-1.4102511703968048,combined,0.0010693180316127837,0.3444377234112471,0.6246232887730003,0.003150509539991617,8,0.010905917448922992,0.03823690265417099,9,9,0.007653952853754162,0.00985162206366658,305.4678725,92037992,0.1610259984,8331986.495,403736345.2,225972788.2,0.001
2cab7de271,True,0,2463.4141874313354,0.6887792652472854,0.27398736879229546,0.06313666697591543,0.10908722709864378,0.05728645226918161,0.6689187108073383,0.6062939261551946,47.06709051504731,38.05954718962312,16.89742492698133,59.95621222443879,2923.396765254438,-3.67922779917717,combined,0.002618155100662261,0.21870271603576838,0.6731358041986824,0.006560777188837528,7,0.009817371841985731,0.03700500763952732,9,3,0.020332138950936496,0.009344619745388628,389.6311735,112930456,0.06204233683,5834892.588,149846394.5,56445437.19,0.001
2cf75c306b,True,0,13572.126147985458,0.8122983758337796,0.22228475335985423,0.0764885638654232,0.14019227335229517,0.1812485707458109,0.4802312785759568,0.6147186006419361,50.51215311512351,37.24792141467333,13.568470710888505,143.80600476451218,3184.267169330269,15.621317863464355,combined,0.0013231955324299633,0.30662284556776287,0.5875790655612946,0.002290697305649519,5,0.003120184923056513,0.03360028520226479,11,11,0.005885594772174954,0.012735772218555211,327.5164212,601599040,2.225554025,151803566.7,355327917.8,380501058,0.001
2d26d66aa7,True,0,7943.6514303684235,0.7830453597009182,0.27742486570030456,0.07255599168129265,0.12050269627943636,0.15577229182235897,0.5598627381958067,0.6189395851455629,58.67091488093138,33.10979610309005,12.542750682681799,53.54665114264935,3583.7277085520327,-7.220164559781551,combined,0.0018136006151326,0.19332925646565854,0.5766986761242152,0.0026984421603381634,11,0.006520575664937496,0.039847568944096565,11,4,0.00853644655738026,0.014022990301251412,625.9890224,59699392,0.06400064949,5759148.004,308312702.1,446204697.3,0.001
2d85e6ccad,True,0,3155.7581038475037,0.681037624925375,0.26551915036514406,0.07991002254188061,0.18580374009907247,0.05415992219932378,0.5314174395985901,0.5247969879768789,45.8103259652853,34.62430085986853,11.777459302917123,203.16062107961625,2787.999012041837,11.843259163200855,combined,0.0029665875734761356,0.2683834858518094,0.6243738655000926,0.004329407718777657,12,0.005527122896164655,0.03999230068176985,7,4,0.011311951473355293,0.004742019513621926,206.4608251,291484672,0.3615159437,44538924.4,234970350.6,57955920.4,0.001
2dc9a4b53e,True,0,9743.005102157593,0.8096700373105705,0.246630622651428,0.06522395694628358,0.1226114746183157,0.1483481356408447,0.4718647689092904,0.5185485322959721,54.23046523705125,23.044467139989138,7.265998709946871,115.85527017805725,2554.741269443184,7.962743476033211,combined,0.0009907978833653033,0.34673243436962364,0.6300530292093754,0.002089359264075756,13,0.0027074970714747906,0.02909920997917652,5,10,0.01806456649675965,0.010617849104106427,175.0814234,229654832,0.1994510042,38406083.2,180327658.1,162439292,0.001
2dfb55e0f1,True,0,2060.3100650310516,0.5735972833819688,0.25492020102217794,0.0835809285286814,0.1543630096130073,0.08023424320854247,0.5514661014080047,0.6125963386613875,42.01612813398242,30.79960860311985,8.556401051580906,77.54303055256605,3291.4506010711193,15.50953946262598,combined,0.0025932640831917526,0.19676680502481758,0.6846230894327163,0.005081798179447651,6,0.012729762665927409,0.038314832001924516,3,5,0.017044288602657616,0.0056072546429932115,263.9218569,109896544,0.3079231523,20663380.42,273813285.9,107454498.5,0.001
2e315953c0,True,0,4520.939198255539,0.5505834600888193,0.2020548728480935,0.08991412058472634,0.10736663397401572,0.1641324696596712,0.3534996834117919,0.6311623571440578,55.98594514653087,21.916596330702305,13.979990741237998,107.44496841263026,2763.861972372979,12.107489451766014,combined,0.0005123532241210341,0.19190527369268237,0.58488829433918,0.00155,12,0.013419803846161812,0.03277349445968866,9,7,0.007384309724904597,0.00483648433163762,65.74106421,229219104,1.299773469,31340833.02,121851088.5,88294065.96,0.001
2e89eb7264,True,0,5849.080178499222,0.8127658446319401,0.19260225120931865,0.07441092073917388,0.16110030738636852,0.06143749649636448,0.3708506371360272,0.5079430527053773,49.471614472568035,28.009822238236666,1.654191892594099,59.21639836858958,3908.510572742671,1.7492381408810616,combined,0.004335418844036758,0.2665691728238016,0.7238842597231269,0.0009760792098939419,5,0.00836141037940979,0.03776584602892399,9,7,0.007637490469031036,0.009093426397070288,831.3239903,68044856,0.2350389121,9098588.704,681584913.3,178956630.6,0.001
2ee8efb0f1,True,0,1658.5673139095306,0.6058637940324844,0.19434194687753917,0.07560839041136205,0.14730821438133718,0.10102812740951778,0.3665316489059478,0.5172094693407416,53.6835509352386,31.51478109881282,10.319100838154554,80.97915203310549,3411.9122372940183,-5.509443558752537,combined,0.004711047236248851,0.3007320298999548,0.6281431796029211,0.006748610334843397,7,0.008882634719833731,0.01637095957994461,7,9,0.012370068280957639,0.008466731609776616,556.2264059,30060072,0.04604681437,4514072.837,668909332.1,100572858.5,0.001
2f19f8ef72,True,0,4619.944835424423,0.7485751531086862,0.19091371225193143,0.0672100140620023,0.1988513912074268,0.1164051773492247,0.3927301660645753,0.5371823018416763,48.1436569429934,20.348676722496748,14.849462807178497,147.6993826283142,3465.9351161681116,-6.733296260237694,combined,0.0039878023893572395,0.26560009055770933,0.6138381123542787,0.00250818445160985,12,0.01422900193138048,0.03268872380256653,5,6,0.0038458345383405685,0.013928832670673727,521.5355243,313325920,0.0958244049,23044703.14,690835573.1,166631628.9,0.001
2f663f66dd,True,0,3048.9107801914215,0.5683975175023079,0.24736007975414398,0.06991191233508288,0.11808565994724632,0.10635406943038107,0.568131048278883,0.5984765487723053,50.823389776051044,25.02295285463333,4.758160488680005,164.08933726046234,3317.2697573900223,3.647978886961937,combined,0.0020446096831001344,0.2848975886031985,0.6381261631846428,0.003898716666549444,10,0.013357132150791585,0.014088371060788632,7,5,0.0050322800064459446,0.011921191150322554,253.8699146,689370304,1.10063275,62804025.14,480396759.9,130488984.4,0.001
2f8e36e4af,True,0,13621.988127470016,0.8143371880054473,0.2735638450086117,0.07572059836238623,0.1435046823695302,0.18985304655507207,0.6037408425938338,0.6461139433551579,47.11376624181867,24.390763621777296,5.207834288477898,74.39209663495421,3647.075641900301,0.1472352296113968,combined,0.0005617614929564297,0.2560468178242445,0.5866467805579305,0.004127270070463419,8,0.005189680424518883,0.048925324603915216,11,4,0.01972891625482589,0.01052180086262524,778.6898817,141544224,1.227048356,25471238.49,290387430.8,654774132.9,0.001
2fb048b3f6,True,0,1768.0706758499146,0.5751405638642609,0.243986012339592,0.06515349106863141,0.16407335838302972,0.08971433872357013,0.3828796754125505,0.58693637563847,59.43989673629403,29.634859636425972,12.19442741945386,174.49566236138344,3435.1888159289956,-7.788662627339363,combined,0.002566025205794722,0.3092298502102494,0.5712392495945097,0.0058463135056197645,7,0.008245342046488077,0.03398841787129641,5,9,0.007081259995698929,0.002351978227496147,242.5804478,244963648,0.3526107629,38172840.76,420023757,125511268.8,0.001
2fc41b01b6,True,0,2887.5636129379272,0.657449259608984,0.20737913122400642,0.07619923031888902,0.13825638275593521,0.05758047252893448,0.5139996347948909,0.5920868556480855,53.912701196968555,22.360741775482893,12.36972375959158,116.21812604274601,2669.9509699828923,2.9489125832915306,combined,0.004104235282726586,0.3322365404386073,0.5662128787487746,0.00512374369725585,6,0.0015286185834556818,0.03622217800468207,5,10,0.017924552097916602,0.011191214796155691,309.8506815,320557664,0.1102652664,19554302.85,160310429.9,23845742.53,0.001
30040010b0,True,0,5886.582130432129,0.6931486717425287,0.23726092010736466,0.07163275611586868,0.16930735856294632,0.056670593190938236,0.5738053198438138,0.6133471729233861,54.78439262136817,29.312057457864285,4.883564807474613,146.4542023902759,3487.9264724440873,11.317518301308155,combined,0.001250910036917776,0.26305700371041896,0.5872608557343484,0.005048477901518345,4,0.011482663855422287,0.04307174570858479,11,3,0.0020742277931421996,0.006883698804304003,204.0826993,142353648,0.7375441883,27150682.16,367849431,124480021.5,0.001
30189e00ae,True,0,5238.426265239716,0.7349090964533389,0.2578494643047452,0.08299895281903445,0.1936295606195927,0.08415547101758422,0.39451038897968826,0.5313019857741892,47.18066433444619,38.296167850494385,3.687806189060211,245.26810976490378,2811.798149254173,5.317597448825836,combined,0.0038785478852689267,0.2725974486488849,0.6519628930836916,0.002605524317920208,12,0.011640740748960524,0.04550002690404654,7,7,0.019130781465210023,0.011510199835523961,465.2220948,287540096,0.1165760748,23268515.12,215468529.6,75630288.41,0.001
301aabd991,True,0,7721.7059869766235,0.5621440974995494,0.19531776655465363,0.08508374649100005,0.16295086881145837,0.19556523631326855,0.38159501813352104,0.5481713711284101,58.22891375049949,26.990150026977062,4.805240197107196,100.11387512926012,3567.2241812571883,12.62822575867176,combined,0.002289722031913698,0.3059135203715414,0.64505547080189,0.005462901865690947,7,0.014449806846678256,0.04624323543161154,9,6,0.0022804663311690094,0.011531935941427946,369.8177645,978346560,0.5350087688,37307019.3,257648695.7,229927135.1,0.001
3075c9538a,True,0,4357.212552070618,0.7941206835210324,0.2381444866023958,0.07286586047150194,0.10941317593678833,0.13460286399349572,0.4648962430655956,0.5765604125335813,49.680908899754286,21.00056119263172,16.418657574802637,194.3815767681226,2950.017921626568,6.08225554227829,combined,0.0013937000437639654,0.18806235512718558,0.7467853128910065,0.006343796249479056,6,0.013362016340252011,0.020599984526634217,7,8,0.016135764912702143,0.011618163598701357,331.542915,1082289408,0.8687228312,70144788.21,320609556.5,194650744.9,0.001
30a1d58aab,True,0,7498.943619012833,0.7778080990538001,0.22303214848041536,0.06134625708684325,0.15790258990600706,0.10425753206945956,0.5615337400697171,0.5589944899082184,48.454775009304285,26.217003855854273,6.837921168655157,114.2389860926196,3420.75713025406,-0.4169940799474716,combined,0.0021831453423015773,0.3392846175748855,0.6720354299992323,0.005390383778512478,5,0.013386599288787692,0.02725178372114897,9,11,0.02409121697302908,0.010051496060565112,854.9909951,149783248,0.3044713159,11580226.91,620963673,216077525.1,0.001
30dc28f491,True,0,3475.1434450149536,0.5813179111108184,0.2017912926338613,0.07501898822374642,0.15959520097821953,0.18191660731099546,0.5319201020989567,0.6333549963776022,54.902358651161194,22.778618149459362,2.8188073486089706,124.20871862210333,2839.3005509860814,7.751992747187614,combined,0.001180864498578012,0.23213393923826514,0.6056966932490468,0.007071946708858013,4,0.008103565217927098,0.012878978960216045,3,11,0.005110960654914379,0.009376650189980865,120.5182289,315412832,0.4500815442,28951479.28,446676343.3,139486829.9,0.001
3131de2e2f,True,0,6355.1439089775085,0.5805176352150738,0.23347995180636646,0.0849153545871377,0.10269119627773762,0.12569294855929913,0.4139404250308871,0.5689094247296452,55.515395030379295,20.352254435420036,0.9395214412361383,65.58141080476344,3324.345930479467,7.573575422167778,combined,0.0033348356598056853,0.24071744320914149,0.6686041045933963,0.0014801285445690156,7,0.014014737993478774,0.0164492703974247,11,5,0.023108065892010927,0.007859079601243137,585.0129378,144553200,0.1621454927,13207361.91,387164616.5,134173925.9,0.001
31e128aab6,True,0,4312.240350723267,0.8428781667724252,0.27583299225196245,0.06837372433394193,0.13986160922795535,0.0828639229759574,0.35813957429490983,0.6089018332306295,57.09493154659867,26.781133376061916,9.716935895383358,103.99346977565438,3259.279969613999,8.567015528678894,combined,0.004600128934811801,0.22460749737918376,0.615918536297977,0.007340244891494513,6,0.011541678145062177,0.048061814270913605,11,7,0.005053970237262547,0.00762845056131482,505.5071495,55816084,0.03750661587,5165150.307,215187025.5,166263278.7,0.001
325b16cdf3,True,0,2939.466668367386,0.604898408614099,0.24687602596357466,0.07921354902908206,0.11361033134162427,0.1875985040329397,0.5117252394091337,0.5497658804059029,45.510990135371685,30.515056680887938,2.283602060750127,196.6354350503534,2627.804704476148,-6.556410610675812,combined,0.0023919258957728743,0.21111170503310858,0.5599389025941491,0.002481182009726763,14,0.004133103299885988,0.011610039435327053,7,5,0.0239423990175128,0.006638405136764049,196.9519505,220494864,0.2413810872,43102708.64,254357885.8,127588871.4,0.001
32ae11cdb7,True,0,2579.2899589538574,0.828547566011548,0.22489029794931412,0.07324658249504865,0.19999265586957338,0.1679353884421289,0.5525199740193784,0.5973578728735447,41.21106097474694,35.349139124155045,3.7488706167787313,74.21677142567933,2755.208756774664,6.628137938678265,combined,0.003187128866184503,0.23046434983611105,0.7160929514095187,0.004033288081735372,10,0.00870163856819272,0.043661754801869394,5,4,0.01901447441522032,0.0068611082322895525,296.1889907,60136592,0.1498042589,10021829.45,253522817.3,201330739.9,0.001
333088b715,True,0,7712.213642120361,0.7468772027641535,0.23799039099365474,0.0631948111206293,0.16514203874394298,0.16987898959778253,0.4882363710086792,0.5695911556482315,50.12238673865795,21.36797619983554,6.858175618574023,140.4438570505008,2750.294776633382,-5.706093154847622,combined,0.00164808941623196,0.19855224641039967,0.5945657201111317,0.006790149062126875,8,0.005478250009473414,0.03808531250804663,7,12,0.015284804872237146,0.0012177471555769443,134.1065608,310542240,0.156671291,34984249.61,222358911,189416701.6,0.001
3338957ffe,True,0,6873.60534119606,0.6922221682965756,0.25162491455674174,0.08051285941153764,0.19679865632206203,0.07109017204493284,0.4508705262094736,0.5574339488521218,57.444451842457056,21.26476900652051,17.745163606479764,126.99026954825968,3655.018037185073,-0.7058651745319366,combined,0.00486899582259357,0.28437923276796934,0.6554591149091721,0.00788416429758072,7,0.01434610263397917,0.020489579774439333,11,8,0.018010375663638112,0.006709653299301862,1029.49981,94522504,0.2832474301,20697373.19,1116414519,138756118,0.001
3355d65b8e,True,0,7235.838934421539,0.7715348089113832,0.18617167353630065,0.0843744103051722,0.10629833433777094,0.0954688717611134,0.5244870533701032,0.5358943163882941,54.207478277385235,28.933517951518297,0.7176165394484997,155.0588711462915,3391.466172877699,11.152894236147404,combined,0.0013569241929799318,0.3131635357718915,0.5613672817125916,0.0036641601100564003,13,0.012815223968122154,0.03937038790434599,11,4,0.015004144364967942,0.00610743498802185,353.9275488,139300096,0.4662810529,27114380.54,223448901.4,161075484.5,0.001
33b8427969,True,0,2799.1526358127594,0.5869863787665963,0.2787539668567479,0.08539100144058466,0.1746130078099668,0.08371131145395339,0.6139800573699176,0.5965729123912752,41.757896672934294,28.8976114615798,13.554170010611415,122.62292470876127,3586.8138051591814,-3.794206455349922,combined,0.0016335715517401695,0.18341613005846738,0.7179058704525232,0.004756781502068043,4,0.0026359639149159193,0.030872421562671663,7,5,0.013208962863311172,0.005182525282725691,332.5946454,2041711872,4.429932875,221013946.3,562920318.8,200595475.5,0.001
33e5221015,True,0,2735.315063238144,0.7986588548868895,0.20650411128997803,0.08525907657109201,0.10650539416819811,0.08315809327177703,0.5622774361632764,0.5853138965088874,43.96025825291872,33.73603992164135,15.015880515798926,72.10162302479148,3747.092315927148,13.976222984492779,combined,0.00197630879804492,0.28368835953995586,0.7228444892913103,0.0061405304506421095,7,0.003364187157712877,0.04884708948433399,7,9,0.010336469309404493,0.006029629873111843,408.8051045,1497229568,0.2826619674,27804968.35,195209720.1,229348938.3,0.001
33ea565327,True,0,2707.0057439804077,0.717467708233744,0.21022429887205363,0.061244637267664076,0.10579440379515291,0.11303962557576598,0.6824188173748552,0.6041319996118546,41.74355261027813,36.31170088425279,13.811362205073237,134.7778316428885,3074.9860936775804,3.2366190627217293,combined,0.0038400485537946226,0.27412677902728316,0.7044607186689973,0.0048843968294560915,10,0.009428463344927876,0.03953809734433889,3,8,0.022631102879531684,0.007899016732349991,322.6224041,221562672,0.0885965479,9261868.152,153397515.6,115786091,0.001
34ee05503d,True,0,5699.154729127884,0.6341098393313587,0.22556326931342482,0.07494340145029127,0.13381260782480242,0.09820969374850394,0.48618330084718764,0.6347374282777309,55.729825515300035,34.96309671550989,10.803747961297631,42.44786371476948,3717.8461332805455,10.392886713147163,combined,0.0030373173144645988,0.2190361938998103,0.5506177095696331,0.0017250839248299599,14,0.01274171323981136,0.021104028224945066,9,9,0.004955443998798728,0.011640967924147844,517.6897452,66562392,0.03919696888,4918546.433,686919575.9,147459279.3,0.001
3503c1575b,True,0,9976.161049604416,0.7690566718578339,0.19827004551887512,0.07967862350866198,0.15081897452473642,0.08780567697249353,0.49103269851766523,0.5267416743095964,47.33311951160431,22.00164183974266,0.449408445507288,94.76388395577669,2913.5674820281565,15.46647673100233,combined,0.001480938455276191,0.278133324412629,0.704768305271864,0.0019980667129158975,14,0.004406516056973488,0.048149209879338746,11,6,0.014203532420098782,0.010960253117606043,356.3281545,671861504,0.4211902512,62634733.34,158569505.5,109888371,0.001
36000da1e6,True,0,1810.380640745163,0.6883166912011802,0.18624357685446738,0.07739300016313791,0.11319780396297574,0.07609730949625373,0.5441702413372695,0.5925879294518381,58.25789852067828,30.896634627133608,4.092572031542659,146.22550983075052,2879.7929999418557,-7.542133867740631,combined,0.0032520597807131706,0.225428026933223,0.7169940885156393,0.004954260870814324,12,0.007415086064022034,0.04966344051063061,5,3,0.012862663486972452,0.010551120534539223,245.497876,212905472,0.252877472,12299192.28,83057599.87,52017985.49,0.001
36287a373b,True,0,2050.589544057846,0.7501736694946886,0.22940648823976517,0.06513565418310463,0.10755352005362512,0.06472233012318612,0.4289496593177318,0.5195643478538841,55.1438825763762,23.14162950962782,9.35456020385027,192.15242767333984,3183.111504651606,8.00085674971342,combined,0.0019150053481571377,0.18735829296521841,0.6251836936920881,0.006428037460893393,8,0.011746864821296185,0.026811927258968353,5,5,0.021661126191727817,0.004385503353551029,229.2318242,199271120,0.374873565,33198536.33,306291083.1,96607376.15,0.001
36a73a0e82,True,0,6216.335633993149,0.8378770011477172,0.2391187938116491,0.06737763044424355,0.17505735568702221,0.08697676626034082,0.4580219693947583,0.6205596002750099,44.81220921501517,35.5335464514792,4.436117744073272,204.08622715249658,3070.102145895362,-0.4363279566168785,combined,0.003378701073024422,0.1829639082495123,0.7299215234816074,0.005843993153423071,8,0.009864642682950944,0.03201524581760168,9,7,0.023305989880114793,0.008558101423084736,622.6022795,374979264,0.1454970683,21696532.29,462561904,139087606.2,0.001
36b6da1cbf,True,0,3046.088789701462,0.561548937112093,0.2617372729070485,0.060511221522465346,0.12328803464770317,0.10480165700428189,0.6137490565888584,0.5479838845785707,45.6274850666523,31.37758357450366,8.15899809077382,53.59896576963365,3909.401056356728,6.094558857381344,combined,0.0024571863490156828,0.2589342789258808,0.6686595227569342,0.004919818852841855,8,0.012875074578914791,0.013029253222048284,9,4,0.021218800189904866,0.010734760066494344,933.9636767,114760824,0.2681010763,11911221.03,843879464.5,213208942.8,0.001
36b75746b6,True,0,3912.7783048152924,0.6960039564408362,0.2485931575484574,0.08737364435568451,0.10479447524994612,0.1192155133932829,0.4161249912343919,0.5784579220227897,54.07274363562465,38.56253309175372,11.107746060937643,209.8258819533512,3148.259862791747,-7.94905099272728,combined,0.0017238545577973126,0.3486464396398514,0.6127744168043137,0.00763623768016696,4,0.014570548648014664,0.03762145694345236,7,11,0.014243899093009531,0.012174282241612672,406.5876388,1.181913498e+10,0.2101864735,156294278.5,173182927.8,176351957.6,0.001
36c5254c97,True,0,2783.8358726501465,0.5663547979667783,0.22174450039863586,0.08867654462344944,0.14425402451306582,0.06408741855993867,0.5604588167741894,0.5682609316892921,54.54172037541866,34.56751739606261,16.03237220272422,136.10055387206376,3946.6411620378494,-3.7286485731601715,combined,0.001715794172603637,0.32364287834614514,0.5801849387586118,0.0041457306757569316,6,0.013761627681087702,0.04861141983419657,5,4,0.018548642630688846,0.011443165382370352,626.1187019,1905684864,1.100523793,61965864.14,277386318.1,122330316.1,0.001
37060866dc,True,0,7262.923997163773,0.6566568515263498,0.2773489092662931,0.086081008259207,0.19984788708388806,0.1137986277230084,0.6511199368629604,0.5065278449095786,55.8050436899066,24.464435670524836,9.74887022562325,73.56365960743278,3486.4170690998435,3.5146273002028465,combined,0.0015761377272196114,0.3398290525190532,0.7034000748768449,0.0034601902045309544,6,0.009140468515455722,0.03452697217464447,9,4,0.0129097811691463,0.006146305412054061,391.3363449,1355790592,1.576133877,65897085.96,590407218.8,304195009.8,0.001
376c7166ab,True,0,6816.1344521045685,0.821213874593377,0.25438263809308415,0.06824619789607822,0.15629631755873563,0.12416867781430484,0.6073054232634604,0.5816716815810651,58.23317550122738,23.3067424967885,4.40222286991775,158.6385641535744,3411.3946799188852,0.9903632029891014,combined,0.0010476988299749793,0.3160973974503577,0.7051705600693822,0.0047976596750319,7,0.014365684792399407,0.040824440456926826,7,10,0.02226234290841967,0.009585002142935992,619.841296,354332928,1.110651079,46966023.86,383496432.9,331115469,0.001
37c49412eb,True,0,3678.4758908748627,0.8386235982179642,0.2417944844067097,0.07148968948982656,0.14222231954336167,0.1590377822518349,0.699609742872417,0.6344717620406299,43.67249760776758,27.684479504823685,13.864484746009111,37.170971632003784,2778.0720642767847,-3.497698575258255,combined,0.0020653134731575848,0.29760009355843065,0.6002702612429858,0.0069734444469213485,14,0.00578012459166348,0.016484128423035146,5,4,0.01486986219882965,0.012296450659632682,272.1137136,42729432,0.02117582542,2640254.874,431792708.2,203533742.3,0.001
37e7010074,True,0,4710.820960283279,0.6261393669061364,0.1885639515891671,0.08408789847046136,0.14236098332330585,0.0685751898214221,0.601100387936458,0.542452655499801,58.344605285674334,32.42237040773034,8.637650057673454,56.46592652518302,3511.523508001119,12.143161714076996,combined,0.0036945229357108473,0.18682415863499044,0.6129760175943375,0.007771889080107212,4,0.005368411576375366,0.025454135201871397,11,4,0.0087556964578107,0.014762121323496101,761.1658023,59578816,0.1288251222,6922511.364,542596166.2,72743331.65,0.001
37ec8277e8,True,0,4901.447714567184,0.7434924178756773,0.2716014849208296,0.07500160591676831,0.11865399042144419,0.16001895316876474,0.5752316679805517,0.5507830286864192,50.606635361909866,28.82477529346943,0.03146858140826225,133.62153022922575,3735.752471257001,-7.914525397121906,combined,0.0003620217554271221,0.2696886941231787,0.597147148475051,0.005425646002590656,6,0.011657928532920777,0.04507010839879513,7,7,0.01933707222621888,0.011307846199721097,626.1871689,240610976,7.430101394,81549804.78,259497339.2,509046768,0.001
38119d8a84,True,0,7710.498527050018,0.7396176604554057,0.23092530148103835,0.0730024213436991,0.17228477504104378,0.11752141537144782,0.6128158518578857,0.6239757601637393,54.277831334620714,39.13920562714338,1.7724898494780064,177.95306849572808,3997.928091324866,2.751368224620819,combined,0.0045785240072757005,0.18191168264485896,0.7078998504206538,0.001577810338884592,7,0.009271348677109928,0.025009983293712137,9,8,0.020077871955931186,0.011605490852147338,1626.78293,333965472,1.197745972,33488477.21,1139682182,328187935.4,0.001
3818a0e616,True,0,4681.6629819869995,0.6869234048761428,0.2698259522393346,0.07933398605324328,0.15795351844280958,0.1960396327544004,0.638003189722076,0.6181472734548151,53.27790658921003,33.96942123770714,15.65981923788786,87.73898055963218,2681.3541329465806,9.08324120938778,combined,0.00379415286956355,0.23614554199390111,0.6601315222680569,0.004831219494342804,12,0.014635185455437748,0.01593674663454294,7,10,0.00648529582284391,0.008913746310397982,271.1113179,57433668,0.02253683456,4478159.139,378754166,148089273.5,0.001
384b65b8a8,True,0,2871.8404183387756,0.5646844659931958,0.2695894124172628,0.08466130591928958,0.11661082897335291,0.14714160189032555,0.66130559919402,0.5362142822705209,46.52783015742898,33.711788561195135,6.098769860342145,141.65931023471057,3206.2697405926883,-2.7050646618008614,combined,0.004057793085556477,0.2247216962929815,0.6110296562314034,0.005263357672095299,13,0.005854935554321856,0.04337356112897396,7,10,0.007696507472544909,0.005451699618250132,353.7051989,339795808,0.4516402625,51563017.37,133555761.3,160268536.4,0.001
388b31eb2e,True,0,11388.109737873077,0.75559101421386,0.24010494427755477,0.08670459701679646,0.18685243790969253,0.11334525183774533,0.4038614510092884,0.6394085803534836,41.99008131399751,34.51545260846615,3.3019205164164305,168.53649424668401,3764.066589064896,11.230134926736355,combined,0.0014049414963461459,0.1945589445810765,0.7490377640351653,0.005287274916470051,11,0.003800373335368931,0.041475760713219643,11,6,0.009574538550339639,0.010620660260319707,653.1463621,1139896448,0.4023149084,65362992.29,595798501.4,342701569,0.001
390ff98e62,True,0,6780.144896745682,0.7254133431240917,0.1919699283502996,0.0690426074154675,0.10128694735467435,0.12077488224022091,0.4204034306574613,0.5591372219845653,46.13646997138858,26.40506310388446,1.2199821677058935,34.33645067829639,3739.3237138167024,12.044509932398796,combined,0.0036598306704312563,0.24555729939602314,0.6515103539451957,0.007982540495693684,11,0.013288080209400505,0.028780106268823144,9,6,0.004845801569521427,0.004492246659472584,421.6709369,24944374,0.01441132325,2755006.054,412078905.7,206327304.8,0.001
3921d0c467,True,0,7385.048243999481,0.8340557420626282,0.19477562161162496,0.07721352654509246,0.11514060143381358,0.19976771217770878,0.577896039839834,0.6130224820226431,57.277948670089245,25.744713768363,5.985653009265661,118.63954496756196,2740.7889761961997,5.112687610089779,combined,0.0019206352490931749,0.20093105445615947,0.738360084593296,0.0025734148025512694,12,0.007305982061661781,0.04203142929822207,11,4,0.022385813824832436,0.011630833372473715,447.410873,868527424,0.6554573495,52622377.98,121969056.2,226156989.7,0.001
3995ff56b5,True,0,2268.8993866443634,0.7729407320730388,0.20769298646599055,0.06856710609979927,0.10813771327957511,0.12997360676527026,0.3549629546701908,0.5987973648589104,48.50566999986768,32.30976779013872,2.1895382814109325,159.64777593594044,3131.8664429709315,4.7529754638671875,combined,0.003425190150178969,0.19471713341772556,0.5877923065796495,0.004998695156723261,9,0.006818808959797024,0.028167220428586007,3,9,0.014767057317309082,0.01213917294703424,359.6688801,421393216,0.1675104336,34613599.21,284328362.3,175796062.7,0.001
399a63cd49,True,0,2423.3293812274933,0.656364722084254,0.2587411913275719,0.08027271827682853,0.1227110868319869,0.1538134233094752,0.36867657443508506,0.6245683079119771,47.16584241017699,20.919097792357206,2.0621834602206945,165.01554982643574,3363.8136135414243,1.1160025000572205,combined,0.0017416442468762398,0.26389822473749514,0.6472581896930933,0.004005838743597269,10,0.011340674042701721,0.030835971236228943,3,6,0.006888539991341531,0.005691255582496523,180.884898,1240086016,0.569393609,43053815.42,327126368.3,233275637.8,0.001
39e5a10f1d,True,0,8911.457608222961,0.5558947988785804,0.24233133096247914,0.08782326045446098,0.14653909504413606,0.19478626330383125,0.635560971032828,0.6020799600984901,57.47497634962201,35.17185252159834,9.141700716689229,172.33281037863344,2804.2603763751686,5.98314742743969,combined,0.00126315460735932,0.24697283997200428,0.583275013230741,0.006583027567714453,13,0.007729726368561387,0.023915020525455473,7,11,0.020129838835448027,0.0013462596982717514,121.6215358,153730576,0.2276085995,30416246.75,267167488.3,146768628,0.001
39eff6666f,True,0,3522.691591501236,0.6586952647194266,0.20958656847476959,0.07342986479401588,0.1099537992849946,0.15100997062399985,0.4232153558172285,0.5035179378464818,43.35852136835456,34.25568111240864,15.789821349084377,144.07248279359192,3812.8010905347764,7.152765907347202,combined,0.0037233784809708598,0.3362949150428176,0.7148905815556645,0.006728680817782879,13,0.006583437763620168,0.04454922117292881,9,7,0.012661947175860404,0.002219020776450634,469.5793009,387260096,0.5630666392,49255849.82,225877511.4,273597357.1,0.001
39f6a41836,True,0,2181.9455392360687,0.8431369552388788,0.2236496363952756,0.08619809042662382,0.17454983536154034,0.11593523547053339,0.44336556778289377,0.5824016848579049,55.07720289751887,21.786820348352194,1.5767099484801292,240.72638492379338,3023.1701810844243,-2.241015635430813,combined,0.0034504973183386027,0.301521709067747,0.585717336088419,0.002692723798006773,3,0.006606794607359917,0.02378445040434599,5,5,0.01020275669079274,0.009669139491394162,342.7963536,5349016576,1.589111785,139053173.3,573672039.1,202746000.8,0.001
3a52448a95,True,0,4059.4717514514923,0.6412851834669709,0.22214954068884255,0.07017172476276755,0.18962989682331682,0.11145121706649663,0.5113760558888316,0.5610027288086712,58.48549077287316,39.879775159060955,1.9083093870431185,49.83150140941143,2997.75935895741,11.33694551885128,combined,0.004759746947605163,0.28008995516225693,0.6170215327292681,0.004609144329279662,6,0.011767729247454553,0.01767832361161709,11,9,0.004163311176933348,0.004725955318659544,340.6249104,95857368,0.1036624304,7308844.129,603565290.2,107604231.4,0.001
3ab7db0036,True,0,4711.2627511024475,0.5672938021831215,0.19404708717018365,0.07339658411219716,0.1458997598849237,0.18003753982484344,0.6642033647280186,0.6322042458690703,47.746046241372824,26.698962301015854,16.95054331049323,117.10170665103942,2529.8202033154666,1.9183317497372627,combined,0.004388769575115294,0.18457051238976419,0.5690921418368817,0.004580488882213831,5,0.006287700519897044,0.018848682045936586,9,9,0.016966787876561286,0.003194629356265068,183.6900741,689501760,0.2959982575,27305454.79,233331330.8,72196539.09,0.001
3bc3566a08,True,0,4235.311114549637,0.6507244818843901,0.23559734404087068,0.06295225543901324,0.18542079944163561,0.14301263322122398,0.5867510851006954,0.5023196587339044,57.384495344012976,39.754123743623495,1.2232251930981874,231.83171384595335,2676.912158727646,-7.727703928947449,combined,0.003973646577540785,0.32423016137443483,0.6305553959682584,0.002791408114880323,9,0.012718167501501738,0.026669021360576153,7,10,0.008497486520558595,0.01003574126958847,294.735677,568179008,0.4689945592,35906344.17,314771450.6,107220274.2,0.001
3bd57cc458,True,0,7777.140043973923,0.7291217686608433,0.24242636982351543,0.07040358155965805,0.17373537169769407,0.07782402262091637,0.5545580547768623,0.5655840355437249,59.61888985708356,27.25345402956009,13.132960047572851,158.21498743724078,2706.5579555928707,13.716564744710922,combined,0.0009521378905512393,0.2652695318870246,0.710062263160944,0.00666535694077611,7,0.011306305238977073,0.029209524765610693,7,10,0.024316994831897316,0.010976203799247741,354.7881101,80790992,0.4336709947,25116592.14,309128525.5,88376629.21,0.001
3c0cd7df6d,True,0,1546.745581150055,0.6498096658848226,0.2605018913932145,0.08287166791968048,0.14466044856235385,0.18027326101437213,0.4834734108764678,0.6116689165588468,41.64897674694657,34.34432530775666,17.879934668540955,84.89613361377269,3460.8001820743084,-4.434543758630753,combined,0.003166923938691616,0.29886289072223005,0.7498881442472338,0.007058572524040937,8,0.01042546959221363,0.01008393406867981,5,4,0.006754720677621662,0.007523610604926943,388.0474479,95703992,0.1637402349,13584093.31,832723800.5,296956857.4,0.001
3c340902d3,True,0,3632.8689365386963,0.8155965943820774,0.24510970164090395,0.060089602014049885,0.14202531641349198,0.07536495104432106,0.6202404050156474,0.5635774601716548,50.15932332724333,36.87327481806278,6.681399688124657,68.82309536915272,2782.487857621163,-6.252657033503056,combined,0.003199165816511959,0.2943293980043381,0.5626814605668188,0.0045919041827321054,4,0.014563737894874066,0.01853644724935293,5,9,0.021761123456060884,0.004105282735079527,230.9300318,16541107,0.058951194,2027954.394,401430842.6,91244681.75,0.001
3c39110ded,True,0,2953.0988261699677,0.8247450404800474,0.25514648456126454,0.08591248850338161,0.10980864772573114,0.055729266908019784,0.5216826543677597,0.6002256429754198,58.68671879172325,25.870393682271242,6.708055850118399,165.49151715822518,3085.0708042271435,-1.2986410781741142,combined,0.0021121715627610686,0.23316095145419238,0.7029668441042304,0.007963039857149124,3,0.007832878683228045,0.03352227956056595,7,6,0.018049335357733072,0.0029406193755567075,226.8982882,142313360,0.2320483464,19055183.51,237262217.7,99745252.63,0.001
3c4c666573,True,0,4025.3953092098236,0.8076299734413623,0.20670874567702413,0.08160589719191194,0.1346927403472364,0.1015246871393174,0.6881079446990043,0.6474145677406341,49.693199172616005,21.526658944785595,3.8369260132312775,148.83081196434796,3837.42209430784,8.252962671220303,combined,0.0028324302159249783,0.2334918609727174,0.6239117411896586,0.0013229606449604034,10,0.00405820672865957,0.02957958467304707,5,12,0.010472180474549533,0.007643234895542263,556.4302393,296996640,0.3464610441,31609168.42,686299132.7,280836630.9,0.001
3cfdc28c01,True,0,2486.5570991039276,0.5591889756731689,0.22594561085104942,0.0860142465122044,0.17606033338233829,0.07031944682821632,0.5420726156327873,0.6462290823459625,52.49281004071236,39.65081227943301,7.207265440374613,115.53806984424591,3143.415974918753,-4.25084114074707,combined,0.0010880758908577263,0.2571940861456096,0.6403349475935102,0.00669201320335269,14,0.014953386794775723,0.030180697701871394,5,3,0.013567611925303936,0.004077810985967517,151.8484562,428227808,0.4656470586,21873800.2,389252349.4,63003143.6,0.001
3d0cf07cbb,True,0,8048.807648181915,0.7702655842527747,0.21677032431587578,0.061819392358884215,0.19350403202697636,0.17986719105392696,0.5171134534291922,0.5465790834743529,40.602735336869955,27.517535462975502,8.91043502278626,69.50940303411335,3627.4675694294274,10.497643649578094,combined,0.0008767196083441376,0.25898571834899486,0.730453353561461,0.0052358551993966105,12,0.006595225141849369,0.03119259491562843,7,10,0.01821054009906948,0.007098475603386759,537.437825,214029248,0.5657110261,34600638.4,815719320.5,466525182.3,0.001
3d3f6ce627,True,0,9625.223209381104,0.6851800391450524,0.2032876630499959,0.06776647676713765,0.11906934594735503,0.17466953531838955,0.5870296533219516,0.6419031692668795,58.9224948361516,34.16833708062768,1.723318688571453,58.37064142618328,3676.6735054552555,8.013479381799698,combined,0.0007608810446225107,0.25565415734425184,0.5595610603690148,0.005285605321824551,7,0.01442228601174429,0.01924593511968851,9,9,0.0151542341792956,0.005252152705565095,358.7673684,180903600,0.2689280977,8141837.094,639716003.4,368408140.2,0.001
3d4547c7cf,True,0,5527.341093301773,0.6914725950919092,0.18800141021609307,0.06298769949004054,0.12756692059338093,0.08027976755984129,0.4940459487959742,0.5940363108646125,45.47240665182471,35.492385383695364,0.9810846336185932,183.4301328053698,3114.1353552229702,9.561722956597805,combined,0.002465194890461862,0.23537850707769392,0.7258566115051508,0.0014643297098577022,5,0.01209548193309456,0.023238022588193415,7,10,0.02263029430154711,0.011534252155572175,509.1428986,509278464,1.175402355,30311624.15,377195537.4,81330545.86,0.001
3d7c735a25,True,0,2130.8415961265564,0.7413862911984325,0.18183590920642018,0.06243834810331464,0.13084035087376833,0.09450276424176993,0.3647950336337089,0.6046513906680048,46.09103800728917,25.432000663131475,5.745284400880337,168.35459765139967,2874.6719853952527,-7.255531743168831,combined,0.003516282227728516,0.20960975582711397,0.5536790559068323,0.005165497329831124,8,0.0136801661811769,0.046094841584563256,5,6,0.005996172267012298,0.006843852682039141,191.5843633,79347096,0.1000893364,11507091.55,132256646.9,81489091.35,0.001
3dbec9d783,True,0,5293.067957401276,0.5626444289460779,0.18452507557347417,0.06828933633863926,0.12957238340750338,0.10038688946515323,0.45645518666133283,0.6277339512947947,52.010092064738274,32.104601338505745,0.526127552613616,122.14602510351688,3376.6652643680573,-2.0574178248643875,combined,0.0020786805456504227,0.33456381818279624,0.6429277693852783,0.005354757954180241,11,0.007667050876189024,0.04295176111161709,5,8,0.021037452671676872,0.008423910176381468,373.8658075,157487616,0.193681917,17849608.04,189969533.6,95248869.69,0.001
3dc00770bc,True,0,2579.860556125641,0.7305116396397352,0.22599629938602447,0.07222724427469074,0.10364692490547896,0.1969493494834751,0.6251266495324671,0.5329796412959695,54.63664725422859,27.923877257853746,6.628211701288819,106.5097138248384,3234.68108009547,0.015017881989479065,combined,0.0014221874301321804,0.2759656008984893,0.6670601975172759,0.006549340967088938,8,0.004073072042316198,0.035443539805710314,5,3,0.017941123512573542,0.00846468469314277,301.230473,290332352,0.4943682421,35222685.32,205968704.9,334031594.9,0.001
3dc8885253,True,0,4298.060010671616,0.6455957976169885,0.21489442234858872,0.07915460798889398,0.18206027066335084,0.08180689681321383,0.4845370891038328,0.5098294515628368,51.864962838590145,27.48251309618354,3.1926328539848328,137.11177672166377,3286.1339319497347,3.8812614008784294,combined,0.0033984874160960317,0.228606246849522,0.6013773715123535,0.002549058346450329,9,0.0027168227224610743,0.04279699269682169,7,11,0.014381040799431503,0.004330989930778741,376.4296003,1011387328,0.9275133874,117520896.5,320788934.9,112565419.4,0.001
3dcf80b328,True,0,1975.1052842140198,0.7480369091965258,0.20801511185243726,0.06062829698435962,0.14799002837389708,0.08860483248718085,0.4711497793905437,0.625614194246009,45.21275671198964,34.87062128260732,16.36528263799846,197.95112895220518,2509.3659819103777,11.679004170000553,combined,0.0031529242490418254,0.2122433436848223,0.6484852267429233,0.004840096774697304,5,0.0035832767207175493,0.04369364894926548,5,5,0.024262650307267902,0.007268154796212911,197.5061426,670944384,0.6360853271,58082355.04,117784387.5,59762997.67,0.001
3e0814b7d1,True,0,4480.899743080139,0.5943998326547444,0.25678852993994955,0.06408261973410845,0.1986044516786933,0.09531115186400713,0.5233209914993494,0.6100783010944724,44.466084856539965,34.90270225331187,15.337807472795248,190.8563899276778,2547.4911481142044,-2.554387368261814,combined,0.0016444862188771366,0.24881307679228482,0.6448112132027746,0.00202131589949131,7,0.007509434098843484,0.012499558702111245,7,8,0.02495011730585247,0.004064845994114876,140.713947,206563920,0.6458768595,44459288.49,420517787.1,68377023.35,0.001
3e61057854,True,0,3422.2232224941254,0.5744597099721432,0.22220102448016404,0.08521313985809684,0.1340615613386035,0.1618701610248536,0.5890617115888744,0.5565782800316811,57.10153926163912,22.96102587133646,16.943409003317356,148.98877683933824,3509.225681889802,-3.1851975545287132,combined,0.0035107272209599616,0.2133750994969159,0.7338550960645079,0.0062953140206635,3,0.011203566319774835,0.04268207583576441,5,11,0.019555168958380817,0.0030427381806075572,413.4806969,708979776,1.629824081,72142515.4,230023916.9,211678166.7,0.001
3ea6889e6e,True,0,5023.177314996719,0.5948274921625853,0.24293831979855895,0.06615376632660627,0.1071106960065663,0.07175331469625235,0.47062448495998976,0.5971443959977478,51.30864666774869,31.445877961814404,9.850500751286745,147.1548470184207,3767.5742716528475,6.739928230643272,combined,0.004230198211595416,0.33699927010573444,0.6068907422944904,0.007094213227927685,12,0.005025449483189732,0.04833182103931904,11,10,0.006417919864878058,0.013771943923085925,814.578868,1188772096,1.012175361,119849918.4,153648990.5,102331973.9,0.001
3eaccf0a07,True,0,3465.8713591098785,0.6970099063590169,0.1849787607975304,0.07123678140342235,0.17386730313301085,0.11003049635328353,0.3729107686318457,0.5419645831454545,43.546010572463274,24.67914903536439,7.6240308824926615,45.76016420405358,3645.2015405520797,15.070533774793148,combined,0.003838745833002031,0.21435553365387022,0.593547222390771,0.001684148547053337,8,0.012292710960377007,0.03615109208971262,5,9,0.02211788824945688,0.006500269751995801,649.2813174,67561600,0.120926387,10461103,567940362.3,179234114.8,0.001
3eb7552788,True,0,2999.5876038074493,0.6474518189206719,0.20977858455851675,0.06343344711698591,0.13165899282321336,0.16431827591732145,0.4723848896566778,0.5633118556812405,47.84161368384957,20.79156305640936,0.24994914047420025,64.8272072384134,3722.31342503801,13.617417581379414,combined,0.0022247887536883354,0.20653540856204927,0.6130174644291402,0.004335675397515297,4,0.007603748865891248,0.023875319734215736,9,5,0.01243639157526195,0.0038873132988810535,373.7196877,493453312,0.7911481078,42283073.11,617391450.2,329585736.7,0.001
3eefd02975,True,0,11218.520671844482,0.827339799143374,0.18080561628565192,0.08547524884343147,0.15732018686830998,0.09943987117148936,0.5376277261879294,0.6154054238460958,46.712119691073895,34.83383186161518,5.452755779027939,103.62272121477872,3516.2577982991934,7.284671068191528,combined,0.0038705225528217852,0.29607022376731035,0.7409968446940184,0.006364263328164816,9,0.013263703568838537,0.03576733473688364,9,10,0.014834466177038848,0.010764740008860827,913.0021516,535403136,0.1761920551,13986978.86,526806065.3,192922306.3,0.001
3f8bb79fba,True,0,5633.791315078735,0.7264884985052049,0.2141992829926312,0.08388265793211758,0.10293258065357805,0.1608489320147783,0.4583497065119445,0.6413259433582426,51.840683966875076,34.86019603908062,0.3028957452625036,55.905577229335904,2690.0759753771126,5.644623927772045,combined,0.0009730140203610062,0.3049017937853932,0.6994078328832984,0.00155,12,0.007288578766398131,0.038679233714938165,5,11,0.002093879249878228,0.010245413359254597,62.92442406,50614508,0.02918109999,4377794.564,103232674.7,152013536.3,0.001
3fa56a62ac,True,0,9822.253432512283,0.6299810306169094,0.2310462284088135,0.08037087636999786,0.17977007990702987,0.19512592079117896,0.5966829660814255,0.6348427322227508,48.12861863523722,29.325048085302114,11.951588496565819,111.21375125367194,3305.357037577778,5.353360436856747,combined,0.0028708525609225034,0.34039550680667163,0.7363402105867862,0.0014562222503125668,14,0.014527150988113134,0.038051217421889307,9,11,0.024108579079620537,0.010626567346975205,817.6544871,103092664,0.0473532628,7202274.819,370597809,213517273,0.001
40037601ea,True,0,3033.5818054676056,0.7036750225350261,0.22495441038161518,0.06887923708185553,0.11843076068907976,0.10400942703709007,0.697311273170635,0.5262065055780113,57.15736445039511,39.60832804441452,5.254092587158084,175.23532141093165,2732.8126481734216,-0.9063420370221138,combined,0.0043921206885948775,0.2613844290934503,0.6188504504039885,0.00423100418895483,5,0.006578450527042151,0.030761760361492634,5,10,0.020168961174786088,0.002083692166954279,186.3115592,559112576,0.5462327696,31558684.69,180339490.1,84591856.84,0.001
403afe8bb2,True,0,5916.7976014614105,0.7212515597231686,0.25531284829601647,0.0801070344261825,0.16553694205358627,0.09992205663584174,0.45462806420400736,0.5558845610357821,41.663756873458624,26.750542111694813,15.146869679912925,111.77275417931378,2532.964425627142,10.864707440137863,combined,0.0005991480879485606,0.22771337946876882,0.5508971689268947,0.007529882922768593,5,0.012658069771248847,0.02607611950486898,7,4,0.018905056471936403,0.013396594813093542,219.0733431,111682832,0.5861118055,23833604.44,260321754.9,89348091.26,0.001
4044d1684b,True,0,2335.0014929771423,0.5962914586067201,0.23692447917535903,0.06831465236842632,0.18419751813635232,0.19585929904133081,0.5382238477934151,0.5717584495432675,40.09424649178982,32.531577721238136,1.962767332792282,76.06035885587335,3832.2873418219388,4.641436941921711,combined,0.004359014862123877,0.2454631306324154,0.7382515892386436,0.007567875997722149,3,0.007017987257335335,0.04702362306416035,5,8,0.013335404449142515,0.013378531018272043,1065.549613,52314208,0.4284179966,20417803.73,379220044.8,345466908.7,0.001
405caaf443,True,0,2412.2853124141693,0.8345813960768282,0.2405268642306328,0.08324275558814406,0.17214579060673713,0.14351079347543422,0.36843497953377663,0.5509241145569831,52.92502153664827,28.641045801341534,7.904490804299712,67.70697851851583,3415.5336329713464,4.5409597381949425,combined,0.004172857718076557,0.1869158075004816,0.5761820441111922,0.007778521405160427,10,0.014917828976176679,0.0484636602550745,3,10,0.0058374241478741165,0.0030859056822955607,473.8164286,91870944,0.03911068647,6946448.893,321556250.5,267495870.2,0.001
407ff340cd,True,0,2488.3264648914337,0.6521154972724617,0.21920265976339579,0.0648785715457052,0.14344536596909166,0.09396920343860984,0.6802209883928299,0.5494073379319161,52.40354973822832,35.4244140163064,17.289888817816973,73.32175152096897,2875.4458194598556,8.522488042712212,combined,0.00423825858803466,0.31402966177091,0.5985690912231804,0.003336325188726187,9,0.006431726292707026,0.03789602026343346,5,4,0.0021215278059244155,0.009485708979889748,213.686736,613816640,0.2631099364,18118871.72,194270419.9,73478815.29,0.001
414e09d0e2,True,0,4026.7334151268005,0.7886761065572501,0.2268803315423429,0.07485895763151347,0.15467068403959275,0.1831224881112576,0.43698609666898847,0.6136675034184009,47.14112654328346,33.35271365940571,1.8272224869579077,150.05206533242017,2923.1237932108343,-2.540831483900547,combined,0.0039527108125388625,0.3438934056274593,0.6368263864889742,0.003849237748980522,4,0.004521088081877679,0.03965328242629767,7,8,0.017726144351065155,0.00666480921395123,395.2698578,208577808,0.3988764331,39332664.96,242327376.5,244397451.4,0.001
416b3837da,True,0,3895.5671310424805,0.7392582572996617,0.2732566768489778,0.06426203194074333,0.19820357942953706,0.14273415049538019,0.46817947733215987,0.6343215913046152,41.06977105140686,29.703211970627308,12.741602031514049,109.8680877815932,3073.2052605599165,8.984133005142212,combined,0.0035626306955702605,0.22013969236984848,0.6230559272691608,0.0046205733358860015,8,0.007394549349322915,0.0198679194226861,7,8,0.01111389675643295,0.0056366086453199385,378.6033729,114306352,0.1014813592,13876983.98,699961435.5,212390024.6,0.001
417397e2cd,True,0,4966.697851896286,0.6773418239317834,0.27966932805255057,0.07191340223886072,0.16134169232100248,0.07784459753893316,0.5014408823568374,0.5803618154488503,43.13835505396128,37.20251368358731,2.1502353698015213,63.11757374089211,3042.7810195833445,-0.4614587128162384,combined,0.001955243301112205,0.24716469737701116,0.7425769913941622,0.0012941926524043083,10,0.0016337126372382045,0.017418206930160524,7,8,0.021161009205505253,0.004916392311453819,255.2756073,705587200,0.5269336439,69521996.61,544044772.1,125485951.8,0.001
418b6ce5eb,True,0,8308.075219154358,0.828990247566253,0.18913113402202725,0.07211247724480926,0.10688833482563496,0.14445113348774613,0.5945505180861801,0.6079560212325305,53.001170698553324,38.142387587577105,6.990304721519351,43.218606495298445,3975.143084768206,-2.4543274492025375,combined,0.0003442423834465444,0.3075355170108378,0.7289646001532674,0.004577755684405565,4,0.011400628052651882,0.017150246277451514,7,7,0.012353562070056796,0.011208858020603656,521.3714359,61994452,2.886954664,21127458.64,881148158.8,571418232.6,0.001
41fbf72eb1,True,0,3710.1410114765167,0.7831686655990779,0.2217645238339901,0.08052337392233312,0.12523906501010063,0.12095639584586025,0.49281757683493194,0.6261083858087659,57.99137705937028,25.260499622672796,14.907433910295367,131.15785888489336,2769.9231263250113,13.481132216751575,combined,0.004197279664315283,0.2361981808859855,0.7483865259215235,0.00441655338704586,8,0.0056263358839787544,0.03769292458891869,9,3,0.009225250939838588,0.005222786968573928,240.6811406,148327920,0.1809377893,17455859.78,167253347,123357296.4,0.001
42697ca4be,True,0,3662.3177728652954,0.5887689930386841,0.20469351831823587,0.06095403769053519,0.11181788789108396,0.09230193602852524,0.6716792117338627,0.5205986619926989,40.04844939336181,37.36962208524346,11.602162962779403,43.59003713354468,3553.1453052535653,7.481041848659515,combined,0.0009866823547519743,0.28808282310143113,0.6131770575419069,0.0032656013786792754,11,0.004202263845596462,0.030258539952337744,5,7,0.02338995835185051,0.013608599988743662,523.4182551,375451968,0.5619950284,35081458.84,320848385.5,131036099.6,0.001
43befc134f,True,0,2739.560324192047,0.7950862119905651,0.19068943813443184,0.0687946867570281,0.12649731179699303,0.0767350921407342,0.4133443464525044,0.6190005671232939,51.42770420759916,21.97105072438717,6.414477596059442,93.99136797618121,3640.3872589580715,4.351890288293362,combined,0.003717268443200737,0.2804064146894961,0.6651357419788838,0.00207564367428422,13,0.006292481913696975,0.025212894938886166,7,3,0.004336038390174508,0.003501068826764822,323.7726192,239954896,0.2115623628,26119118.55,621671427.8,156691259.1,0.001
43e9fe8ecf,True,0,5103.035519838333,0.7790882766246796,0.19203187247738243,0.07911206169985234,0.19745711591094733,0.16352338930591942,0.5354477280285209,0.5037771037779748,44.243997149169445,24.234752524644136,1.8011442068964243,83.94383618608117,2663.209254387766,2.4895390942692757,combined,0.0013586139603517949,0.18724929138086735,0.6975223524495959,0.0013650832757353783,4,0.011144795340020209,0.014677148461341858,5,7,0.01981996023375541,0.00778847593255341,192.0120713,429409024,0.9444296789,50087170.65,543605002.2,179497997.2,0.001
4409d38a9c,True,0,7609.564469337463,0.7812783254310489,0.18600841166451573,0.08173300883732736,0.1682706205174327,0.060212198598310354,0.45737788919359446,0.6178818827029318,46.22085461392999,28.678412474691868,9.158095752820373,100.27390260621905,3990.4526476748288,-1.8072868585586548,combined,0.0016848631221801041,0.32830195195041595,0.7096832709386944,0.004067917512357235,11,0.008095487950835378,0.021807583719491958,11,5,0.016214326292276385,0.00957029648311436,990.3847377,100857392,0.1913483171,16555713.62,1266225311,161316598,0.001
44f65f33aa,True,0,6428.5018475055695,0.6212315703742206,0.2558809179067612,0.06014863307587802,0.18518932554870846,0.18810397498309617,0.45109364325180645,0.6026425949297846,47.02588362619281,22.602934204041958,14.545422680675983,96.83550389669836,2984.9521671421826,-4.553916588425636,combined,0.003435368600208312,0.2740134016610682,0.6911533173173666,0.005271293114870787,5,0.003263821239117533,0.016529477909207346,11,6,0.013872656431049108,0.009949377881363033,487.3842765,148773312,0.1932421647,23086900.56,572225718.9,189349051.8,0.001
45397393dd,True,0,3560.0128560066223,0.6952002923004329,0.24336023379117253,0.062016272926703093,0.14563443008810284,0.17578573534265163,0.5060564626008272,0.5180509519297629,43.498993776738644,25.456272289156914,14.802471812814474,75.16849328111857,3365.322569850832,12.05221788585186,combined,0.00134299896415323,0.34197611527517435,0.6684267235919833,0.005986365176737308,11,0.009473693259526043,0.04156854040920735,5,5,0.009172365681268274,0.0062646398544311515,240.9577549,47629312,0.1545135634,11754867.73,280755331.6,301938356.1,0.001
45cc259f1b,True,0,4766.995158910751,0.6986138402484358,0.22109726622700693,0.06863827630877495,0.13252079514786602,0.058219546824693685,0.42415939490310844,0.5524605971761047,50.354550648480654,21.847024336457253,4.101723359897733,76.74838838726282,2612.732871901244,-0.3850047141313553,combined,0.0020549613133072856,0.30239435377530755,0.5548577018082143,0.0074313841208815574,12,0.014975254144985229,0.02467799875885248,5,11,0.0035912181762978437,0.010902332991361618,119.1420149,19269416,0.006849483251,1635582.217,225483938.8,33768506.53,0.001
45d5d3c61b,True,0,5863.9847202301025,0.7442624582909048,0.2465009276941419,0.07055838561616838,0.1528211571276188,0.19717235183343296,0.49248307989910245,0.6381597640924156,45.96589680761099,24.664356894791126,16.83048108033836,169.56785060558468,3151.436355430633,-4.622446157038212,combined,0.001904116699192673,0.3372174479067325,0.678607389330864,0.0024944761708378792,12,0.011487767089158296,0.03161491233855486,5,9,0.01891517609916627,0.007018385970965027,329.8641998,461173056,0.4578673207,37181914.83,383061604.4,289515782.5,0.001
45faaae7f4,True,0,2794.9202222824097,0.8441264428198337,0.19874966314062475,0.0606537960190326,0.10864439634606243,0.07837931099347771,0.536966892471537,0.5291510154958814,40.8893253095448,27.31388295069337,17.526450315490365,62.37439658679068,3838.9314082451165,-5.6085459515452385,combined,0.00499359316509217,0.32688380123116073,0.6917508114129305,0.006959722553938627,14,0.00303858078410849,0.017831695675849912,7,11,0.005588556876406074,0.005208606395870447,590.2781333,155890080,0.5517368439,16241390.38,804308809.4,190572678.9,0.001
4621fe01f3,True,0,8430.529344558716,0.8395819425582886,0.23086640315130352,0.07509302258491515,0.12626130543649197,0.16852798550389708,0.5097997837234288,0.6037351998966187,56.10134094953537,31.499990075826645,1.261614091694355,160.60937871783972,2828.05951917544,10.798306070268154,combined,0.002202689839806408,0.25085473225452004,0.7430859690532088,0.007573000217229128,13,0.0146942070373334,0.010906988233327865,7,9,0.0035056411596015094,0.008114440698176621,192.696616,34827484,0.03308225829,7705630.001,466239965.8,189707167.6,0.001
463708142b,True,0,3518.2333569526672,0.572901023272425,0.27458117624744777,0.0875984766986221,0.13565443735569715,0.17421193551272157,0.39054633881896733,0.6349941144231708,45.83762735128403,28.218896109610796,15.320342654362321,34.69599700253457,3670.8688838407397,-6.94390083104372,combined,0.002018120478373021,0.2629584464989603,0.7401170449331402,0.002909671001881361,7,0.012147046617697924,0.035917426720261575,11,6,0.004548514168709517,0.003317324621602893,268.0486807,34466636,0.02485306083,2578379.05,354507066.2,323457407.4,0.001
46702c8c77,True,0,5286.394283771515,0.5512286875396968,0.25185228811576965,0.08548910242505371,0.12855157833546402,0.12443709359504283,0.5151863082777708,0.5881293796002864,42.90606182068586,21.053565926849842,8.18576254695654,180.71192332264036,3457.4038572609425,10.333914168179035,combined,0.0028360739331692456,0.27229134483262896,0.6031890965998173,0.007382000240683556,8,0.006145924018230289,0.03801504783332348,11,12,0.018955238023772837,0.010281035041436553,781.4670773,4512545792,2.862989681,285817491.7,243780667.2,167374859.1,0.001
46a8f262da,True,0,10280.331160783768,0.8487878357060253,0.1829780201613903,0.06579763594083488,0.11565763028338552,0.15810323930345477,0.3948435475118458,0.5056385029107332,58.905851654708385,31.470130402594805,1.0665692836046219,67.52462033368647,3179.9167478457093,-0.5780517011880875,combined,0.0015107278927229345,0.21390908151865004,0.7218335309997201,0.007904595327377318,8,0.004194186704233289,0.04380552135407925,11,10,0.009412867657840253,0.013418371299281716,485.7088966,102219280,0.1710231663,17980519.84,177997612.3,302300328.8,0.001
46d619bfab,True,0,4357.909428358078,0.8190666777081788,0.25808597078546885,0.08095240099355577,0.13180452547967436,0.11020193910226227,0.37407328141853213,0.6130884937010705,52.62297432869673,39.3349695764482,13.252185830846429,82.83081040903926,2988.0838724784553,-7.970708332955837,combined,0.003532787453383207,0.2840212082210928,0.6003262098878622,0.003101553304493427,14,0.007184694309253246,0.013024149835109711,5,3,0.017826368629001083,0.0011089118979871273,192.808062,78356008,0.01555217569,7128743.007,536816749.7,157860880,0.001
46e18507a1,True,0,11827.652699947357,0.6795263521373271,0.25770343348383906,0.06880677527748048,0.1955140881240368,0.11989021440967919,0.37173942713998254,0.5739127609878778,53.38060762733221,25.810321532189846,8.111757835373282,110.02592493128031,2744.236461352557,-3.952288791537285,combined,0.003067353885155171,0.24291269877925514,0.7314825316891074,0.0032236107058823105,12,0.01369642885448411,0.03300962515175342,5,8,0.02431215013284236,0.0014877211954444647,173.8009539,89110264,0.06351677238,16346760.45,307379974.3,87033514.7,0.001
47076a8b90,True,0,5198.942191362381,0.583668180834502,0.25105587413534525,0.07105175248347223,0.17335346881300212,0.19790363810025158,0.6086313233245164,0.5287431600503624,56.212223917245865,32.35666135326028,15.034280000254512,130.629054909572,2936.7512855678797,1.8058782145380974,combined,0.004321533719263971,0.3257880752440542,0.7314223472028971,0.004292861501127482,8,0.010347679818514734,0.02158705983310938,9,10,0.010840147911570966,0.012959114462137222,524.4110259,341454624,0.5982217845,35110071.4,413439940,157334383.6,0.001
472cf8a5f0,True,0,3833.560711622238,0.7653241402469575,0.20350582545623183,0.0738311113603413,0.12868795143440367,0.17813439671881498,0.41672499179840083,0.534799360577017,57.57782617583871,38.76016153022647,14.316497381776571,183.05871793068945,2691.587812267244,-4.499840818345547,combined,0.0018216072130948305,0.2129842238128185,0.6162794675678015,0.00637989212423563,9,0.004897052799817175,0.04888445898890496,5,10,0.012845390553586186,0.009559423038735984,211.5443477,712616448,0.4378846417,54624033.6,91384000.56,175153440.2,0.001
472e6201eb,True,0,3685.0986914634705,0.720514765009284,0.24456055287271738,0.08223723163828253,0.12875854577869178,0.08590657198801638,0.4955673757474869,0.5383575831074268,54.736813958734274,29.543719049543142,9.094419507309794,114.79836592916399,3753.539804369211,2.320845402777195,combined,0.0029324231741949917,0.31557823669165375,0.5880361991003156,0.0015856324717402458,10,0.013350759134162216,0.03442291464656592,5,7,0.01228312037885189,0.00379921886511147,369.3637911,269146368,0.1725744581,32393272.85,464151632.2,205982299.8,0.001
4890e9d636,True,0,6793.875238895416,0.7685339014977217,0.18093745281919837,0.06648767136968672,0.1408375544473529,0.18891696259379387,0.43462968249805267,0.5975086113438011,43.53118998929858,37.03855950385332,4.8716008476912975,126.96622748300433,3092.7269379608333,-5.642756320536137,combined,0.001710446891002357,0.31188867868855596,0.7072362769395113,0.0021115196816623213,6,0.011123765643686055,0.04019007377326488,7,8,0.009832788372412323,0.014204523969441652,342.3019841,317999936,0.3248705111,25360658.76,242447372.5,278162757.8,0.001
48f6b19566,True,0,5911.771401166916,0.6194570239633322,0.19099973917007446,0.08718437715433537,0.14945153323933483,0.16618913877755404,0.4238751154858619,0.5870852459222078,40.17039557918906,23.029015120118856,0.6271869018673897,51.81873918417841,3278.593054972589,-2.730315178632736,combined,0.0005487589024938642,0.2921948726754635,0.5909364242106676,0.004816960180550814,11,0.0038954961220733822,0.018610639050602912,7,4,0.005560074380598962,0.007935244953259826,130.8731665,186428384,0.1477743791,17581341.5,557661353.3,223706446.3,0.001
4923418208,True,0,5989.461307525635,0.5608958471566439,0.2790669110789895,0.07745216293260454,0.18166197817772628,0.19067771155387164,0.5607641331851482,0.6278392186388373,44.44520829245448,26.419403050094843,3.8778428100049496,85.80295032449067,3737.518360838294,2.9908860251307487,combined,0.0025397514301352202,0.2035755686275661,0.6693208530545235,0.0050261306546628476,10,0.006079548938199878,0.016008224487304688,5,11,0.002456215408630669,0.014416555430740118,490.4162633,628831168,0.6687884274,61411506.47,1035529224,373320062.1,0.001
492aa9a630,True,0,6997.314073562622,0.6447760382667184,0.263912018686533,0.07566939138807356,0.15385632058605553,0.13176480298861865,0.383124236902222,0.5524217421654611,49.878911804407835,25.796714182943106,11.23705886118114,144.26806135568768,2548.50917076692,2.060118705034256,combined,0.0010612929180264473,0.31955340731889004,0.5824169738218189,0.006831905215978622,4,0.010623516257386655,0.048035494312644006,7,7,0.00331131736561656,0.012565163483843206,100.3720976,2.513696563e+10,0.2773275134,187830378.9,92373125.91,104238797,0.001
4940b17922,True,0,3015.547369003296,0.6610737504437566,0.26826251244172455,0.07782140124589204,0.10159856900572778,0.08353773606941105,0.5764692816417664,0.6387378994375468,52.58960448205471,35.35545399412513,16.54011369869113,156.4415959743783,2522.805028129369,-2.7894166484475136,combined,0.0047213507083244625,0.2759361689444631,0.5648410672321916,0.003229840786755085,4,0.009337716552894563,0.02736092530190945,9,7,0.008028754432685673,0.014680698581039903,267.7007289,21024750,0.06456334964,5502212.135,123899626.8,48470614.5,0.001
498cffacf3,True,0,5061.963660478592,0.84956911848858,0.19078148232772946,0.08481149744242429,0.10282159009948373,0.16726526506245137,0.58462213142775,0.5550288944505155,41.31969965994358,27.792654652148485,15.46577526256442,191.38705279119313,3135.7880420982838,9.220516242086887,combined,0.0015937522707507013,0.3345327743235975,0.634803956001997,0.006869157216697931,8,0.009518211776856333,0.048268694244325165,9,5,0.02046263570059091,0.010601890077814459,514.2560176,436722656,0.6725096094,43880444.26,116004689.5,299052556.4,0.001
49b2ec71cf,True,0,3666.3720169067383,0.817415364831686,0.18317903431132435,0.0691498933173716,0.16342602940276266,0.14116138904355469,0.5787278137169778,0.5315339573193342,50.28320776298642,33.26474020257592,15.88571929000318,50.7479876531288,3067.8571090102196,-3.374954655766487,combined,0.0021653200401924554,0.2520413336902857,0.6875516213476658,0.0017520771533250808,10,0.010578387353103607,0.024368924945592882,5,5,0.008810029522515833,0.004287927180528641,185.0604943,121423128,0.04194425877,6449961.275,529330097.4,225978942.4,0.001
49d88785c5,True,0,7311.015672206879,0.8490799629129469,0.20157428208738565,0.06785595453344286,0.19283884679898622,0.10958663015626371,0.6799765576142818,0.6254725361708552,47.503144796937704,32.51707291230559,10.74734253063798,165.96841838024557,2964.3479166552424,-0.05303143709897995,combined,0.0016762433944270015,0.3061107426136732,0.6279963959008455,0.006761016309261322,11,0.0028413384798914197,0.04030986152589321,5,8,0.004652244712226092,0.013729968246072529,246.0332574,5707855360,3.0441538,278842389.5,354267637.5,177603134.4,0.001
4a218d5535,True,0,4211.463831186295,0.5655636751092971,0.26358777882531287,0.07875081684440374,0.19344738125801086,0.1203287821263075,0.41855602809228,0.6326849869918079,55.193666219711304,32.29627000167966,13.59182426892221,77.36759297735989,2896.899232175201,-4.664212733507156,combined,0.003965721816010774,0.3165483631100505,0.7423629773780703,0.005802252408862114,6,0.00787682500993833,0.04190819762647152,9,12,0.01209652781393379,0.00596073936112225,355.7388347,57120036,0.07480126842,8767502.361,219463059.5,95252692.84,0.001
4a92038baa,True,0,5899.477456569672,0.8113815548829735,0.19738015925511718,0.07015569881536066,0.18051397427916527,0.1432189164683223,0.552064976748079,0.5742145048920065,46.020783726125956,31.837407425045967,3.3635167255997658,105.1052280003205,3677.8144487179816,12.915926426649094,combined,0.002127050893381238,0.32169983519241213,0.6819300200790167,0.0056735899738967425,12,0.006734531618189066,0.04955915417522192,9,3,0.009862197986803949,0.0012684699688106774,341.9105456,947073344,1.186176577,90198801.16,400732729.7,392644774.9,0.001
4af1002dc7,True,0,9966.788900613785,0.5872129131108523,0.23631973510608079,0.07711019257083535,0.19898738265037538,0.17476827246136967,0.46945066386833784,0.5858248303644359,53.58908008784056,39.46642402559519,7.648282025009394,161.91334048472345,2728.8214792497456,14.06383191049099,combined,0.00105,0.2196519703324884,0.6011384654790164,0.001274606578797102,5,0.013791148643475025,0.04416176326572895,9,6,0.020734297511167822,0.012887600535526872,344.2013365,2.110727168e+10,0.4840814929,198616692,173987772.3,137992657,0.001
4b007c25c4,True,0,7432.412897825241,0.8348752063699066,0.24653998959809542,0.08111122051253915,0.14885068256407977,0.08887715633027257,0.6520506342872977,0.5804694505408406,44.10287169739604,27.225448563694954,16.284481124952435,165.73315847665071,3481.214444153011,6.828415870666504,combined,0.004301648306660354,0.26803592309355734,0.6700345002114773,0.00685499489158392,8,0.012681424490176141,0.047428909316658975,9,8,0.011136408417485654,0.0035136051122099158,540.9710304,201082256,0.1787921914,21127894.64,295173880.3,194928066.1,0.001
4b0d3a32b0,True,0,8976.620552539825,0.7577171775512397,0.22287357702851296,0.08138612835668027,0.17116937525570391,0.09369974634610118,0.42302330140955746,0.5429767444729805,46.45114749670029,37.67620537430048,13.434599982574582,51.58169395569712,3208.929163403809,-3.8431257009506226,combined,0.0024314950013533234,0.2755361028201878,0.6973642881959676,0.002545006574690342,10,0.01449328617984429,0.040706670694053176,9,5,0.010301087125204503,0.010537112604826687,414.9603292,54491636,0.04217972752,4931289.357,342583644,140664748.7,0.001
4b2e90e9dc,True,0,6151.446054697037,0.5689386039972306,0.2392465901747346,0.08974562502466142,0.17075045676901937,0.15988517072983088,0.43113317363895476,0.6455806965939701,57.759674936532974,25.425828844308853,10.114149676635861,86.03793052583933,2638.3314835838974,8.164609923958778,combined,0.003875230371300131,0.34410390134900803,0.7022087810561061,0.006190037719160319,13,0.014724995519500225,0.024913638308644296,9,4,0.020867201744578776,0.014773995513096449,449.8968227,31813562,0.04580814911,5916863.125,266498899.4,61141182.63,0.001
4b2ffe49a5,True,0,1782.0498983860016,0.5847283200360835,0.25695858925580983,0.08884504420682787,0.18381134057417514,0.10700602475553753,0.5690442480146884,0.5491163242608309,51.713283862918615,38.09013592079282,12.168453745543957,47.31643356475979,3698.04073125124,0.2123998999595642,combined,0.0027269485088065267,0.22166382019408046,0.70691213067621,0.0065113521970808505,6,0.014170328944455832,0.019012694135308268,5,6,0.00935578950215131,0.0011668070554733277,348.7805754,111204440,0.08969763286,6978513.047,986522118.8,211028113.2,0.001
4bc413bfa8,True,0,4406.967149019241,0.6207432753406465,0.273314331676811,0.07710417240858078,0.11895499639213086,0.09109514369629323,0.3762333860620856,0.5216168867889792,43.20320129394531,37.72224687039852,9.980682671070099,125.63625259883702,3164.999836590141,10.718463078141212,combined,0.003352734043914825,0.3239760569762438,0.6968392714858055,0.005152575291693211,13,0.009941107654944062,0.014507535509765149,7,8,0.009625431260094047,0.013520084202289579,403.4260798,225197440,0.2156427813,30418041.21,441759164.1,92751502.75,0.001
4c1690c21c,True,0,3260.1129870414734,0.5604347215034068,0.19966781094670297,0.07221123972907662,0.11336740544065833,0.057755979383364325,0.4115207176655531,0.5275338239502162,42.096246778964996,20.98576908931136,7.501830160617828,46.94547158945352,3815.8584288321435,-1.61072438955307,combined,0.0034660203229635953,0.32034569441340865,0.631838995590806,0.007277108762413264,14,0.009159003644250333,0.027323721796274188,7,8,0.024907386439852415,0.011976436764001844,974.9452569,24787012,0.03004393793,3680904.392,437775377,45828055.24,0.001
4c97cbebc5,True,0,6829.097633361816,0.7936711723916232,0.2036354837194085,0.060064221611246464,0.19674467900767922,0.12872309833765033,0.352520903525874,0.6213097034953534,42.071660570800304,38.54903466999531,4.752580722793937,129.3304159734398,2914.7460097447038,8.039975583553314,combined,0.0008897102314978837,0.20556520108133552,0.6673817116767168,0.006861169444024563,11,0.013941002336796373,0.011360907964408399,5,9,0.012622984525747597,0.00610335773974657,180.6839335,270604512,0.8531945509,34094425.98,789369773.8,142410611.3,0.001
4cc3d0b91a,True,0,5826.137704133987,0.578806081879884,0.18547765884548426,0.08046704675070941,0.19418444186449052,0.15891516869887712,0.661964265583083,0.5120615839492529,44.81883607804775,34.21830328181386,4.912038853392005,48.89558899588883,2950.5517510697246,11.80495697259903,combined,0.004475140641257167,0.2577592434361577,0.6199009358882904,0.00509596715644002,6,0.009566704447846859,0.03724116925150156,7,12,0.003414125031791627,0.012722442239522933,382.8860281,68807552,0.06611668647,5530833.52,282799798.4,103954374.7,0.001
4d4128ab00,True,0,13186.761756420135,0.6527846111916006,0.20850485788658263,0.08168768014758825,0.15221509626135232,0.18511869353242222,0.5841800960712135,0.6310206979513169,58.607742730528116,20.539456605911255,12.852453019469976,41.126872648485005,3084.0793550014496,-0.18704883754253387,combined,0.004302607726771384,0.2839468256291002,0.5886300349608065,0.0034462346240878104,6,0.013148976306896655,0.031186576075851916,9,11,0.02083359715528786,0.01305855168774724,779.4195032,17962864,0.01337058569,1541380.669,326785406.9,172637284.2,0.001
4d697c3ab2,True,0,2066.7721889019012,0.7660197812132538,0.20330730501562358,0.06302627577446401,0.10040238127112389,0.1565473817754537,0.476831699674949,0.5476996817626059,53.62222781404853,25.97458267584443,2.8482613060623407,52.932860124856234,2594.575310125947,1.2230534628033638,combined,0.00265465390868485,0.3480143929552286,0.7183127900585532,0.003756613266468048,7,0.005913293113466353,0.02953883990645409,5,8,0.01297903447691351,0.01139113719202578,191.899665,26220140,0.01637503718,2932341.896,136784990.1,131336677.1,0.001
4dc5399897,True,0,5429.506514072418,0.7786182650364936,0.2681552740000189,0.06535829267464578,0.1812367049045861,0.1820425873156637,0.6574778331443667,0.5264380251988768,50.436001643538475,27.062986437231302,14.904318826273084,173.9481199523434,2613.0144270136952,-1.522554837167263,combined,0.004543441421259195,0.25755651956424114,0.7410450372844934,0.0029218297839164733,9,0.006323320913594216,0.02201332047581673,7,7,0.012305577203631402,0.005050640784204006,277.882581,3526267904,0.9321429428,87332815.71,376209898.6,181490162.4,0.001
4df134de12,True,0,3629.81111907959,0.7336599064990879,0.20844172092154623,0.08654495241120458,0.17050372511148454,0.1294173086527735,0.4741750811692327,0.5731642137281596,53.92751954495907,39.98199060559273,9.47735701315105,36.376154854893684,3597.796818241477,6.622431360185146,combined,0.0015364767307415605,0.19089358827099204,0.7330017324537039,0.0055379244387149815,8,0.007952796308789402,0.04026913434267044,7,12,0.007208950327709318,0.003610746894031763,299.3383416,52930672,0.08727140209,5392433.97,473618370.9,307950787.1,0.001
4e66b37857,True,0,1532.526745557785,0.6185204778797925,0.2797297522611916,0.07635782428085804,0.14033042825758457,0.13844073908403517,0.6482087758835404,0.6381206331774593,46.32401203736663,34.68544228002429,1.5690723918378353,58.47547661699355,3372.913788538426,13.962655656039715,combined,0.00420148497838527,0.18894019368104636,0.7088053535670042,0.007856391216814518,5,0.007189697563648224,0.02166482146829367,9,9,0.0031405749684199694,0.001240825667977333,356.4705461,113033344,0.1062080911,11981981.91,511958729.4,210241495.1,0.001
4ea7715a8f,True,0,5243.516287088394,0.690366633143276,0.20475365046411753,0.08696556955575943,0.18924398263916375,0.19136854214593768,0.48067310401238494,0.5385093588382006,49.39682547003031,34.500947799533606,12.21850753761828,75.34418064821512,3225.9394549764693,-5.089309848845005,combined,0.003454312241636217,0.3145155980624258,0.6358617516234517,0.006111768063902855,3,0.006263309370260685,0.04569934539496899,11,6,0.007020233114250004,0.010048391042277217,533.8071465,82696120,0.1189315573,8315167.55,288473677.6,266785448.8,0.001
4f12dd22b8,True,0,7730.418929815292,0.7679571958258748,0.27548291191458707,0.08684144633822143,0.1946079039014876,0.0927663452923298,0.6700254076626151,0.5971013272646815,50.97157157957554,21.46871766075492,8.232514908537269,81.93470241408795,2708.069772925228,-0.1734815090894699,combined,0.0018751859883777797,0.18919858092442154,0.5805013896897435,0.0015049906238913536,5,0.009323470728937536,0.01837928980588913,7,10,0.013665787211619318,0.008212115181609986,238.4686111,149546480,0.4299189712,16531902.98,510394864.3,126893354.6,0.001
4f1f78cb7b,True,0,3187.729866504669,0.6870484000071884,0.22627498537302018,0.07136660325340927,0.18778745625168086,0.08083607349544764,0.3987768949009478,0.6244561031460762,52.59886408224702,26.744779348373413,12.994943210855126,69.77528891898692,3297.394054941833,0.5576466470956802,combined,0.001335564936697483,0.1934429365489632,0.6150030257180333,0.002944933225959539,8,0.013740585160441696,0.016838731132447722,5,10,0.005708567559719086,0.003823324747383594,152.7729493,156091920,0.1580559672,14657675.34,855382769.3,131951761.2,0.001
4f56c8cf52,True,0,7236.387085199356,0.8394251733087004,0.1929151885397732,0.06641534836962819,0.1946856351569295,0.17779541956260803,0.46551527366973455,0.5676455309614539,46.82460602372885,25.41450146585703,15.777822000905871,94.97680850327015,3403.3817760646343,-2.1768690645694733,combined,0.004606465646717697,0.289551120204851,0.6630922200158239,0.0016066270604729654,9,0.011691297367215156,0.012864417508244515,11,12,0.008417595382779836,0.0033413784019649027,559.8862515,155832560,0.1713579904,15417734.65,1243645717,360892391,0.001
4fb0fd7046,True,0,3908.9633412361145,0.5947315593250097,0.2169125626049936,0.08181732136756181,0.11435265224426985,0.05338117801584304,0.4367938805837184,0.5835871300194413,42.736251410096884,39.90792725235224,4.956387754529715,57.54875698965043,3723.2874343171716,9.231331422924995,combined,0.00045798737723380325,0.2771528422832489,0.5504281256347895,0.004419067019224167,7,0.010743434788193553,0.035683170780539515,5,10,0.014016936770640313,0.013235307378694414,435.4952106,275405472,0.5921656805,26159619.48,304176307.4,99444606.73,0.001
4fd870c7f7,True,0,5130.290496587753,0.674607755523175,0.2482772504165769,0.07943162910640239,0.13839342882856728,0.16235135016031566,0.49680215679109097,0.6471306616440415,52.05317569896579,36.118504628539085,7.460232703015208,147.78791990876198,2528.8728959858418,0.38328225165605545,combined,0.002591502573247999,0.3256430918071419,0.573466493561864,0.007380849747359753,10,0.011019835660234093,0.012988583110272884,9,7,0.02370533731020987,0.007424558563157916,260.0744038,415291392,0.2162742354,28800426.02,295963514.2,101765016.7,0.001
4fe0210c7b,True,0,5197.122869729996,0.6833231458440423,0.25399981115013365,0.06661960339173674,0.1778050291351974,0.18830858087167146,0.49180105370469385,0.5862089622300118,40.70426840335131,20.324101001024246,5.625798258930445,67.97023431304842,2549.929790198803,12.959710136055946,combined,0.002048603398166597,0.24348886027932165,0.7020199421793223,0.0016978639356791973,8,0.00828574822191149,0.039412290602922444,5,7,0.012704667760059237,0.013630855418741702,203.0838766,135128400,0.1275036128,12849419.68,169852350.1,144907005.4,0.001
5107987e23,True,0,9221.374453306198,0.6028085654601455,0.19947170794010163,0.06692074192687869,0.19766371287405493,0.14507816703990103,0.42649873611517247,0.5571775094140321,47.238226011395454,35.50929505378008,13.2288435716182,120.95941843651235,3701.6077074222267,4.257384397089481,combined,0.0011870452677831054,0.32545717015862463,0.6417456071823836,0.004850797883421183,11,0.014120605629868804,0.0353014637157321,9,7,0.01480670859105885,0.008036727895960211,538.3564731,490895104,0.2887135987,23527983.84,637594537.1,211711700.9,0.001
516f597470,True,0,7027.264755249023,0.6674173192121089,0.27572117915377026,0.08846123023889958,0.16793726896867156,0.18150837481953208,0.43846444599330425,0.5703185052145272,59.87351292744279,35.637003034353256,12.583199417218566,117.89621947426349,3350.902881473303,10.206950441002846,combined,0.004959487276058644,0.29127708354033527,0.6891313806176186,0.007708140260726214,11,0.007497957974206656,0.04256272781640291,11,7,0.003466689690947533,0.011994821462780237,711.3722251,205953888,0.2395850853,29949090.76,301135563.5,259910021.2,0.001
51772f6c65,True,0,7457.333290338516,0.7979634754359722,0.18554613936692477,0.08873466015793383,0.17530867150053384,0.1771174219436944,0.3796909456141293,0.6077117080334574,47.638615909963846,26.005178559571505,8.287101600319147,53.917821682058275,3367.582374252379,-5.381293199956417,combined,0.0025435655786655844,0.34599279914982617,0.6517254864796996,0.003918126230686903,8,0.004785370721016079,0.04632265970110894,9,11,0.022835144153796137,0.003056101486086845,438.1815298,65039544,0.1306452495,12022760.47,336082233,361110933.7,0.001
517fc53e09,True,0,2318.3608949184418,0.5888951594009996,0.24746476069092752,0.08392142306081951,0.14165182868018747,0.1283238238655031,0.38590508084744213,0.5368484556674957,40.63727870583534,24.594559613615274,13.738577295094728,120.78412152081728,2718.840445857495,-1.220281034708023,combined,0.0032983585452660918,0.3303703888505697,0.6618104815483093,0.004983245833963156,3,0.003303903613239527,0.03244003351777792,7,7,0.024168651124462488,0.004806690983474254,223.523838,328259072,0.5169623559,55738310.34,179588254.1,92774723.4,0.001
5184fe0b4e,True,0,5353.829247713089,0.6863973127678037,0.21548267623409628,0.08816101022064686,0.10397886447608472,0.13975900108925998,0.516006731800735,0.5560623857658357,56.38118673115969,31.70784268528223,17.718182327225804,44.355826718732715,3505.8676190674305,9.263155564665794,combined,0.00127121691852808,0.22342201292514802,0.6222088528797031,0.002838516281545162,11,0.007062889523338526,0.01481709323823452,9,3,0.024437477814033624,0.007396194079890847,489.6080546,381570176,0.1803137132,18725039.78,548100803.8,261963716.2,0.001
520c78d32d,True,0,3500.1963794231415,0.7364512185566128,0.19768331900238992,0.08868979582563043,0.13521143971011043,0.19061904549598696,0.5197700406424701,0.5578867162112147,42.16305948793888,36.52467044070363,14.69142053090036,86.75462044309825,3127.4273549206555,-2.296241894364357,combined,0.004347126715257764,0.2833147962018847,0.7216439440846443,0.0034106020405888556,12,0.00537341188872233,0.019231831431388853,5,10,0.02425033714342862,0.014903648756444454,724.8093754,118596848,0.08393385548,10341912.15,481591097,228445884.6,0.001
52601bfa14,True,0,8508.08229136467,0.6845651097595692,0.2205675845220685,0.07436836774460971,0.17149167377501728,0.18385606375522912,0.6706216127146035,0.5159552012104541,56.92907448858023,21.207362320274115,2.4926552083343267,107.72181523032486,3142.0317636802793,3.1230271980166435,combined,0.001670127876382321,0.30851609983481465,0.5777501760050655,0.0020486392877995968,11,0.003394131573848426,0.02964481931179762,9,12,0.012166752901859581,0.01255091320723295,471.2406133,1190003456,3.222762131,219168214.8,431130458.4,274103508.4,0.001
52fdda247e,True,0,5930.272292852402,0.7328591925092042,0.27684779495000844,0.08135067625902592,0.11642864961177112,0.1856538084801287,0.6796206957660615,0.6375871447380632,55.79022169113159,36.94038514047861,11.496170360594988,99.16225028038025,2582.1003462187946,6.052136145532131,combined,0.004007346606720239,0.18367459614761172,0.5958145359531045,0.003931946949660778,3,0.013850785691756755,0.0491518509015441,9,5,0.02371241950057447,0.012155682928860188,432.2648455,120444128,0.1793938008,12696545.96,66001564.24,160342478,0.001
530a23e112,True,0,5728.932564735413,0.7851015263237059,0.19920655565336345,0.0890837674587965,0.15595468478277327,0.07275713058188558,0.44246404827572405,0.5492950894404203,50.18935514613986,25.401558559387922,0.9084752406924963,155.4892468098551,3600.2097111195326,3.8590546995401382,combined,0.0018671659348532556,0.20681936700828374,0.6140147441998125,0.005214482989162207,8,0.008830975298769772,0.027887375578284267,9,4,0.017963500824756923,0.014193661998957396,907.3705951,334467616,1.545662338,87026228.12,705414216.1,161566764,0.001
534cccecac,True,0,5632.081540346146,0.7490985135547816,0.20161141876131297,0.08029842713847757,0.10922362180426717,0.17935699941590433,0.44502098015509545,0.6059002471622079,41.93940255790949,35.62485033646226,10.133227474987507,169.76296272780746,3293.3947485871613,14.39784274995327,combined,0.0039053090245462956,0.3219289644807577,0.6241674136370421,0.002389602294564247,3,0.007406699982471765,0.03564816568046808,9,9,0.01964922893233597,0.010364522602409124,697.3407886,748639808,1.762419182,84959255.42,242173814.3,293745406.3,0.001
534ed5d7e1,True,0,3412.021493911743,0.7626159098930657,0.2636477008648217,0.06827209713868797,0.1987881986424327,0.05884717172011733,0.498250039992854,0.5637277024332434,52.556597366929054,35.748792104423046,3.3134661857038736,131.35323454160243,3241.5894865989685,6.2086640521883965,combined,0.0017041928909718991,0.20211954043246805,0.5608430676162244,0.006945904825627804,9,0.012117102000396698,0.015152655951678754,7,4,0.006468811503611505,0.009890278290957212,292.3077215,479295232,0.2914948943,25816074.97,976736397.8,127651125.2,0.001
5431a1674a,True,0,6405.219844341278,0.615150145906955,0.2122371176443994,0.061732745217159386,0.11958824349567294,0.11377320094034077,0.4022908431012183,0.5629586607217789,51.68227929621935,29.16634861379862,17.921567229554057,177.21320896595716,2919.0771556459367,-2.4434428438544273,combined,0.001704906504135579,0.30414860057644544,0.6570918140932918,0.006684128400683403,5,0.008934344784356653,0.02960378061980009,9,11,0.007346727192401886,0.012075492143630979,235.8765154,2.637718118e+10,0.3231608072,166458549.9,209069767.5,100381081.7,0.001
544e408538,True,0,4090.8564167022705,0.6958006720989942,0.2285753582790494,0.08900802922435104,0.18139625368639828,0.19726689411327247,0.36895610163919623,0.5218346187379211,49.299832321703434,25.176751036196947,1.4556624256074429,125.1917463131249,2907.509163953364,10.851151555776596,combined,0.0032286641778424383,0.3224720318149775,0.5682526087388396,0.005533626601099968,7,0.009682488923426717,0.04325907655060292,9,5,0.023231623111292718,0.011346411418169736,571.8533153,116065752,0.3595423238,25544980.79,222963912.4,193025290.4,0.001
54b6fcfab8,True,0,4203.334203004837,0.5928482325747609,0.20932261051610113,0.06047753610648215,0.16548029314726592,0.19097187961451711,0.3562844757456332,0.6420442506670951,56.29100367426872,33.375609051436186,7.355248795822263,90.36031626071781,3287.8850693814456,-3.5105512738227844,combined,0.003981688998639584,0.34769797332584856,0.5639848658815027,0.0062891389921307566,11,0.012252399772871285,0.017102383859455585,9,4,0.012795210758224129,0.012790285849943756,642.0347342,86374752,0.03614478978,4275474.59,647335716.4,153681023.7,0.001
54cf9cf6ba,True,0,2567.434114217758,0.7086769615299999,0.20171619450673461,0.06627105737105012,0.1325937601737678,0.08355790292844177,0.6129235216416418,0.5201024026144296,52.06577479839325,34.80339974164963,1.1828774940222502,111.40160465799272,2741.829884238541,12.486781924962997,combined,0.0013288250831887125,0.2930475128814578,0.6759645100682974,0.006258561286330224,10,0.010936067657545208,0.017745569385588168,5,11,0.00371212097723037,0.0032465992774814365,77.11135761,58455740,0.08133490238,7924609.152,327909081.6,75944276.28,0.001
54ddd3615b,True,0,2927.6245172023773,0.6370741745457054,0.19486218394711613,0.07364725302904844,0.12075035013258457,0.1299918883945793,0.6904053889214992,0.5458993635140359,54.99376241117716,22.302715238183737,13.179401725530624,64.65165972243994,2618.3887580409646,-2.021358609199524,combined,0.004184459060989321,0.34164230872876944,0.5584025776013732,0.0031713975444436072,8,0.013293083514086902,0.015280884802341462,5,12,0.016665139749646188,0.004185806771740317,175.9461095,21834238,0.07975216448,5093236.991,255320231.6,66189350.57,0.001
5507438db8,True,0,6768.245793581009,0.6730957775376737,0.1895735751092434,0.08034447225742042,0.13126411000266672,0.10317099587991835,0.5032907417044044,0.5408184862695634,58.790783025324345,26.077713426202536,12.756159385666251,39.47349103167653,3997.3456244915724,-2.763490617275238,combined,0.0012168347052298487,0.26225109118036927,0.6316623745486141,0.0027693859986960886,7,0.013911053495015948,0.03211957462131977,7,11,0.010253638433292508,0.012682316871359942,620.9880956,91213136,0.1145808114,6431606.444,594994993.6,265191357.8,0.001
552700fc6a,True,0,7714.694121599197,0.5766441834159196,0.2023251004703343,0.08097830252721905,0.14876148169860245,0.05664337826892734,0.47263433276675637,0.5944209336303174,57.73222787305713,24.62917970493436,3.458606231957674,33.11620415747166,2917.659282684326,5.462722413241863,combined,0.0013795216017402708,0.216715318178758,0.6273204047232867,0.0014940713845193387,8,0.010007929775398224,0.017836055196821687,7,12,0.00795191585458815,0.014947246802970767,235.928664,646814528,0.06295653768,16642080.76,397033908.2,42583862.65,0.001
553291c98b,True,0,6680.982373714447,0.752824895363301,0.26005413431674246,0.07591010886244476,0.19597375225275757,0.17751849740743642,0.6344435164239257,0.5259432457853108,42.609783411026,33.07934982702136,16.821333842352033,52.56211641430855,2855.992018710822,2.6753197982907295,combined,0.0033845460528507828,0.1912248157057911,0.6432900805026293,0.0027197690546512604,13,0.004178116307593882,0.016638882234692575,7,5,0.02114375820662826,0.007437951127067207,393.0969885,46054844,0.02581043474,4863103.641,612081286,225269995,0.001
5533403369,True,0,4498.052654504776,0.7355044077150523,0.19924226777628065,0.06258612633682788,0.1457159130834043,0.14353851019404829,0.6883550486993044,0.5320756956469268,59.58655875176191,22.728157062083483,0.2943623308092356,179.6809206334874,3177.4155641905963,10.405280150473118,combined,0.004338309964630753,0.22262738515622912,0.6349935473874212,0.004161273091286421,12,0.01343979819305241,0.013694429732859136,7,5,0.011375519223511219,0.01077433369681239,501.8168834,661311936,1.501717474,55107196.89,650127004.8,171276841.8,0.001
5552f3ffc5,True,0,4468.491124391556,0.6975283851847053,0.19254545468837023,0.08429582926444709,0.1341954743489623,0.1694661212153733,0.4511758452281356,0.6197307982482017,47.30887781828642,39.408469181507826,3.3230786193162203,67.78792948182672,3817.242592573166,-5.985094614326954,combined,0.00404978956039995,0.24831907115876672,0.5944483913481236,0.0015689437873661518,11,0.005602242484688758,0.032859620749950406,9,7,0.0033538665864616636,0.002956480925902724,458.9026519,93831080,0.1486073744,13903917.79,526260542.1,356109719.3,0.001
55d87d27da,True,0,2507.641686439514,0.6693479428067803,0.21366091093048453,0.06804713719524443,0.11121354186907412,0.1907071448862553,0.4814688136801123,0.6092654573731124,48.05771743878722,22.371295727789402,4.737898528575897,192.10054795909673,2856.894920114428,-3.0620300695300102,combined,0.00237412971528247,0.25029605614952743,0.7171476859599352,0.0015277543976902962,12,0.005445062111131847,0.04124864649027586,5,4,0.008468477168120443,0.006348200913518667,143.8195114,5266684416,0.253430488,47267618.71,114184239.8,175724272.9,0.001
55edbcf4bd,True,0,6071.079374551773,0.6160177921876312,0.2575422178208828,0.07934772262349725,0.10574042666703463,0.1708190373610705,0.6059867106843739,0.5168358848430217,56.53223751112819,23.561765253543854,8.690760159865022,120.58868119306862,3824.0015860646963,5.594294287264347,combined,0.0007419362738728522,0.21647977182641626,0.716768698208034,0.006125585363060237,8,0.008997016982641071,0.048533099777996545,11,9,0.005025488041341305,0.005105287929996848,268.9087337,317820704,1.952769575,67021099.21,157732000.2,427193100.3,0.001
55ff224728,True,0,3266.403039932251,0.6356381567195059,0.23635391538962724,0.07455998576246202,0.10287823770195247,0.11417206246405841,0.661058702506125,0.6411519953981042,56.65342850610614,32.41330109536648,7.031969167292118,173.39007355179638,3902.336603961885,-0.3632328435778618,combined,0.003213708648644388,0.2357087484654039,0.6471190821379423,0.00787798928245902,9,0.008276001556310803,0.03992003250867129,7,7,0.002848469831049442,0.009457317793741822,496.9711164,1583894144,1.023554221,67980663.63,265083748.1,233554068.1,0.001
564755999e,True,0,3351.8618581295013,0.7248725483193994,0.1995430263876915,0.08596891117282211,0.1913461470976472,0.17501117009669542,0.4945798007305711,0.6401232337113469,44.87482815980911,31.441980693489313,5.797789899632335,66.55018762592226,3907.6986107975245,-2.8770394772291183,combined,0.0037424674678593873,0.2171190501563251,0.6614982271566987,0.007869233506172895,8,0.0065053302487358446,0.022051743492484094,5,8,0.02062810559011996,0.0075929762274026865,997.9154202,103795512,0.07965741168,9291815.211,1280102512,423225710.6,0.001
5674a10fa8,True,0,2420.53737950325,0.7974641791544854,0.24916969409212472,0.07892887897789477,0.13700212361291053,0.15839740708470346,0.6104322142433375,0.5198455387726426,42.001613695174456,28.422690983861685,5.6662471275776625,105.35337360855192,2695.035743061453,-5.941299460828304,combined,0.004715734814479947,0.33678146785125135,0.6145993277430535,0.005579922098666429,3,0.010683353666681796,0.04302588682621718,7,3,0.006286531019024551,0.011601037573069333,302.8627927,51843588,0.04838501775,3996819.891,141152285.1,166871848.3,0.001
56ac5750d2,True,0,6124.967429161072,0.832565099094063,0.18003933357074856,0.07109465902671218,0.13764987885951996,0.17599145672284067,0.4549612259957939,0.5583445761352778,54.95022341609001,23.635747339576483,16.60850421153009,153.57316556945443,2902.0212441682816,-7.238995298743248,combined,0.0030048353507183493,0.349816344929859,0.6190082758665085,0.00315911495834589,10,0.0032298551816493273,0.02461598418653011,9,8,0.009190125843510031,0.011586663821712136,360.3761387,1492570496,0.5999691629,94552141.84,363898610,237805589,0.001
56d807ee65,True,0,6600.546289205551,0.7004095551557838,0.21393523935228587,0.07588434132747351,0.14123302921652794,0.11837407425045969,0.3780141696333885,0.5842620681039989,54.52446669340134,32.34292401000857,17.133520055562258,98.23553065303713,2935.037669725716,10.788829132914543,combined,0.00105,0.2827275722287595,0.7386157812550664,0.0013927087277173997,8,0.003957463058643043,0.01319003663957119,7,5,0.012857813304290176,0.0018820948954671622,78.46062656,412417216,0.6272799699,59278436.9,488827501.2,150711159,0.001
579834a427,True,0,2479.428601026535,0.7524071158841252,0.18125316083431242,0.07442648126743734,0.10254642805084586,0.07140970234759153,0.49062287188135084,0.6269075251184404,40.26040164753795,39.52128799632192,12.562596363946795,81.4575958615169,2590.2535282075405,-1.9281479567289352,combined,0.002605152160022408,0.3289151391386985,0.6555275559425354,0.0022709669157862664,9,0.014427273374050855,0.02544062279164791,5,3,0.006222649202682078,0.004956816835328936,84.78276045,74545016,0.05980711631,5536828.827,162046402,48799818.07,0.001
579fdd8784,True,0,3765.505696773529,0.6715281034819782,0.1811751465499401,0.063815005319193,0.12160977423191072,0.09078155071474613,0.5567951182834804,0.5725475456565619,47.44053300470114,20.076931584626436,9.187693443149328,76.46681916899979,3763.120548799634,4.788945518434048,combined,0.0045011550581082705,0.25225894437171514,0.6221650933846832,0.006261321252584458,11,0.005908396049402654,0.015772132091224193,11,5,0.019847283692099156,0.011259225247427819,1188.05369,175721216,0.9772196048,15441300.51,780518580.6,112036844.4,0.001
57fdc8bd76,True,0,2889.013014316559,0.8192357594147324,0.21296658815816044,0.07392251372337341,0.11466579511761665,0.15027639525942504,0.6570270795840769,0.6293593885377049,53.21412110701203,21.554986145347357,15.336692981421947,101.84736435860395,3658.1738824024796,14.241929896175861,combined,0.001293921525310725,0.3261532768141478,0.6747350787743926,0.0049277390070259575,6,0.007974652318283915,0.01459019623696804,5,4,0.01714321443904191,0.00990911536104977,446.0010895,231555616,0.7513346836,26550518.59,800673005.2,431757608.7,0.001
5854fd9322,True,0,2630.3910431861877,0.7861120449379086,0.23705090807750823,0.06918264174833894,0.12436790568754078,0.08194672330282629,0.4856776997912675,0.5880944306962193,42.12355988100171,31.5132955648005,17.824087992310524,100.03858854062855,2629.3780435808003,4.83269489556551,combined,0.004273521830514073,0.3328419192042201,0.5922492979094387,0.003965254580974579,4,0.010805564304348082,0.025918962061405183,5,5,0.02266488238796592,0.0058959328122437,223.1515964,31408578,0.02991879473,3431841.995,221226277,67958570.67,0.001
593d5e55f7,True,0,5725.816999912262,0.7714054943062365,0.2475468221306801,0.07424333609640599,0.16298844404518603,0.10495601533912123,0.4799021202605217,0.6495471576228737,43.484212309122086,32.82357921823859,17.692637572064996,101.15773098543286,2816.1482103168964,-2.4853145629167557,combined,0.003616432454995811,0.18451647707261146,0.6323507634922862,0.0046717450626194475,9,0.01404494010284543,0.036935720928013324,5,7,0.01988520404603332,0.014433317460119725,453.1743796,299194464,0.09586813377,10681569,254791656.5,101627145.3,0.001
59bf056c23,True,0,6652.455885887146,0.6000615486875177,0.22851675797253848,0.06301302675157786,0.11656769746914507,0.08874690490774811,0.6029698601458222,0.5421073867473751,41.23564487323165,22.9331567697227,2.001694366335869,101.90141904074699,3331.024291459471,2.8023891374468803,combined,0.0006153369721956551,0.30673691908828915,0.5831297604367137,0.0026905352294445037,13,0.014276480325032025,0.03765988100320101,5,4,0.006819961062632501,0.014934070926159618,172.0486528,624382144,0.4121517936,30847915.12,208389904.6,113597384.6,0.001
59da61b56a,True,0,1561.3096544742584,0.5532450024038553,0.19761813312768936,0.06767394882626832,0.15694084968417885,0.08258350347168744,0.42850766894407566,0.5955499403644353,44.9312648922205,26.0495619289577,16.327223382890224,40.250535196624696,3224.9439852312207,-0.656400054693222,combined,0.0040363610755652195,0.2644448619801551,0.5982512010261417,0.0026500877857208254,6,0.008600444475654513,0.013893935158848764,5,9,0.01979228995740414,0.005266501553356647,343.5439291,31738322,0.0138988659,2007099.79,602165185.3,62065541.87,0.001
5a05de311d,True,0,2335.5163085460663,0.7281337082386017,0.267326433416456,0.07533525408245623,0.10790251158177853,0.115378015069291,0.47178876805119213,0.6233753886073828,43.7896585278213,21.84362705796957,6.040521902963519,90.69373609125614,3428.9811700582504,10.308780550956726,combined,0.0024981118969619274,0.3364908363297582,0.6157411504536867,0.0028464368648827075,10,0.011839018729515373,0.012631760574877263,5,4,0.013935256235301494,0.006474816156551241,303.5318426,89156256,0.1679773102,15005216.62,593767396.1,221136296.1,0.001
5a061a7055,True,0,10041.722268342972,0.5876862470060588,0.26606117432937026,0.0717531886138022,0.10308612007647754,0.06437930003739895,0.3600806931499392,0.5540492824278772,46.426426973193884,25.26641460135579,13.19938044436276,36.60568348970264,3458.913171198219,3.185868762433529,combined,0.00493430617172271,0.1848330129124224,0.6874954344704747,0.0018017227970063688,5,0.007707506387494505,0.04939184412360192,11,11,0.019701202109456063,0.009543454729020594,821.557267,175408064,0.01567312344,5314151.063,101329221.3,77360210.18,0.001
5a52ab4e99,True,0,6680.697789907455,0.6796502481214702,0.21336358461529017,0.07677415673620999,0.15015271417796613,0.15948401871137324,0.6985287129878998,0.5585207690484821,52.80866304412484,33.653857819736004,1.492097619920969,74.6920075705275,3620.858375914395,10.596289440989494,combined,0.0006039248213171959,0.19996090777218342,0.5934079002588988,0.004997062583267689,8,0.01448850473575294,0.03460491165518761,7,8,0.022210454127751293,0.010405840903520584,626.6322453,130858824,0.4733238708,15884562.45,476304964.4,335834370.7,0.001
5a8b053557,True,0,2634.0310864448547,0.6452669168822468,0.18979856345802545,0.07422787805087865,0.14801454078406096,0.11950728534720839,0.5891592820640653,0.6017495640553534,47.207568138837814,21.60388806834817,13.660260932520032,180.05068599246442,2850.8728202432394,0.46839603036642075,combined,0.004944604303594679,0.20323759560473262,0.7195447320118546,0.005481991355121136,8,0.0071378406104631725,0.03933690316975117,5,5,0.024052254965528846,0.014048251317813992,466.4331967,237493248,0.4803714632,16650109.21,182432489.1,67206072.22,0.001
5abaa35ec7,True,0,4596.156676292419,0.6551397267729044,0.2723237629234791,0.07133116546086966,0.14863778911530973,0.14005302358418703,0.6669958947692066,0.5702755717094987,44.51585525646806,28.4968301653862,11.548966895788908,128.37522168736905,3993.596953805536,13.280034758150578,combined,0.0027521301734261213,0.2852006695233285,0.7165554601699113,0.0016177630357444286,12,0.014383485465310514,0.013410169892013074,5,10,0.01390747641492635,0.005715445589274167,599.0527516,489363808,0.611942901,28002431.61,1219506373,367177231.9,0.001
5acdff7949,True,0,2898.843722343445,0.6249904016032816,0.2344572511687875,0.07589408285915851,0.18705922206863762,0.07715035313740373,0.42357112639583644,0.5345393287949264,50.07144436240196,36.14035228267312,15.453740425407887,102.37792415264994,3444.4931419566274,1.0490974113345146,combined,0.0013544828138314187,0.23527381018735466,0.6581970538944006,0.003904952621459961,7,0.009264975635334849,0.04600874077528715,3,11,0.015881707773543894,0.003922788571566343,237.5641562,706741952,0.4492685735,42110475.27,323063397.4,141646039.8,0.001
5bb0cab9c5,True,0,5417.087842702866,0.8483716454356909,0.2772654901444912,0.08248103301040828,0.11196187641471625,0.13941597854718568,0.44782537524588406,0.5204796412028372,45.173563584685326,39.883655700832605,13.87312176078558,184.6406974652782,3230.065865907818,1.5500673800706863,combined,0.0032279522542841732,0.23125988670624792,0.6653803557157517,0.005412200330197812,13,0.013234385180287063,0.03145958609879017,5,10,0.0227029253738001,0.012656201362609861,666.2457501,73986096,0.1059590105,12490486.52,309383645.2,238747555.7,0.001
5bd38bef5d,True,0,4728.20284986496,0.6157499238848687,0.24655390653759243,0.08808977130800485,0.1300174099393189,0.0706772008445114,0.412163462722674,0.5246542614884675,48.197061978280544,32.91964076459408,15.159388303756714,160.98080005962402,3247.0761546865106,0.11124447733163834,combined,0.0014873966568149626,0.18563881398178636,0.6022725639864803,0.0017328289508819579,6,0.007548692498356104,0.03651085700839758,5,9,0.014750503017567099,0.013151734689250589,343.6150717,865310336,1.315130926,96226275.65,247293243.8,105603594.3,0.001
5c204a5fac,True,0,6420.49519610405,0.6162731435149909,0.23264272587373855,0.07488423152826726,0.16495933635160326,0.13370255120098593,0.5136704816948622,0.5948352601844817,41.87562422826886,28.034092746675014,10.456079073250294,183.02367087546736,3040.4796171933413,9.056231744587421,combined,0.001698547958675772,0.2418432319164276,0.6106993781402708,0.0018426568605005742,9,0.014357401732821016,0.03448952607810497,9,7,0.010361482040025294,0.00938793308287859,271.8004127,5546053632,0.8216148257,97649109.61,292412890.7,137066228.3,0.001
5c345073a8,True,0,8809.939146995544,0.6862373952753842,0.2586491242237389,0.06612839614972472,0.14953555688261988,0.09961588038131595,0.5364826511126011,0.538916500704363,56.96140410378575,28.850086517632008,11.081741139292717,119.9518767837435,2859.2258212156594,-0.0007231086492538452,combined,0.0035828928726725283,0.18120695741847156,0.6528768677264453,0.004721419546753168,4,0.007852435092441738,0.012645275294780732,11,4,0.022222677882760764,0.012805769179016352,605.3596259,382558656,0.1531411339,13981265.62,483349479.6,102692538,0.001
5c54eccce5,True,0,5840.066693544388,0.8471279447898268,0.19341124773025511,0.08967316349968314,0.14324617749080062,0.13489460018463434,0.6271640483755618,0.6001406233757735,51.5265516936779,39.2042637988925,12.814433494582772,198.7270848248154,2649.749921169132,11.210945419967175,combined,0.0028499585676938295,0.320231634825468,0.6396457398310303,0.004862819363176823,5,0.008131831132806838,0.02137720216065645,9,6,0.02215956248901784,0.013299125894904135,460.4665977,620721920,0.9965932944,58130480.08,330162740.4,143310303.7,0.001
5c7494d455,True,0,6019.222341060638,0.6250243114307523,0.2574155993945897,0.08479406110011041,0.1689093803986907,0.13600181983783843,0.5388939541764557,0.6364287725649774,43.273842856287956,23.816842194646597,17.125848099589348,175.37695442326367,3294.234085828066,-5.069060444831848,combined,0.002263131205737591,0.20206775126978754,0.5684542095288635,0.005658359492570162,6,0.0034862854569219053,0.01108725406229496,9,11,0.006236349510028959,0.008588553424924612,344.1900096,3035203840,0.4935420207,80015918.38,808888439,212219840,0.001
5d1d3ab756,True,0,13080.892500162125,0.8320742193609476,0.26119624620303517,0.07903733225539326,0.1575556845404208,0.0747127096168697,0.6918948786798864,0.5886307259555906,52.299215625971556,28.768519703298807,12.48985012806952,168.64950284641236,3198.596756439656,-2.6545941159129143,combined,0.001601150982826948,0.1902141878940165,0.681392477825284,0.0018105272620916367,11,0.013689643825404345,0.013304508998990059,9,10,0.0174463024251163,0.014806720597669482,731.1590847,3465814272,1.821797746,104130290.2,810393461.2,150699359,0.001
5d2a716137,True,0,4810.070289373398,0.6889467700384557,0.19380749410018325,0.06056923910044133,0.17943519083783033,0.12564577353186906,0.6408946022391319,0.5127761541865766,51.981602907180786,25.699194576591253,8.514493932947516,171.66066284198314,3082.56754046306,13.706694573163986,combined,0.0034631741038523615,0.19142881694249808,0.7207818493247032,0.00506244077757001,4,0.014224207662977278,0.04137227144092322,9,10,0.017104263313114643,0.013794142635539172,708.9966586,194952512,3.036941619,43296016.63,288271260,137891924.9,0.001
5d6accafc7,True,0,6279.847868919373,0.7654290864244103,0.2562886202894151,0.08913996214047074,0.14999213349074125,0.19665758199989797,0.46969488668255505,0.5093952808529139,46.501788180321455,32.22255414351821,0.13897131755948067,69.74471548292786,2735.1429206319153,-6.5347592160105705,combined,0.002877912493981421,0.23282221847213802,0.5723015805706382,0.005103532561659813,4,0.010674389774445445,0.03653433233499527,9,10,0.0203598307762295,0.0103352355659008,439.4573866,159164080,0.06887755616,5772172.413,207188058.7,222933720.9,0.001
5d873afa1e,True,0,4348.765601396561,0.6705696160905064,0.1921159111149609,0.08277038728818298,0.1095678608864546,0.08151077451184394,0.3884001172613352,0.5279178968630731,54.855946227908134,38.87321071699262,6.079069018363953,169.60500108636916,3713.498662225902,2.587879627943039,combined,0.004473441883083433,0.30182776696979996,0.7336972344666719,0.007367119995504618,10,0.014605077893938868,0.011289418414235116,9,9,0.010027166981250047,0.014514458270743488,890.0637515,398317632,0.3250546052,29091466.32,766935567.9,99613551.29,0.001
5da18ee958,True,0,11143.446335315704,0.849384433310479,0.21587683513760567,0.06112938207574189,0.1686537005007267,0.13014854113571347,0.4909114292357116,0.6315701505634934,57.14682821184397,23.203073423355818,3.7162122409790754,125.77292493823916,3726.2896671891212,5.805012293159962,combined,0.0006356707255356013,0.26731010931544,0.7408560249954462,0.003036160049587488,9,0.013626968986820429,0.03481227740645409,11,8,0.01797066006436944,0.007884587801992892,683.6101478,1187442944,1.893827518,47575743.96,719143026.2,419988049,0.001
5df46bb105,True,0,8158.792356014252,0.6598074116744101,0.2566497059725225,0.06988601309247315,0.12606059033423664,0.060329138860106477,0.45912073068320747,0.5466939654201269,55.259122885763645,32.7774365991354,5.7766373958438635,136.9227962223813,3146.750459447503,8.905830517411232,combined,0.0013973001332953571,0.25457163042388853,0.6966382274404168,0.0024466064512729644,6,0.013020186545792966,0.0499357532337308,9,11,0.023740111283026638,0.01466345137543976,699.8303224,471683744,0.2743643943,17585523.55,122658226.6,81525569.37,0.001
5dfcc15371,True,0,4242.140215396881,0.7568226700648666,0.2357243903167546,0.08555496834218501,0.1685912269167602,0.06534227062948049,0.6473622815217822,0.5317896770313382,40.024339109659195,29.960126988589764,11.36720091663301,58.28871958889067,3114.6513423882425,15.826588235795498,combined,0.0034776215345598757,0.2081190285272896,0.6027437064796687,0.002887940026074648,6,0.010829942579381167,0.03894149862229824,5,9,0.012732448308728635,0.01263885083980858,496.5166127,446320160,0.06146395921,6193963.702,327795103.5,81927932.24,0.001
5e5656c2a9,True,0,5174.035093784332,0.5800719317048788,0.2727307090722025,0.08282680358737707,0.19091002261266113,0.18673019446432593,0.36125468113459647,0.5630157997366041,48.70682157576084,23.184416983276606,6.426836611703038,55.880609155632555,3044.9212114326656,-7.888011313974857,combined,0.0013720473038963973,0.31853244516998525,0.6799636028707028,0.007452584703266621,12,0.013233336981385947,0.04311272129416466,7,7,0.005294956765137613,0.010457069715484976,229.8139048,94818648,0.03177278969,4785586.499,234934787.2,159521137,0.001
5e6a793f60,True,0,10298.660434007645,0.8074615494348109,0.25314387829974294,0.06643866883590817,0.1431061524897814,0.11974962921813131,0.546943795774132,0.622448695031926,56.23677100986242,29.988136030733585,17.786022283136845,49.09173929039389,3887.659837026149,4.718410663306713,combined,0.0019046679614111782,0.21099749218672514,0.5677943546324968,0.002993614427745342,5,0.013157782925292849,0.01691567562520504,11,12,0.023079628036357464,0.0053360387757420535,840.0053319,47449088,0.06641361078,4510819.907,1148768337,452416892.8,0.001
5e8b6dbdfa,True,0,1979.17382979393,0.5853234793059529,0.1999377349577844,0.06427206136286258,0.12977281492203474,0.1652170279994607,0.5137364230118692,0.5468775921035558,44.11703482270241,23.698277324438095,11.061762453988194,93.61943088285625,3313.655374571681,-5.208706460893154,combined,0.003185854422207922,0.3433499940950423,0.580131284892559,0.007905158081650734,6,0.012594362600706517,0.04206645891070366,5,3,0.014143400248140096,0.007212247790768742,344.1250653,219476832,0.1172513793,8112744.172,191714028.5,165375425,0.001
5eab7b5dc1,True,0,1620.7956054210663,0.8146964749321342,0.23132573638111353,0.08397062273696065,0.11765902610495688,0.05224789818748832,0.415434725349769,0.6218522396404296,57.53863289952278,33.82675414904952,16.17697865702212,197.00570686440915,3049.0129282698035,5.6300114542245865,combined,0.00189722267575562,0.23052743452601132,0.6948913918808103,0.0073880569636821745,7,0.01127862990880385,0.035962224751710896,5,5,0.011440434789285064,0.004238866699859499,182.3244633,156019424,0.5790146337,27117630.48,227261530,81693691.45,0.001
5ec8f89fd0,True,0,2692.25821852684,0.8172800342552364,0.24079402705654504,0.07617976214736699,0.18388505065813662,0.10041073122993113,0.46795369391329583,0.523486729292199,50.866391099989414,26.040747705847025,9.52972773090005,140.65848244633526,3941.7689223773777,12.638828352093697,combined,0.004480188481882214,0.20975409219041466,0.6373634206131101,0.007178731840103865,4,0.011475879027508198,0.02340598173439503,5,6,0.009493187139742076,0.00969750522635877,958.3252002,385990400,0.5581548285,27978078.91,1333039786,349709655.4,0.001
5f5303ae1e,True,0,9364.277656555176,0.846872603520751,0.21831298770383,0.0645907489489764,0.17745988052338363,0.17190149324014786,0.3584766003768891,0.5137913349550217,46.88138272613287,34.888196140527725,6.26236816495657,50.095577717758715,3462.534455116838,13.751897417008877,combined,0.004391515604127198,0.302778549734503,0.733179104886949,0.0010316435232758522,12,0.0015115984585136175,0.015463511273264886,7,8,0.01609409238677472,0.003766334710642695,556.1951738,268530720,0.2089936478,39258684.24,1107321070,436082673.3,0.001
5f6143b2a8,True,0,3850.9134600162506,0.6515768532641232,0.20191815469413996,0.06204868518747389,0.19098793976008893,0.12250082576647402,0.5992859897669405,0.6109046480618417,54.08446367830038,29.94148038327694,14.490831697359681,123.14643374271691,3843.6300475150347,2.1569843366742134,combined,0.002745870798174292,0.26084847529418764,0.5637291453778744,0.007359242837131024,8,0.00885094372043386,0.04814349852502346,5,5,0.022314083781093362,0.001320706892758608,452.1256743,203044576,0.297050743,33906642.61,431044620.1,247419450.2,0.001
5f92d786b9,True,0,1797.955153465271,0.6270759319886565,0.2763048062287271,0.07897146242670715,0.14603240601718426,0.0963074610568583,0.47543887910433114,0.5324693701695651,54.38088135793805,20.17506154254079,7.0586949326097965,49.58341319672763,3605.80132342875,-7.561572529375553,combined,0.0020976154414005578,0.2967179731093347,0.6872822038829327,0.004507691717892885,9,0.0023344822092913092,0.014895022884011268,3,8,0.010636369165964424,0.008058530250564216,326.405193,197737776,0.2492533988,25296267.46,833076247.5,219303091.8,0.001
5fd3b2b9ed,True,0,7094.655838012695,0.7361579469405115,0.19167254243046045,0.07577701365575194,0.1623467736877501,0.07941513694822788,0.5875209423247725,0.6110160041600465,50.8090472407639,37.60823404416442,4.993139700964093,150.86753521021456,2969.50743207708,-4.322750560939312,combined,0.004255604812595994,0.19422609526664017,0.6277953518554569,0.004054989130795002,4,0.0067229654216207566,0.015422489047050476,11,12,0.018587593713775274,0.014449293201789257,808.2819683,606195072,0.5077029723,17683081.09,577673991.9,66115538.83,0.001
6078668364,True,0,8001.251806735992,0.7907499785535037,0.2528218646720052,0.0743805693089962,0.10013057785108687,0.16167064378969373,0.6278030363842845,0.6019672986585647,57.63273101300001,27.19290630891919,0.7797881159931421,91.52744320221245,3288.7345599010587,12.839350029826164,combined,0.0021768588633276523,0.18533781392499804,0.6192098766565324,0.0032488985054194928,10,0.00984807607345283,0.03244393520057202,9,6,0.015246794188395143,0.014475277060642836,634.6135946,242673136,0.2214174335,13757451.95,251336438.3,316908888.7,0.001
6098c65155,True,0,3906.3023591041565,0.5749846691265703,0.19887101996690035,0.08812362123280763,0.18160259975120427,0.13341077729128303,0.6685896378941834,0.5806303712073714,58.78001358360052,32.48297564685345,14.27563870511949,206.86610208824277,2555.6372362188995,14.424423530697823,combined,0.004951480389200151,0.2664342061243951,0.7038466669619083,0.003963408604264259,13,0.00734739269502461,0.033708973042666915,5,9,0.004887999495491385,0.011263692712411285,235.3026256,208168672,0.2618776045,30332921.03,195667456.7,53971763.74,0.001
61117ed175,True,0,8242.546359062195,0.6805299959145487,0.2197650696337223,0.08968645588494836,0.12728830929845572,0.11039849515073002,0.414914435101673,0.6103683525230735,43.90856087207794,32.197977378964424,9.196153298020363,145.97728176694363,3276.3359984382987,12.78397674113512,combined,0.0008055881527252494,0.27626640811562536,0.6622324483469129,0.006040422470867634,10,0.013112602522596717,0.030758032649755476,9,10,0.017808331500738857,0.009759601784870026,437.1471083,886937344,0.4897260048,60034069.14,329839228.4,151855687.3,0.001
612c04df00,True,0,5462.5093812942505,0.7552040069364011,0.2201338924653828,0.07280943802557885,0.19096323661506176,0.09511403311043978,0.43769730208441615,0.6163092306349427,53.33956165239215,36.68935492634773,16.071024930104613,37.85879583284259,3807.5787820853293,13.742595247924328,combined,0.004461261648964137,0.25158472770825024,0.6926545780152082,0.0062258122116327285,6,0.011944087788462638,0.03382596842944622,7,6,0.02218195076845586,0.009414155298843978,1184.65843,26205482,0.02796266721,2083954.827,850066420,226050532.6,0.001
613225208f,True,0,5917.66944527626,0.791289488133043,0.23891057820990683,0.08742497633211314,0.19170898674055936,0.061145581491291526,0.5495246500708162,0.5221546662040055,51.35643543675542,32.46848871931434,5.078933509066701,116.95845726691186,3467.574877664447,-2.2685564011335373,combined,0.0022595315189100802,0.2419780586566776,0.6186032038182021,0.003139073599874973,7,0.0031444216654635967,0.03917290773242712,5,9,0.008068404935300349,0.010690514735877513,451.5720517,381518464,0.6463995606,59967975.38,551637081.1,171821193.3,0.001
61bf07c84f,True,0,4311.054318666458,0.6292786969803275,0.24392282247543337,0.08317701472900807,0.13679358111694456,0.1968925101216883,0.586301204143092,0.6445808893535286,50.00423617660999,22.23509032279253,11.648421697318554,164.72738335374743,3014.237078372389,9.289769358932972,combined,0.004812164876423776,0.29341140542179345,0.57975267264992,0.0032778829120099543,13,0.002687502724584192,0.049429184272885326,9,8,0.022257913251407448,0.0059908037930727,484.0025523,893230976,0.6672152329,106720123.1,114979261.3,180650177.5,0.001
61c741b6a5,True,0,7713.503481626511,0.6237070757895709,0.2782629959471524,0.06560084131546318,0.17015584670007228,0.15514017534442248,0.4058164333924651,0.5516709093004465,57.07038214430213,34.31617246940732,11.466570658609271,75.46119339577854,2733.2604778930545,0.9559967517852783,combined,0.002178745259623975,0.3008903184812516,0.6832963554188609,0.006910682392120362,8,0.011874734186567365,0.033429489731788636,7,5,0.01720356162916869,0.013951423268765209,345.3163153,133380008,0.04933060513,9573903.845,232227461,121969526.1,0.001
6210d80e47,True,0,5636.233245134354,0.8262090449221432,0.2740510213375092,0.0805581822898239,0.18618706269189716,0.17424144847318532,0.5851810851134359,0.5683760709594935,49.903674367815256,29.51254865154624,14.103675998747349,67.04811522178352,3021.1079479195178,0.6797330230474472,combined,0.002240403837431222,0.3280589073337614,0.6468128003180027,0.00669992658495903,12,0.005846958857495338,0.032370446026325224,9,3,0.024788627373054622,0.0032248225305229424,335.5072436,54453348,0.05533207075,5890309.142,457193939.2,322435108.3,0.001
6242e80e66,True,0,5426.912286758423,0.5875611982308329,0.21118227319791913,0.0787858174368739,0.14493186976760628,0.17485880888998512,0.6867850434966385,0.538659525103867,47.10598438978195,33.12111871317029,15.60057708621025,127.67643332015723,2812.0653992518783,6.449342779815197,combined,0.0025465568718500437,0.22778425611555575,0.6376871787011623,0.0071152991592884065,9,0.006812435943167657,0.0478331357985735,9,12,0.02191682389937341,0.0044547416549175975,273.4956008,952904576,0.3504077849,41040341.65,104177824.8,121529060.4,0.001
6270e3d2f0,True,0,5302.008595705032,0.7345391178503633,0.2270380305312574,0.07698711706325412,0.14443806353956462,0.10289744422771038,0.5404085909947752,0.5957306209485977,42.78848396614194,36.026115007698536,1.2108683232218027,188.6403464190662,3252.5368332862854,4.00829142332077,combined,0.001628548280429095,0.2853362931124866,0.6141409309580923,0.004599979442358017,11,0.00572623003134504,0.04376566201448441,9,9,0.01269042902905494,0.0029925958681851625,223.0477707,233829184,0.4462653666,42803555.09,242258665.3,180287203.4,0.001
6275ffc448,True,0,3378.3893587589264,0.7705624989233911,0.27244767995551233,0.0791682490054518,0.10379915656521917,0.06707044709473849,0.5517105419654399,0.5388818373437971,58.049258552491665,38.70281437411904,1.4456880614161491,148.07054670061916,3298.3356192708015,-5.1650311797857285,combined,0.0044237282465212045,0.25239031377248466,0.7388170005753636,0.0013029181130230427,8,0.009099043196998537,0.04097930662333965,3,9,0.01886118764616549,0.0031779234316200015,315.3398886,205220336,0.2326247851,16248153.17,183367901.5,126137008.3,0.001
631f246a04,True,0,4425.303957462311,0.6550198278389872,0.229944862164557,0.07930128143168985,0.10327650979161263,0.09932181988842786,0.38122101286426185,0.562208321550861,43.86579941958189,30.65242424607277,13.65107580833137,56.27711174543947,3109.6933810040355,-6.542443566024303,combined,0.00036701643913984294,0.3279854309931397,0.558554650656879,0.007044389894604683,7,0.013590227383654565,0.014361227340996267,5,11,0.016027725501917302,0.014407982828095554,294.8949425,26285018,0.2327636744,10851661.77,370606353.2,121900650.5,0.001
63296d8a2e,True,0,2764.656982421875,0.6582063795998693,0.2202815937064588,0.08650357226841152,0.1952768798917532,0.05114412182010711,0.502163984440267,0.5830765829887241,47.03707896173,29.213883094489574,11.512631312012672,172.9129524482414,3646.61903353408,-1.7382050678133965,combined,0.003659104420244694,0.30617639628238974,0.7221375955268741,0.006845613308995962,5,0.013366604916751384,0.04625835727900267,5,9,0.016944246055558325,0.005436406964436173,619.4506612,234060128,0.4441489363,32303504.42,418406664.4,73983842.87,0.001
63bd1765f8,True,0,2595.931748151779,0.627813011687249,0.23742369312793019,0.08152876700274646,0.16076463004574182,0.07313677310012281,0.5212406177073716,0.52430936768651,41.40414984896779,23.63199546933174,3.5398551039397717,72.84505239594728,3138.46479030326,7.329132840037346,combined,0.004977117564436049,0.2040321796759963,0.6735928732901811,0.004159602155536413,5,0.004716325958725065,0.0459336007386446,7,10,0.01767697981931269,0.005405826089903712,444.6376774,398306432,0.3213649841,27613725.79,198664519.7,65673743.04,0.001
63da11d48a,True,0,5971.723831176758,0.6466975803487003,0.23156052103266123,0.0864346828032285,0.16336899753659964,0.08644212405197324,0.6772055900190025,0.5895686838310212,45.502190478146076,26.60796359181404,6.616402940824628,42.92456445656717,3831.4753575250506,12.20880050957203,combined,0.0037763880780898036,0.3228904544375837,0.6756458070129157,0.0011860302403569221,6,0.01100980333937332,0.012559579536318779,11,7,0.014915972907096148,0.001501047719269991,473.1776152,52736460,0.06517478013,6049833.751,1226267340,168264676.9,0.001
63fd703f5b,True,0,3360.8590846061707,0.7542613445781171,0.22793745055794717,0.07682284153997898,0.17810344994068147,0.08552332329563797,0.6281575604807585,0.5861082564573735,45.90996602550149,22.885751575231552,3.3966219071298838,161.72454591467977,3669.7000763379037,-5.053319454193115,combined,0.004506743940152228,0.2971479448955506,0.5514890132471919,0.007429998619109392,4,0.007252875291276724,0.038250688575208185,5,10,0.013443553275428712,0.012668123221024868,999.9046655,791248128,0.4891913513,38908255.67,590945794.1,158170645,0.001
63fdac1f7b,True,0,2394.1964995861053,0.6994500725530088,0.22578235941007735,0.08009316503070295,0.14860323807224632,0.12403372093103827,0.6089603955857456,0.5081971185281873,47.93552299961448,38.031003549695015,16.772692753002048,170.31022058427334,2568.604037631303,7.913929797708988,combined,0.001916992735583335,0.24635132933035492,0.6885044539347291,0.006216822244971991,12,0.005962166000157594,0.027696504592895507,3,7,0.014784287409856916,0.014649182949215172,189.8487843,547736320,0.1392401295,33993103.28,220852877.3,94087157.4,0.001
6430f26e7b,True,0,5533.335402965546,0.6345874368213117,0.2249740642681718,0.06191247537732124,0.1120974880643189,0.08588557587936521,0.3712926366366446,0.5843748904764652,50.62169520184398,20.302691906690598,8.629155334085226,180.17972856387496,3995.9278660826385,4.2827241867780685,combined,0.0016168019947595893,0.3436128883715719,0.6526752669364214,0.004839340901374817,3,0.011992181598208845,0.040430269837379455,9,12,0.005088517539203167,0.013253925401717423,499.9800353,2.57164841e+10,2.482049741,260083275.5,319702634.3,218595489.7,0.001
64de9ba832,True,0,8231.317846775055,0.8038735455833375,0.2181184165365994,0.07360196060501038,0.11189046548679471,0.12467835270799697,0.3899490085430443,0.5520775963086635,42.374927289783955,29.105020184069872,10.091351503506303,117.43495591171086,3307.230870705098,-3.630002424120903,combined,0.001529637063574046,0.2973349990416318,0.7436220509931445,0.004356843860447407,13,0.008162348695099353,0.047151904441416266,7,7,0.023263791697099807,0.007700970135629177,429.9747194,383494560,0.1405117446,18958068.45,159957014.3,226316178.4,0.001
657fa65966,True,0,7614.635963916779,0.7837469560094178,0.20135829105973244,0.07781064690090715,0.17784603610634805,0.09317450569942595,0.41515615778043863,0.5364311926532537,56.00042240694165,39.49069568887353,16.87207853794098,78.78694485500455,3316.340218298137,-2.6284392029047012,combined,0.002796706643514335,0.3319304366223514,0.7143266841769218,0.002250106752663851,10,0.00956161104608327,0.04869784913957119,9,6,0.018097145347855982,0.012580277275294063,760.0650595,134184656,0.1672379674,14935207.47,290000609.3,166371464.7,0.001
6626787a26,True,0,7813.165079832077,0.6650696590542794,0.22654215415939688,0.06524096597917378,0.15574338538572194,0.19838818558491766,0.5148358730599284,0.5999644679017365,51.18339220061898,29.18880930170417,5.568649537861347,138.5942608723417,3826.2604237534106,-7.750621236860752,combined,0.00046939951060339806,0.21360294255428014,0.5729625096544624,0.0032379793599247933,12,0.010531413671560585,0.031270798705518243,7,6,0.009240315577946603,0.00857727407850325,318.1856521,729150592,9.442142385,127276096.6,647485875.9,461397078.5,0.001
662b80c974,True,0,5335.850720882416,0.7539203871972859,0.1887320113554597,0.08310275120660662,0.152190965320915,0.17295708484016362,0.47744989222846923,0.5963075831066817,58.8150630146265,33.4546310454607,10.989907801151276,119.84514228533953,3026.387781370431,12.335695683956146,combined,0.003781148983445019,0.2749501726776361,0.6675583286210894,0.00416925999224186,4,0.009175817172043025,0.04687145162373781,11,10,0.020965730682015418,0.0045259211305528875,444.9570899,157337456,0.2245817468,14682876.83,182327378.8,220333099.6,0.001
665a5a11e6,True,0,4235.118614435196,0.808098836429417,0.2195844099111855,0.08441019175574183,0.17923459978774192,0.10329128121957185,0.6780686785001308,0.6379688507411629,51.5687832608819,29.398554246872663,4.131183721125126,100.40974614582956,2845.3617049381137,6.5658214166760445,combined,0.004709448825754225,0.18783588458783923,0.6672295685857534,0.003439267760515213,11,0.012524489060975611,0.01790095053613186,7,8,0.0085718535464257,0.008997207690030335,378.3023602,317334880,0.3908663689,21433222.68,568713794.1,107809041,0.001
665a611b32,True,0,6101.802903175354,0.810892822034657,0.2689575977809727,0.07997611773200333,0.12388941878452897,0.10755995051003994,0.4007361183874309,0.5811356724239886,48.682273365557194,35.71834985166788,8.033665705472231,137.39792848937213,3968.637860380113,14.312827609479427,combined,0.003642038972210139,0.20505422144196928,0.6192530877888203,0.007023454803973437,9,0.010183126748073845,0.03836027216166258,11,5,0.017490170651115477,0.004119360251352191,820.9111392,152324160,0.1636913594,15919823.53,486303813.8,361466798,0.001
66788b3c96,True,0,4226.195803642273,0.6594768255017698,0.2317468931153417,0.0766731048747897,0.19152657045051458,0.09762639249674976,0.5295852412469685,0.6422763306181878,40.68840779364109,38.18732086569071,13.291092161089182,179.80919180065393,3740.255979821086,5.568730756640434,combined,0.0023559467158280312,0.1982721955794841,0.5777018388733268,0.0053776805818080906,11,0.01033607494784519,0.03338973574340343,11,5,0.014693231092765928,0.0033876629956066605,479.9619137,425499552,0.2316277952,26946846.89,720840709.5,197307267.2,0.001
66aa0ae993,True,0,1578.2889885902405,0.8009143459610641,0.22768876181915404,0.08918186844326556,0.14733214862644672,0.10644226381555201,0.6923426333814859,0.560114269843325,53.896075896918774,24.510557558387518,12.95669375360012,107.14444229379296,3448.3696590177715,5.610023833811283,combined,0.0030881705636158587,0.2913891594763845,0.7023871948942542,0.007841446665674448,4,0.011972599238622933,0.02072515368461609,3,9,0.012227054894901812,0.0021241486482322216,336.6984672,169678320,0.1320816387,13977158.96,736102748.3,239544444.1,0.001
66f7204e6d,True,0,3406.9261314868927,0.5801856045611203,0.18703694140538574,0.06895309958606959,0.18679350279271603,0.16821113978512586,0.5024135096929967,0.5380145112518221,57.242595218122005,25.356792230159044,10.195958325639367,142.02983891405165,2994.680607691407,-3.896565206348896,combined,0.004502898647729308,0.29603917610831554,0.7359612183645368,0.005860695543885231,7,0.004238379308022559,0.030453158318996428,5,7,0.014959975203499197,0.00946921208873391,423.3585842,259657872,0.574494219,43929133.69,362219419.5,115034107.2,0.001
672b27df8a,True,0,1110.0982851982117,0.7022805906832218,0.2398065309226513,0.07445289968512953,0.16044303411617877,0.13062751521356405,0.5723941791802645,0.5721408393699676,52.17626629397273,35.256492514163256,12.250478781759739,116.7487921398133,3212.5018280930817,15.384969986975193,combined,0.0038336816040799022,0.2506669599469751,0.5508531650528312,0.0036438985958695412,5,0.013810705253854394,0.024496006444096566,3,3,0.013787030275911093,0.003502729685977101,298.6384245,435299712,0.372207987,21018534.05,528220618.6,192567754.2,0.001
6917df855a,True,0,5088.433134555817,0.6847004587762058,0.27544801115989687,0.08233573489822447,0.17652092780917883,0.07457124572247267,0.3876462749205529,0.5040970593225211,56.25238249078393,38.43261247500777,4.857594821602106,76.94394027255476,3973.429463338107,6.609596453607082,combined,0.004056121142208577,0.26580297718755896,0.7470916006714106,0.007534592747688294,3,0.004182910575997085,0.028047041483223442,9,11,0.01147938651498407,0.007132366565987467,993.0022413,86134792,0.2386163615,17916575.87,986164146.1,238971269.1,0.001
69a54a009e,True,0,3713.5152549743652,0.601125155761838,0.18501599879935382,0.08084292531944812,0.12780720088630915,0.18067920692265038,0.5743630746379494,0.5216838769149035,46.69764459133148,27.201176937669516,7.077987005934119,75.83213596977293,2565.432303119451,-0.854310154914856,combined,0.001733636283222586,0.24104802214540538,0.5582259621471167,0.007665260475873947,12,0.010241707575973123,0.04039286188781262,9,8,0.0025501108737662434,0.0031554395668208597,87.72802111,140770560,0.02592312875,7453943.744,96433611.99,89050857.66,0.001
69f9dd76a6,True,0,6391.5336124897,0.6726161977276206,0.26409291449934247,0.06952338217757642,0.16376451998949051,0.1481935180258006,0.6217758128419518,0.6039893769193441,56.462200824171305,21.522904727607965,16.38181439973414,68.2650489686057,3696.2906694971025,-7.366592116653919,combined,0.004494896225631237,0.27231722714379425,0.6695226470008493,0.0023199527092278003,3,0.0038571784109808506,0.04081816099584103,11,9,0.016394012078642845,0.013713999962434172,1395.991451,53047736,0.1470693371,8683887.822,439729804.9,312845122.8,0.001
6a2651a889,True,0,4242.637694120407,0.5594978529959918,0.2681257168017328,0.07384849366731941,0.19927017856389284,0.12516930955462158,0.3739234509412199,0.583406372461468,57.03029090538621,32.755341324955225,16.029227077960968,178.93722611106932,3693.756497465074,5.286800146102905,combined,0.00262212195713073,0.34478583476506175,0.5873227180913091,0.006117645655572415,11,0.014884223005268721,0.011681201197206975,7,6,0.015919640272855758,0.011162297166883946,748.8669374,154379200,0.2297035698,20346298.17,1288710913,164984617.4,0.001
6a7a9252be,True,0,3452.694755554199,0.7966801865026355,0.22954537423327565,0.0709395444765687,0.16779211871325972,0.09091528286226094,0.3618508014362305,0.6248387109022587,44.661892615258694,24.177946839481592,0.9145290870219469,137.58685563504696,2610.9510203823447,-4.537443175911903,combined,0.0009799080262891948,0.1990937384124845,0.6772152695804834,0.00693090098425746,7,0.007079857546370477,0.03436604376882315,5,5,0.02107984965760261,0.014793730571866035,266.9910672,207178864,1.044682834,24140708.68,238125963.7,90028649.69,0.001
6ab38bd3df,True,0,9224.04168510437,0.733775724004954,0.25175267608836294,0.07267634281888603,0.15115874959155917,0.14810013901442293,0.43418289069086313,0.5513819711282849,40.118322782218456,31.53058670461178,5.391880547627807,163.23943894635886,3553.4155922941864,8.59820955246687,combined,0.0031974670846015214,0.2532318666484207,0.6768668821081519,0.007749015013873577,13,0.009505538464989513,0.032610718458890915,11,12,0.014675957131199539,0.00239735253714025,486.3567971,3821032704,0.475063366,100833303.2,519517961.3,280317822.6,0.001
6ace1bc467,True,0,2340.590272426605,0.6505908584222198,0.19165594328194857,0.08592237174510955,0.16808687355369328,0.0987062955275178,0.4759561343118548,0.5176916911266745,56.73446387052536,21.895109321922064,8.368059754371643,142.66829890199006,3301.7443870194256,14.461632877588272,combined,0.001735388863645494,0.28194308136589824,0.6944326497614384,0.004564422336220742,5,0.011925319998990744,0.025715832598507404,3,10,0.009275441402569414,0.0013376537170261145,152.05217,1055112448,1.720758688,85168429.7,555933184.7,147307416.4,0.001
6b5a55ace6,True,0,6096.550501585007,0.8201644639484584,0.1914451444707811,0.0881449784617871,0.11299121798947453,0.11491041746921839,0.5642170197330415,0.5428345901891589,48.75991050153971,39.70172792673111,14.556935660541058,97.15249728318304,2818.489905912429,7.8888863027095795,combined,0.003339309769961983,0.1818058606982231,0.6761540895327925,0.0035664488717913625,6,0.012075487787369638,0.042947880886495114,9,8,0.01836674563586712,0.0038566693179309364,241.0654441,102303352,0.2499334299,7522043.047,125463040.2,136641191.4,0.001
6b6b310711,True,0,5751.291035413742,0.6445493865758181,0.2527329337969423,0.0842710782866925,0.17957378178834915,0.11032226579263807,0.5447488355915993,0.565550052234903,55.391773991286755,35.23270754143596,3.6439766474068165,130.4144230466336,3380.042762029916,8.199229329824448,combined,0.0023890796416439117,0.3371864160802215,0.6991212485358119,0.0028821038879454134,4,0.005803479624912143,0.036930295675992965,9,7,0.01663315317314118,0.004848498711362481,406.7923462,581863744,1.166125247,66949068.45,431500502,208397892.2,0.001
6be72fc112,True,0,6839.098802804947,0.6054719503968955,0.27666183935478333,0.07818543132394552,0.16445643538609148,0.17796293580904604,0.4178017659112811,0.61131800734438,48.44188962131739,24.7440274246037,1.936689119786024,145.53939779568464,3534.470323007554,11.78703036159277,combined,0.000929656714387238,0.28538644060492513,0.5773471478372812,0.0046495971709489825,4,0.013684537523891776,0.02200896102935076,7,7,0.004109566424041987,0.014667970264330504,270.466691,1084081408,2.122092801,77316270.37,691482305.5,352892396.5,0.001
6c9191ae82,True,0,4759.78676366806,0.7224115695804357,0.1939330791309476,0.08343539600260555,0.17436556685715915,0.05324284029193223,0.5695281555876135,0.5190283319912851,45.59297984465957,35.885037146508694,14.191937120631337,104.89396549854428,2627.330921590328,-5.442274160683155,combined,0.003995274551119656,0.3303180501423776,0.7484577333554625,0.005173378806561232,11,0.009363867701031267,0.014276776984333992,9,9,0.015586373100988567,0.00931798952817917,343.4628839,75787920,0.07780987454,6342384.805,439835290.8,27982118.27,0.001
6d23d3f6a3,True,0,4046.430773973465,0.6703200594522059,0.2252737650834024,0.07604192644357681,0.1351873087696731,0.1770016773603857,0.5391738151665777,0.5146797145716846,40.41717881336808,29.481079373508692,17.610679054632783,101.2630172567442,2977.088674902916,9.195661932229996,combined,0.0037503660054877402,0.2715775919239968,0.6474594209343195,0.004092284482717514,10,0.0017166561372578145,0.02366659015417099,7,9,0.024022744546644388,0.006371856836602091,395.6190013,246482992,0.2464693599,45454329.57,335342533.6,183627917.1,0.001
6d24991712,True,0,2418.269230365753,0.6240009196102619,0.2593592697940767,0.07098426871933043,0.14615313019603493,0.11488968958146871,0.6907985722180455,0.5794401208404452,45.895011089742184,30.457030441612005,3.7194574121385813,146.95962010510266,2669.8047379031777,-1.5863421931862831,combined,0.0023069682808592915,0.21781951929442583,0.5646278142929078,0.007723714339733124,10,0.014091388628818095,0.03192610323429108,5,3,0.022686353616416452,0.013633147263899446,279.1708331,145457664,0.06208016974,11528516.58,190407015.7,77441278.78,0.001
6d3987b9f4,True,0,3901.075923681259,0.6074857652187348,0.2784554819762707,0.06751407522708178,0.19841011771932246,0.1789290559012443,0.44413387994281944,0.5293769914656877,51.57300928607583,20.89109992608428,4.502874456346035,158.94108092784882,2636.822147294879,-5.6844386756420135,combined,0.003622261344175786,0.26143836878240106,0.5822029609233141,0.004125603272020817,9,0.01285914767626673,0.012521216869354248,9,3,0.017429862403310833,0.012283344369381666,375.897179,116482792,0.1882254327,14540388.87,468356558.7,110439114.5,0.001
6e774646dc,True,0,1439.6984407901764,0.6258348965086044,0.2272880207002163,0.0758378885127604,0.11801080591976643,0.19226202815771104,0.3963282703887671,0.5743315265979618,46.38654500246048,21.85843812301755,15.10703475214541,231.35521358437836,2797.841129358858,-6.373971939086914,combined,0.004418969582300633,0.21508151826448738,0.7054857656359672,0.0038256173245608807,5,0.011084951895754784,0.019667845256626605,5,3,0.02279549395106733,0.007043614000082015,269.315842,211143312,0.2398923483,29791852.07,255299880.6,135204743.7,0.001
6efa9a4906,True,0,3809.1093657016754,0.591274250857532,0.18272802403196692,0.06453170358203351,0.1467956560663879,0.05993120828643442,0.5392444728408008,0.624305365793407,50.30779181048274,25.64291898161173,14.11768189072609,132.305059466511,3664.1891063190997,12.849255248904228,combined,0.004595311563368887,0.2818396176677197,0.6116646938025951,0.0012522031597793104,13,0.012834780578501521,0.019626813642680645,7,7,0.019522824018262323,0.010295285291969776,821.7877763,1173829504,1.506398341,47019018.53,730872878.8,32396938.83,0.001
6f1e28c9d4,True,0,5200.456294536591,0.7074437078088522,0.26318141195923095,0.07053786017931997,0.12923407591879368,0.1121053505688906,0.4106359357014298,0.554691485548392,55.678098648786545,22.521967962384224,1.013467663899064,104.41746038664132,2836.1506960354745,-7.15922088176012,combined,0.0044312004958279435,0.1904429030045867,0.6235331330448389,0.0059225528828799725,3,0.014388575648423284,0.021903286427259444,11,7,0.007042298031039536,0.0055739224851131435,275.2586973,30556198,0.05185506789,7828194.384,307283096.6,113954732.7,0.001
6f216e706c,True,0,2338.0836865901947,0.6737630295567214,0.20036290233954787,0.067168233320117,0.1728924444876611,0.19483400383032862,0.40860898429527875,0.6209238024894148,50.03281721845269,31.114037949591875,17.31638470105827,61.518638268113136,3790.19941855222,11.939752906560898,combined,0.001428091340418905,0.21088249610736964,0.6311476336792112,0.002662995608150959,9,0.007101935944519936,0.03882840853184462,3,4,0.014502261757850647,0.00902785177528858,362.7548189,72094144,0.6274611404,16942294.48,548397911.6,429127498.6,0.001
6fa9d7ca6a,True,0,5131.513840198517,0.8046185500919818,0.2560538001544774,0.08278030053712428,0.1684314693324268,0.11511338762938977,0.4342751610092819,0.5905854015611112,50.5579099804163,32.73140361532569,8.864133473485708,192.39422824420035,2711.396495811641,12.251439519226551,combined,0.004114989004004747,0.2643233574833721,0.6626539805904031,0.004907176012545825,9,0.005146123843733221,0.049120263122022154,9,5,0.01880105579551309,0.012501431360840795,494.2594699,439775264,0.142719605,26423116.75,148282539.8,125007854.4,0.001
6fbe698a71,True,0,2070.2146286964417,0.5795877829194069,0.2556848581135273,0.069665213143453,0.10084418812766671,0.0903070145752281,0.4634454190265387,0.6314095182344317,42.469683941453695,38.38248712942004,1.7082881424576044,84.6865202235058,3245.6587539054453,13.220535092055798,combined,0.0013078808176331222,0.26881892000325025,0.6820409495383501,0.007344542997330427,4,0.006515675407368689,0.046090777106583124,3,9,0.023952256330288947,0.013891077365726232,354.2875795,2682143232,1.01487,102967005.6,95888327.34,126513142.9,0.001
6fe110fa45,True,0,3400.695504426956,0.7855000123381615,0.26058386342599993,0.07388752743601798,0.17254067640751602,0.05363425645045936,0.4004196683876216,0.5745916299056262,43.88013953343034,23.23738357052207,13.961035637184978,42.21415045950562,3550.8409622125328,-0.07375188171863556,combined,0.002867209263890982,0.23728540625423192,0.5700619384646416,0.006300554225593806,13,0.006909890592098237,0.015541516616940499,5,4,0.002472677364945412,0.011906972883269189,374.4091717,111218248,0.04715447213,7546118.301,1099047178,124853972.9,0.001
70347fb319,True,0,5019.862320184708,0.8486210422590375,0.23785711202770474,0.08876776621676981,0.13631198192015292,0.11907377289608122,0.636804217332974,0.5119283978827298,59.47519266977906,29.24160735681653,7.404183419421315,90.0415670555085,3829.7078195028007,7.220611110329628,combined,0.003967593785002828,0.2567877137847245,0.5532767996191978,0.002587392296642065,12,0.0032991222445853054,0.04349647730588913,7,11,0.008662953732535242,0.00450024864450097,647.4387237,1215717760,0.6267448687,65187331.13,406745511.2,428456603.5,0.001
7085ad0ed9,True,0,3035.1234555244446,0.6471585808321834,0.22868005802854896,0.0730356287676841,0.15808671833947302,0.06806485513225198,0.5360361943952738,0.6052900191862136,59.19299304485321,24.4358541816473,10.440490627661347,156.68968580383807,3880.9385006316006,15.764043435454369,combined,0.0021326992836780845,0.2922622930910438,0.7316837629303337,0.0031307928830385206,11,0.006234497592318804,0.0202221892029047,7,7,0.007317007795907557,0.00445066169463098,351.8298685,609098752,1.504281281,106729296.6,1003786308,163746868.5,0.001
70a44bb8df,True,0,4699.083678245544,0.6518216892145574,0.2132010142505169,0.07076013523153961,0.166613610368222,0.13834092570468787,0.3939103453885764,0.5819919402711093,41.18867455050349,39.3384113907814,6.896173417568207,165.2045044573024,3221.5920062735677,8.108589239418507,combined,0.004367058123648166,0.22726631699129937,0.6547261722385883,0.004098517902940512,7,0.007827378147281707,0.036744110435247425,11,6,0.009040503936819731,0.00892802493274212,523.4149599,1061641216,0.6298592355,49752334.95,340169782,155162202.2,0.001
7108ddce8a,True,0,2280.940027952194,0.732200291659683,0.27776133736595515,0.06920814044773578,0.13226670976728203,0.0916200684849173,0.5952467758208513,0.5667805973440408,46.481159050017595,28.79666404798627,16.663085538893938,181.4783141463995,3924.180577043444,-1.9490042552351952,combined,0.003763899407815188,0.18768887285143138,0.7479842606931925,0.001817352779954672,12,0.008822320623323322,0.030057066157460212,3,9,0.006871354838833213,0.006683595668524503,527.9206542,216770832,1.421591582,61391094.63,651615624.8,267430372.6,0.001
716392e140,True,0,1933.8998365402222,0.6078910836018623,0.18133598670363427,0.08422167520970106,0.18023105654865504,0.1981978371739388,0.39868220202624793,0.5148310967721045,43.116576354950666,28.06286497041583,9.733692660927773,45.5475985808298,2686.2824293784797,-3.2861905694007874,combined,0.0022551285647787155,0.1829938139114529,0.6260924426838756,0.0019628753393888475,3,0.004609063502401114,0.020185142904520035,3,4,0.004813630413264036,0.014583543447777628,132.2117417,146354096,0.1101242117,8772882.022,358378240.7,131293599.4,0.001
716611e421,True,0,9983.334015846252,0.7014699704013765,0.19493447916582227,0.06561115549877286,0.10186776025220752,0.18686973596923057,0.36282295514829455,0.6389118473976851,57.774625178426504,37.840199675410986,9.804446266964078,73.03465191833675,3699.7488094493747,15.19571153074503,combined,0.0016734151394106448,0.26468249473720784,0.7137117445468902,0.005361937758326531,6,0.007886355020105838,0.026238304562866688,11,11,0.008772201597690581,0.012020330315455793,603.7308651,109535664,0.1183039755,9776626.327,425777224.8,395198186.8,0.001
71796afb97,True,0,3978.2920672893524,0.6193531160242856,0.2687825936079026,0.07234433493576943,0.12815356925129892,0.18516536788083615,0.46113435933366415,0.6123828508891165,53.899021465331316,25.827307235449553,13.679824411869049,152.03379070945084,3322.9256463237107,-6.24179607629776,combined,0.004174139629583806,0.3226568993367255,0.6470571605488659,0.006698077677935362,6,0.011677484967280178,0.025951076373457907,11,4,0.015233921458944678,0.004985495794564485,509.7804206,122989160,0.1784483557,13055091.02,379530407.4,236600053.7,0.001
717d03b4dd,True,0,2016.7094688415527,0.800319463852793,0.2347313602641225,0.06507763559930026,0.18889603642746808,0.1658630774356425,0.41231304286047815,0.5593497510068118,41.289688143879175,38.85969627648592,9.569290230050683,33.0807035965845,3856.1006053350866,12.57343864440918,combined,0.0029210110320709646,0.25237481757067143,0.5853748381137849,0.00659172206223011,3,0.013560307195410131,0.037531656846404075,3,12,0.01701589448750019,0.006583891740068792,785.6911217,27300102,0.103621086,3964277.3,790338698.7,554654962.1,0.001
71e34da127,True,0,5461.939410209656,0.7428633733652532,0.2511797728203237,0.08166209064424038,0.16565640904009343,0.13170720045454803,0.6608663977589457,0.6123533569276333,53.53755168616772,35.848236568272114,4.184555741026998,76.64155041519552,3201.058331411332,12.673102289438248,combined,0.0017844167042523622,0.2167858959082514,0.5655302988365293,0.0014589831285178661,12,0.002686466243583709,0.03607682630419731,7,4,0.005209319642744958,0.0028890874441713094,165.2006284,709503744,0.4027934997,42571539.14,382078891.4,262382945,0.001
721b5cd968,True,0,3537.755599498749,0.5859725839458406,0.19236772313714026,0.0811836554389447,0.16509416624903678,0.11164049203507603,0.4115434359759092,0.6287794158793986,45.34075913950801,38.50571949034929,15.644102046266198,115.66068492271006,3492.444355972111,15.87619698792696,combined,0.002974595545884222,0.2866683619841933,0.5826423641294242,0.007791708559542894,9,0.0058775277673266835,0.048775289840996265,9,10,0.009890548875555396,0.003997016295790672,387.5690916,614160576,0.7647607167,72593077.1,228032966,132565669.6,0.001
7260e4c4e4,True,0,3504.6620483398438,0.7398715851828456,0.18965157747268677,0.08883455702103674,0.13823205512017012,0.08496730318292976,0.5270798320416361,0.6353146698325873,53.510065730661154,34.13337489590049,9.381114844232798,44.70431207213551,2731.3008084893227,15.949196435511112,combined,0.003396618651226163,0.3441578543372452,0.6904645405709744,0.005761309165507556,8,0.00560723314108327,0.0418263703212142,7,10,0.018129683585837483,0.003097794162109494,197.0510376,22011476,0.03752507284,3530551.462,149058332.4,67985832.23,0.001
72e09fcf5e,True,0,2763.275022506714,0.6106005030684174,0.27116831440478567,0.08978079655207694,0.14724275628104808,0.07423223196528853,0.523939225776121,0.5462360116187484,48.096339367330074,27.382980696856976,7.799327155575156,205.75618052110076,2886.1893587745726,4.057568296790123,combined,0.0024462632951326667,0.19354721799492836,0.5940017992630602,0.0023109156966209412,4,0.01098124806024134,0.03391175787895918,5,11,0.009758329324424267,0.011852432548999786,248.3443763,594209024,2.161209974,106588063.1,224756652.9,81428962.91,0.001
72fec3c363,True,0,3327.353225708008,0.8337878827005625,0.20859122892841697,0.08534600579179823,0.13931992696598172,0.06106449090875686,0.4169665505178273,0.644315567612648,47.99578411504626,35.097773373126984,17.517332648858428,159.00973307620734,3574.805616866797,-0.8420300856232643,combined,0.00031802297281101344,0.20197609543800354,0.63010174036026,0.005398271129280329,13,0.009225620022509247,0.03284639623016119,5,3,0.009064241274259983,0.005771700371056795,164.7099902,571612096,46.55588479,343663755.4,528923477.2,164672053.2,0.001
734110abe9,True,0,2408.9354305267334,0.5527202092111111,0.18067302724346518,0.0845855356939137,0.14817994087934494,0.14026127783581616,0.4862779506947845,0.5239406452514231,46.24540155753493,31.164013240486383,12.030390992760658,72.4502126602456,3015.736786648631,8.24185061454773,combined,0.0039537242781370885,0.2081937214359641,0.5895374359562994,0.0027686704255640506,9,0.001909978011623025,0.01718449156731367,9,7,0.004061926426365972,0.0015094968471676112,187.2505694,353251744,0.5649505088,66967621.7,420820100.4,95630087.43,0.001
7374548ad0,True,0,3816.6121757030487,0.718060293700546,0.18667777750641107,0.06589095826260745,0.15351702235639098,0.10339361685328187,0.5974513212684541,0.5519365149084479,44.75259557366371,28.3510304056108,17.972723945975304,85.42659276351333,3668.2796999812126,8.096173629164696,combined,0.0030065341789275407,0.22105972892604767,0.7328503925353289,0.0017598256930708885,8,0.0049130553156137464,0.04931499440222979,3,10,0.002618580729700625,0.013294619522988795,383.8874922,869065152,0.2663918115,21023219.42,287188554.1,207550650.6,0.001
73a64ea683,True,0,2248.2386322021484,0.7143142837099731,0.2453569668531418,0.06680367261171341,0.17314501572400331,0.16140544414520264,0.5899476018268615,0.634804349532351,46.72583336010575,38.24181340634823,2.3155257627367973,193.2645512893796,2851.6445700079203,10.469325803220272,combined,0.00438116394765675,0.2844932891894132,0.6722741482779384,0.004789476215094329,9,0.0031560297044925393,0.025808961987495424,5,6,0.017512682312168182,0.004511108424514532,308.3166376,292997728,0.2054185608,39430229.27,390391313,165250831,0.001
73cbe1847a,True,0,3181.592273950577,0.7129362205974757,0.2573810815997422,0.07594039586372674,0.15068139219656587,0.19287137826904655,0.5191249701660126,0.5442762982100249,49.18451512232423,35.778897907584906,13.750786425545812,180.1574208950624,3059.4148728996515,12.243052877485752,combined,0.0047744543324224654,0.29543445660732687,0.71001997590065,0.0033557390443980694,8,0.008411787432152778,0.020130458734929562,5,12,0.01992281326837838,0.007617521833628416,519.4900316,1029347264,0.7709370414,84704894.59,482850552.4,237718828.5,0.001
73f68ba14f,True,0,5033.148469686508,0.5953969695605338,0.22486722424626351,0.06499361752532422,0.18053867146372796,0.1486330551095307,0.4890821026172488,0.5031824770383537,46.555190458893776,24.7934752702713,0.3739151246845722,82.96571157034487,3926.656709983945,-0.0638466626405716,combined,0.00037538867909461257,0.31219476223923265,0.5623691238462926,0.004528884629160166,10,0.003934728420339525,0.03270480748265982,9,3,0.009657418050803245,0.009363373760133981,386.5594937,196045376,2.942815854,59958877.6,739566479.7,363778981.3,0.001
741bab459d,True,0,5032.659628868103,0.5546576243825257,0.2606580645032227,0.06528300186619163,0.15327566126361492,0.11042570895515383,0.6418659446295351,0.6289329590741545,48.5748615115881,36.275348123162985,17.33609838411212,33.59270441904664,3130.6690252386034,6.638775579631329,combined,0.0006406649190001189,0.32521254641003905,0.7022512277588249,0.0023170462273061276,12,0.011634367707185447,0.025834879241883754,9,5,0.023301665782928464,0.0038821118306368585,185.2752254,40154128,0.1265724694,4342262.219,369048785.7,140214302.4,0.001
746a713e5d,True,0,6665.9614272117615,0.7247400608845055,0.24309380251914264,0.06300153910182416,0.161414466612041,0.06452021603472531,0.558784106746316,0.6423098674509675,44.28318997845054,29.291574899107218,3.661629807204008,97.75841763336211,3102.6598536409438,12.609503671526909,combined,0.0014330673946999013,0.25925081413239237,0.6136365115642548,0.0023836916714906693,12,0.005712430241983384,0.02048569709062576,5,8,0.021405447933822867,0.01300981724821031,451.3697475,295233024,0.2453877911,22556624.89,555370028.5,81537941.6,0.001
74b8a10f90,True,0,4986.191436052322,0.764346323069185,0.19256510857492684,0.07743446596898138,0.13998511815443637,0.15015921806916596,0.6064906428102403,0.565078122727573,40.14825923368335,20.10220332071185,2.198002964258194,63.01073536463082,2829.466601833701,12.795065149664879,combined,0.0018677890271879731,0.3354293868783861,0.7278581930324435,0.007471352206915617,9,0.013915953802876174,0.043192040510475635,7,6,0.02278046598471701,0.012375877818092702,407.3754546,32687594,0.06945643456,4770969.47,161749018.8,148350209,0.001
7549985656,True,0,2200.820073366165,0.6659103678539395,0.20163717169314624,0.08890306893736123,0.11495699752122164,0.16123513197526337,0.5962338807992636,0.514050429360941,45.36968594416976,24.9111364223063,11.258151853457093,178.14269388653338,3059.990400914103,-4.411352820694447,combined,0.0020078001802787187,0.23932437636889517,0.6544049063697458,0.006619217856228351,5,0.012823314109817147,0.04531559303402901,5,8,0.0059684146810323,0.005866788547486066,182.3488489,1201896192,1.078054782,47436031.4,121787939.7,183816277.1,0.001
7562a2e924,True,0,3333.805521249771,0.7547129830345511,0.2462035427056253,0.07705887104384601,0.11090108575299383,0.15419898428954187,0.6876266001723707,0.5294805501587689,50.6683050096035,30.872382186353207,13.009819949045777,69.88036500941962,3886.068961583078,12.15086966753006,combined,0.0013128606844693422,0.28298358808271584,0.6053802900016308,0.005775245232880115,7,0.0016001674057915807,0.042627393975853925,5,3,0.004451645206660032,0.009980986712500452,332.3583446,548988160,0.591938787,60092183.64,300271623.3,535886848.3,0.001
75a158b563,True,0,2169.3622057437897,0.748830780480057,0.21581785932183267,0.08714178655296564,0.13357994873076678,0.07914189836010338,0.6395658917259425,0.5762192205991596,52.784420009702444,26.18885876610875,4.227063791826367,101.63485047221184,2646.8777894042432,-4.11617811024189,combined,0.0031802174739539624,0.3361599271278828,0.707376929745078,0.005439369089156389,5,0.008914788375142962,0.049229865781962874,3,10,0.01136285459343344,0.004396148271858692,154.3578681,69885848,0.06401938634,5562297.423,92298899.98,62327795.54,0.001
75ad9762cc,True,0,4254.844960451126,0.6858352706767619,0.23185007294639948,0.0626894586905837,0.1682170216925442,0.15592892109416429,0.35900206430815157,0.5586741781327873,50.814799182116985,31.428360026329756,4.344044448807836,100.89227354619652,3235.577148851007,7.45271423459053,combined,0.0030112952243536713,0.2464114546123892,0.7223830198869109,0.003284112000465393,5,0.006846639464143664,0.010003731474280358,5,7,0.010105926585383713,0.010269731638953089,374.4534154,213861952,0.1140570992,13283177.16,846860582,227968892.9,0.001
75fa516b44,True,0,5090.218547582626,0.7478644026443362,0.2628940129838884,0.08265818023122846,0.10555834416300058,0.13232301566749813,0.5818603162188083,0.6193236343096942,45.7860841229558,27.09098057821393,10.0301414988935,176.6018647365272,3387.624016031623,-2.319159559905529,combined,0.0008383614683523774,0.2545404139906168,0.6764052290469408,0.0029572192721068857,9,0.004376170114148408,0.04400023236870766,5,4,0.023506508694961667,0.01245941008813679,427.4133956,382752896,0.8721368108,41671199.84,171296798.2,308189843,0.001
7684cded1f,True,0,6282.433900117874,0.7859795932658017,0.18060798143967985,0.07621527057141066,0.12910429229959847,0.19712625080719592,0.5499033994041382,0.5818067675456404,41.53092060238123,29.357128981500864,10.90531644411385,64.28238222561777,3255.522735416889,1.5220227614045143,combined,0.0020321275874041022,0.29063723904080685,0.7326901827007533,0.005851568248122931,11,0.010016019967384635,0.026853006109595297,7,6,0.024879672722890975,0.014703396016731856,741.5302461,139505072,0.03533230538,4068186.041,422838894.3,307463632.1,0.001
770df450e6,True,0,8815.980484247208,0.6939707590267062,0.2055217238329351,0.07469033444300294,0.14275593431666495,0.12856875341385604,0.5662852334789932,0.5573288245592266,49.850272350013256,36.94676294922829,14.360626794397831,81.74681627005339,3271.7342525720596,-7.290057294070721,combined,0.004444800576288253,0.23739739986136554,0.6318032642826438,0.006546387828141451,7,0.012560254608280957,0.03870478387922049,11,10,0.011053548366762698,0.0024737868215888737,389.3468943,31508498,0.03398890944,5863617.908,287086563.8,160399290.1,0.001
775d0de679,True,0,3761.4758338928223,0.6169745945371687,0.2085261950455606,0.07545230138115584,0.13339581582695248,0.11793577489443124,0.6143867935519665,0.5498282979242504,44.54620134085417,24.405269473791122,14.142412561923265,167.58482412807643,3153.9456038735807,4.464509204030037,combined,0.0031205917628481985,0.2955273796711117,0.6982786988839507,0.003193841042369604,12,0.004254387456458062,0.04313929595053196,11,5,0.017002094446681437,0.009996848288923502,526.8404663,893679040,1.295243736,111880029.6,173418489.4,113559302.9,0.001
77ca48c8ae,True,0,5143.891038656235,0.6855309153907001,0.27076940687373285,0.0708222240395844,0.19249350670725107,0.10255506108514965,0.5480613696854562,0.548365111136809,43.83700741454959,22.070415373891592,10.2512391731143,170.0815078150481,3835.9168847091496,1.3106621205806732,combined,0.004028335147816688,0.2401414378173649,0.608765028975904,0.006316294071823359,4,0.00961991670448333,0.024874189347028734,11,7,0.024146161397919058,0.004316606165841222,955.0521247,331875648,1.188677268,56813012.64,1079044191,258782192.8,0.001
78969e181b,True,0,3928.299572467804,0.7151581396348774,0.2702613234706223,0.08625938178040087,0.10770508451387287,0.19928903090767563,0.48541486221365626,0.553580011241138,52.30771502479911,32.6757550612092,14.6079475376755,123.46497923415154,3260.459614917636,13.18092655390501,combined,0.0028419385229237377,0.3437459179665893,0.5533385070040823,0.00140664384290576,8,0.006700345850083977,0.012350095622241496,3,8,0.02069464688003063,0.008998991945758462,362.1000497,502699776,0.581430553,41294540.81,502469943.3,347713252.4,0.001
791cb8bfa2,True,0,4841.589278936386,0.7723273963667452,0.24911172987893226,0.07819868258200585,0.15563402995467188,0.07670672833919526,0.6402957699261606,0.6003764529712499,56.05583745986223,26.663789357990026,3.3394366409629583,197.47462384030223,2766.526916064322,10.219503737986088,combined,0.0035890686168335378,0.3270283706486225,0.7235056471079588,0.005383517417311669,9,0.005242866781074554,0.03012872412800789,3,11,0.009989292381331324,0.011125035669654608,282.4554398,646914880,0.1816934674,25798826.38,292781919.9,78776514.89,0.001
7966a6f4f7,True,0,3486.290789604187,0.6346913816407324,0.23478891376405955,0.07863209031522274,0.115798962675035,0.06749527114443482,0.4933161709923297,0.5964307536371052,44.07810429111123,28.714692518115044,12.435690511018038,80.46712008770555,3952.324053272605,7.931949034333229,combined,0.0031125484487973154,0.2704820972494781,0.7087436346337199,0.006677261637151242,9,0.0037882399018853903,0.033094105273485185,5,12,0.015526025225408375,0.012710404520854354,875.333191,276825280,0.5139798339,47062258.72,439061374.4,126609561.9,0.001
7a30fb774e,True,0,4463.319705724716,0.5883718095719814,0.27411949142813685,0.08870872084982692,0.192757323756814,0.15611501345410944,0.4779968827497214,0.6265437053982168,42.70880691707134,30.06895726546645,17.478613251820207,62.055748025886714,3250.598416198045,5.8966435715556145,combined,0.0047230495365336534,0.23452059338800607,0.675512189976871,0.0019150337025523184,13,0.014411160418298095,0.04141317386180163,7,4,0.0039764428455382585,0.0129996844176203,498.7199248,61216740,0.058691634,6606417.855,313684445.9,145847837.6,0.001
7ab83e05e2,True,0,4898.328146457672,0.714009221829474,0.18853744614869355,0.07759000131860375,0.13658340312540532,0.12419474944472314,0.44597551329061386,0.6378186844754965,54.270002245903015,27.979376558214426,5.262695671990514,48.0564479008317,3181.6911534406245,-5.1456854566931725,combined,0.0009194991261698305,0.2694236401375383,0.6592519825324417,0.00155,5,0.014149726876057684,0.01574763096868992,5,5,0.01668225952703506,0.0014590745456516743,84.07679211,1067206336,0.2215044619,23965505.75,564665431.3,190584948.2,0.001
7ba5ef372d,True,0,4328.949473142624,0.6902449505403638,0.25509580198675397,0.07227018065750598,0.18241705931723118,0.17283103330992164,0.427685862686485,0.5625950344838202,55.898912996053696,36.703840773552656,7.286963643506169,178.51365101151168,3176.5707032755017,-2.9401336386799812,combined,0.002453192590177059,0.29998868006281554,0.5794756092131138,0.007204834474623204,9,0.011190277893561869,0.03835226811468601,7,5,0.013773762725293636,0.009053745876997709,441.7192739,1.009038746e+10,0.2260603068,70479404.02,355709870.2,236738855.5,0.001
7be6547c34,True,0,6431.172234773636,0.688184104859829,0.18256729116663337,0.08350554825738071,0.15545973414555192,0.14933048239909114,0.4357149153482169,0.6070677078329026,59.622140787541866,23.745961412787437,13.503566902130842,94.60438839811832,2587.3508946970105,1.4020345881581306,combined,0.0021976756643503907,0.34006459760479624,0.6404929995536804,0.007870207979530097,7,0.01160466189868748,0.023790768235921862,9,6,0.004424956863746048,0.013797496832907197,178.4680684,169654976,0.1149227434,9200449.872,267649619.4,97129252.05,0.001
7c21a8c1f2,True,0,3922.322479248047,0.5849087961018086,0.20280855923891067,0.07412625079974532,0.1875071408227086,0.08848682702519,0.622704381076619,0.5707518198527396,42.9809913225472,30.927219931036234,7.271508201956749,150.60426486469805,3653.6594606004655,3.758853942155838,combined,0.0019655411791056395,0.22290855091065168,0.6504067789763213,0.0049755881272256375,12,0.003073463440407068,0.026350060626864437,9,6,0.022592140100896357,0.003911397198215127,445.2171715,3459759616,2.391304717,192825922.7,768992955,134337291.7,0.001
7c4aebcd94,True,0,4542.219427108765,0.7117045504972339,0.2548374645598233,0.07459876393899322,0.1253108834847808,0.188279246725142,0.6427230940666049,0.5011430433485657,44.804496597498655,21.628139354288578,4.602353682741523,35.89966267719865,3389.135855715722,4.776122055947781,combined,0.002266442884877324,0.34834560107439755,0.6079344628378749,0.004545053112506866,12,0.002931584067642689,0.0335606225579977,5,5,0.015554397277534007,0.013470427874475718,503.3572977,349637824,0.1482976426,20408428.14,329834950.8,365203316.5,0.001
7c513624b8,True,0,4169.9189665317535,0.8026290168054402,0.19497018532827495,0.08271918042562902,0.1996064723469317,0.0973932064138353,0.6094023892190308,0.5841113262809813,52.13703457266092,30.279149506241083,9.260637341067195,48.84318544622511,2526.951801497489,-0.7555024474859238,combined,0.0039058513222262263,0.19583248440176249,0.734936224669218,0.002860740917921066,13,0.002368275742046535,0.01034336008131504,3,12,0.01516926043201238,0.008572905575856566,251.9943296,189159696,0.180164393,23606849.81,545642532.4,78896514.94,0.001
7c882c6804,True,0,4853.826148271561,0.5600160636007786,0.2601654495298863,0.08702473254874349,0.10808449871838094,0.07686567436903716,0.45355843226425346,0.5032626472879201,53.20890564471483,27.562783490866423,11.308339722454548,150.1273587923497,3859.4135344028473,2.3894650042057037,combined,0.002410934797115624,0.29519617250189184,0.5754783166572452,0.0060078267715871336,8,0.008075103795155882,0.019972367286682127,11,9,0.008655652539804578,0.01491929663158953,794.5961791,845977472,1.257522595,93545148.93,564547306.8,157068676.5,0.001
7d6491be4a,True,0,6168.9304230213165,0.7194546269252896,0.2634516455419362,0.06253962873481214,0.11439403938129544,0.14397323173470797,0.5132313226349652,0.5209003885742277,58.03091764450073,20.278116445988417,17.5457466468215,36.128040773794055,2986.722571775317,-0.3978045731782913,combined,0.004125164013542235,0.20730367271229624,0.5627418234944344,0.005660153441131115,11,0.011162515094038098,0.04746633544564247,9,11,0.007912202825769783,0.013826996566727756,465.547767,28808414,0.02464290743,2605464.234,106770930.8,155512494.3,0.001
7daa021278,True,0,9138.211847543716,0.7782096397131681,0.19812812210991979,0.08453903432004153,0.12373467348515987,0.0666670079343021,0.4678464042022824,0.6276211820077151,53.097616489976645,20.37683119997382,10.014973623678088,148.70159720629454,2692.9723364301026,2.879839465022087,combined,0.0012303822634741664,0.26770533940754826,0.5538686439394951,0.0024732618555426598,12,0.009759033594746142,0.01067279875278473,11,5,0.014342081533744932,0.007559766370803117,203.0876364,138399968,0.2759392589,26484074.09,378101217.3,57994065.17,0.001
7db2975ec9,True,0,3925.677610874176,0.6057295804843307,0.2515663142502308,0.06764100817032158,0.10546245872974397,0.1405531950760633,0.696055434923619,0.5003525654785335,53.09104450047016,29.37258554622531,17.201361117884517,103.71288901381195,2577.816567849368,15.238405101001263,combined,0.0024747631303034725,0.3430191099084914,0.6966983996331692,0.0012666118055582047,13,0.009671361770946532,0.016091598495841027,5,9,0.011683148209936916,0.0033852783553302286,100.0766266,83941984,0.1095089818,12472283.63,193852706.6,90552656.39,0.001
7dbb77da0b,True,0,6111.939803600311,0.5586629193276167,0.2591981776244939,0.07608852594159543,0.136238253954798,0.08903877940028906,0.40430077370256184,0.5653987415600568,58.10078211128712,37.23311150446534,4.766587821766734,70.8581064492464,3769.086175598204,-4.071662068367004,combined,0.0032440574111416935,0.24495840561576188,0.6775221411138773,0.0014275805361568927,9,0.007377733608707785,0.03906408607959747,11,10,0.008519940603524446,0.013032894978299736,773.3924386,4361905664,0.1140835341,55840648.05,344070839.7,158813371.1,0.001
7e57a2692e,True,0,6029.982694149017,0.7516159840859473,0.2534695357270539,0.0655875632353127,0.1597521779127419,0.09015492717735471,0.6303607179783284,0.5460600109305233,49.61352890357375,37.406586315482855,10.679058451205492,132.05863269325346,3591.291596647352,-0.6056583374738693,combined,0.004838854163698852,0.34323672058992083,0.6183891912922264,0.007645261818170547,14,0.006841742148622871,0.024059748090803624,11,11,0.02272530542779714,0.010411900827661157,1382.701724,188678272,0.2875381084,16301471.76,786448845.9,167319023.4,0.001
7ebaefcccc,True,0,6057.863126039505,0.709081360977143,0.22681102279573678,0.08807828365825116,0.1982565784826875,0.12129494496621193,0.36746234372258185,0.5932722290046513,46.401367001235485,39.23673149198294,17.99938439950347,151.53320836741477,3370.4573223367333,15.850970387458801,combined,0.0022867273638956247,0.30879634445533155,0.5952978163957596,0.00334156274497509,7,0.01242044969368726,0.02432942755520344,7,5,0.012035627912729979,0.014748093731701373,565.1425839,130256768,0.2979474771,18650139.81,792298265.2,204890692.5,0.001
7eda8bdd10,True,0,5699.048008918762,0.7203332280740142,0.269464723225683,0.07217073152773082,0.18804774722084405,0.1236433513928205,0.5782464776653796,0.6477093451656402,49.31618908420205,23.86046404018998,7.767538737505674,188.83550866134465,3110.212229192257,-0.9711882397532463,combined,0.004327397976350039,0.29149491017684337,0.6815690888091922,0.004502814690768719,7,0.009793236864265054,0.04850189700722694,7,9,0.003328459077514708,0.013325174946337937,467.9701491,731998720,0.4278246509,36864648.66,239990367.8,172844208.1,0.001
7f8adf0f23,True,0,5818.485067367554,0.6407622678205371,0.20783844470977783,0.08326008067466319,0.10620144000276924,0.16568661113269628,0.4112335176207125,0.6334971506614238,52.222723700106144,24.843451157212257,6.19168352521956,78.65647749975324,3199.070514179766,-3.7661547511816025,combined,0.004970754816848785,0.3100846110191196,0.6207543514668942,0.00449393397718668,9,0.005077673966065049,0.010657297931611538,7,6,0.020052299595437945,0.0011889828201383352,281.4914767,51303988,0.04293733809,8923493.096,458695538.8,166788824.5,0.001
7fedd621fa,True,0,5857.922616481781,0.7198605163954198,0.19670319633558392,0.0781660485919565,0.10715856980532408,0.12530413791537287,0.3720779285300523,0.5051436374429613,46.644816882908344,28.739249017089605,3.6516163498163223,163.48134945798665,3036.182853858918,3.61469866335392,combined,0.0005720644135028123,0.23793268046341837,0.618806471861899,0.007652933686971664,6,0.0062808899679221205,0.039807924032211305,5,12,0.024023904076777396,0.013071720980107782,395.6224019,303653536,1.020478288,67991383.13,150000390.4,159246591.5,0.001
806a0772b4,True,0,5324.592206001282,0.8226170334033668,0.19657655462622642,0.08783871883526444,0.167396598495543,0.17916375477798285,0.3953735371120274,0.6480461732018739,53.70813833549619,28.950485438108444,13.211190277710557,108.69678187835962,2863.1025492213666,15.027998767793179,combined,0.002579881392791867,0.2231055993121117,0.6710795180872082,0.007164995959401131,4,0.014217422860208898,0.022292918227612972,5,8,0.024610246197320523,0.0026096708718687297,232.4445759,80578848,0.3845175188,19825107.09,473701920.6,235913046.2,0.001
80c787b6f6,True,0,4547.849574327469,0.7351678849197925,0.21657270139083268,0.0708672213088721,0.12163447737693787,0.11729866336099805,0.4828746607061475,0.5000508944969624,45.138483475893736,33.292090240865946,11.824597835540771,111.53084770962596,3894.0390297211707,-7.640091918408871,combined,0.002710461925715208,0.2640972390584647,0.7463524775579572,0.007436122269928455,13,0.003131660997401923,0.021339850537478923,9,4,0.01961969160940498,0.0031666688844561573,526.6077497,174358128,0.06026588706,14587875.08,773007992.1,315239936.1,0.001
80e04d5664,True,0,6415.414342880249,0.6514048920944333,0.24703925356268885,0.0850188126694411,0.16095859333872797,0.15671805157326163,0.4475811067968607,0.5940478118136525,54.76105460897088,32.17637397348881,11.843553073704243,34.40673859976232,3177.988196257502,4.10835424810648,combined,0.00035613059159368275,0.2178870182391256,0.7111848892644048,0.001984879545122385,12,0.009643842469900845,0.04908453315496445,5,6,0.024523302750661967,0.010120906496420501,308.2855529,111130864,1.024589336,13877879.97,181859637.4,216736097.3,0.001
80f33b7aa5,True,0,5119.776999235153,0.8422322408296168,0.20908424828201533,0.06231524144299328,0.1970585346221924,0.1016255288384855,0.5882286204956472,0.5280305566266179,52.69790621474385,28.896130695939064,12.337662728503346,58.61040283832699,2809.381002560258,9.876106262207031,combined,0.00207281835898757,0.23761631007306278,0.6538900338113308,0.0021399794079363346,6,0.003926532012876124,0.041359211504459384,5,9,0.02299415405187756,0.009610856555402277,362.0646116,112015544,0.1669885268,15499264.61,293365881.1,149413536.8,0.001
8135efe5bb,True,0,3731.0570204257965,0.7618433602154255,0.19011711349710822,0.08183058648370206,0.1061773150227964,0.19191309749148788,0.649034811509773,0.5891070456244052,50.19882312044501,31.806820333003998,8.053091889247298,109.49691724218428,2952.412303071469,7.617307543754578,combined,0.0031267047508619725,0.31918242245912554,0.7481292765587568,0.005596452009677887,12,0.0022777645778842273,0.026302993558347226,5,6,0.020178817802108825,0.009719716742634773,348.709431,232327392,0.1644297673,29012142.84,243983622.9,222571834.7,0.001
81a85ebafb,True,0,10143.622463941574,0.6366379487328232,0.20637856528162957,0.07149966169148683,0.18565603559836746,0.18180025378242137,0.6535397693980485,0.5470289743039757,41.71930838376284,23.84567189961672,16.68477378040552,54.84973803162575,3651.26941120252,6.335828967392445,combined,0.001708900149166584,0.26008684827946127,0.5963228592649102,0.0053271496415138245,12,0.0139747781669721,0.044278369545936586,7,10,0.01182912292610854,0.013892691077664492,705.0080843,113635384,0.1787009819,10967005.51,404899736.1,290641409.2,0.001
81af7405e2,True,0,1962.4653794765472,0.5828571397811175,0.18420926976948976,0.06128722647204995,0.11473856940865518,0.14163037412799895,0.38127865158021446,0.5978590672370047,54.364284351468086,34.470505099743605,16.916854295879602,86.27945058606565,3998.9365222863853,1.610786847770214,combined,0.0018006055884994567,0.3170594339445233,0.5942473607137799,0.006062755139917136,4,0.004436464898753911,0.02765787713229656,7,4,0.017291843230836094,0.00444153219088912,408.8092946,58352264,0.1016230266,8972812.93,522845957.2,278671451.3,0.001
81e398a61b,True,0,8445.826451301575,0.6129381490871311,0.2219099347665906,0.06378236803226173,0.1358057093806565,0.08051469079218805,0.44722533165477213,0.5916658299975097,41.7889953777194,37.7521444298327,10.347105883061886,212.25597649812698,2796.114332973957,-1.9996916130185127,combined,0.002651589607913047,0.26594763780012726,0.6680672969669104,0.005033785357326269,8,0.0070480242096818985,0.04020374361425638,11,12,0.004032657801173628,0.008325521951541303,182.7236888,508037888,0.879707374,69481066.49,139106482.1,60399121.44,0.001
81eeec75b5,True,0,2464.6326887607574,0.55700415186584,0.20981277080252766,0.08852941587567328,0.1668855589814484,0.1217391313519329,0.6745307195466012,0.5085374402813614,42.22843237221241,28.58695089817047,0.7937929350882769,53.3636282607913,2645.109091885388,0.6925564855337143,combined,0.004531775273662061,0.23289563274942338,0.6356060788035393,0.005039853942394257,10,0.0029146366766653956,0.01954287488013506,7,4,0.01762074065860361,0.007518395863473415,265.0338148,104399048,0.06917237389,7641531.846,304079676.2,54048177.34,0.001
820124ba5e,True,0,1673.9686257839203,0.6519830450415611,0.2768159355223179,0.08784868796356021,0.11087696077302099,0.12886291923932733,0.35069645135663446,0.5431179263163358,51.754471976310015,22.65290815383196,10.371125852689147,90.95972100365907,3759.55214491114,0.7472686320543289,combined,0.0017816620083525776,0.27124376479536294,0.726491666957736,0.005109341233968735,5,0.005537074775900692,0.039483950808644294,5,3,0.004330741977319121,0.004076133958995342,230.9420015,161113424,0.2379209375,21829177.15,277979443.6,337485699.2,0.001
83a38d5b4a,True,0,4505.93544626236,0.6179620726965368,0.18362408105283975,0.07052065087482333,0.19903490422293546,0.07994003938511014,0.3690323528368026,0.6361842396203429,58.88126403093338,28.994755558669567,2.6755919214338064,95.24237952101976,3732.3048911057413,7.010238394141197,combined,0.004075042381044477,0.31162891591899095,0.5789452845230699,0.006575026109069586,4,0.005389404258225114,0.039717061258852486,9,11,0.02161093268729746,0.007505226271227001,1040.534604,136359296,0.2242609031,18061712.84,582931351.9,115315869.7,0.001
83f83f157d,True,0,8556.115228652954,0.842036885768175,0.2507349935546518,0.07844880801625549,0.18083877367898823,0.12089587054215373,0.6254825035575777,0.5027704919688404,41.35206898674369,22.308739125728607,7.109582522884011,145.23726702667773,2853.716454934329,5.907731622457504,combined,0.0037887881753966212,0.2071531938202679,0.7098848717287183,0.003971322455257178,12,0.011813192891422658,0.034023120850324634,9,9,0.010377965588122606,0.010366267325356601,439.160867,325464608,0.3987027961,33537214.43,360474342.8,161155113.9,0.001
840882d80a,True,0,6522.174075603485,0.794657063856721,0.25206226214766503,0.089704265948385,0.19474325934424996,0.08630005163140596,0.37021198226138946,0.5054942102637142,40.86068704724312,36.19374614208937,12.000992875546217,162.17922030668706,3152.9596587643027,3.003189295530319,combined,0.001311170820798725,0.23941592327319083,0.7411980640143156,0.006232129041850567,9,0.0066455951286479836,0.028559425212442875,11,6,0.008978460206650198,0.00829997471347451,323.6698636,262150416,0.4459393813,39616470.11,607611862.2,177742897.2,0.001
84424b35c1,True,0,7012.138560295105,0.6559841487556696,0.22636598201468588,0.08909705224446952,0.1641846437007189,0.17253697700798515,0.5774780807550997,0.5390150013379753,42.80330238863826,23.501299265772104,3.945853304117918,214.64952826779336,2723.8674447871745,2.4207337498664856,combined,0.003902000470738858,0.25153292049653825,0.6850801514461636,0.005941852530092002,13,0.0037650242764502764,0.03975780632346869,11,8,0.024840018707327542,0.010708832899108529,548.4140312,434123488,0.2967256901,47501675.11,179104925.2,122536680,0.001
8449713c83,True,0,7657.125362873077,0.7397495851852,0.186977794226259,0.08003230492584407,0.18043902534991504,0.16169721833430234,0.4172551065683365,0.6208889603149146,54.880189187824726,21.279580257833004,8.952756425365806,196.54795594979078,3116.7146149091423,6.987847179174423,combined,0.0023422922178171577,0.22404290008358657,0.567087695375085,0.006894491975009441,13,0.008372979844920338,0.027213165648281572,11,9,0.020832656456157568,0.006412529731169342,509.4119444,503244800,0.7651613341,69769230.47,528460611.6,195287933.7,0.001
845337a200,True,0,2800.8658027648926,0.6585981863550842,0.2506506669521332,0.0895561071485281,0.1187277183867991,0.1323391381185502,0.4632035304326564,0.526618495117873,51.97119893506169,37.04424560070038,3.0206223875284195,54.47878252342343,3862.995959818363,5.062729902565479,combined,0.002154292646609247,0.27926763226278123,0.6713467128574848,0.004784406954050064,7,0.008986546761821956,0.031885309740900994,5,7,0.019452359792776402,0.0027760842163115735,369.9643324,174212256,0.3320204804,16853225.37,461987771.2,340882010.3,0.001
846eb4c885,True,0,5320.32066655159,0.6808065397664904,0.2511166462861002,0.08663666663691401,0.16006226940080526,0.18733334154821935,0.3759451611898839,0.5169780391268433,58.84268129244447,24.060303904116154,0.8096517473459244,81.37564734742045,3527.2241956554353,-6.108444444835186,combined,0.003999477624054998,0.30453956238925456,0.7067771453410387,0.007129558486491442,13,0.010821762466337531,0.04512001160532236,9,3,0.02031777775939554,0.01244541253708303,1049.858822,99733528,0.09785798028,12807223.3,296263135.7,267363400.5,0.001
8478212d85,True,0,6036.119791269302,0.7730467868968844,0.25246802840381866,0.08340296943672001,0.11342633999884129,0.14878634628839793,0.48791987928561864,0.5773116063792259,57.42963230237365,38.88769652694464,14.996030542999506,45.89664859324694,3081.6744794137776,7.280129998922348,combined,0.0024424484331160784,0.2490866643283516,0.6437574967741967,0.006486486711353064,4,0.008740768033079802,0.015825636610388757,9,9,0.007297539012506604,0.014863385427743195,407.3317837,54994752,0.02223276477,2856917.992,433660085.4,249147346.3,0.001
852c171e05,True,0,4471.496848344803,0.5701478024944664,0.27035550253465773,0.07004805771633982,0.1845114750787616,0.07266797730699182,0.4023554479703307,0.5906189557164907,54.470451679080725,24.752450063824654,17.36873959377408,112.14534445013851,3351.922312285751,5.821509309113026,combined,0.0031921056208200752,0.19205826504155993,0.7267190452665091,0.0010395432390272617,14,0.010638623020146041,0.01702444437891245,5,8,0.022280304272659125,0.002885972464457154,311.3051663,173282352,0.1716865079,15769594.54,776835027.2,83638373.2,0.001
856e4f31df,True,0,3482.281496524811,0.6636923466809094,0.20423948394134642,0.0799642294831574,0.15409155320376158,0.0833147359546274,0.3564004852902144,0.537070641759783,46.72906506806612,32.0569184422493,6.33850521594286,119.4753781389445,2603.531247936189,-1.3507264703512192,combined,0.0031378589742816986,0.33685615949332715,0.5779030581936241,0.005474055925756693,11,0.002821369882207364,0.021190983280539512,9,11,0.009025289891287685,0.00255066317692399,129.6188609,181569632,0.1185541275,25229680,286838317.4,54313051.62,0.001
8650dd0ceb,True,0,4516.8269147872925,0.7814382434822619,0.2412842350266874,0.07470039119012653,0.18521402273327114,0.17945566503331067,0.6118168212007731,0.6247578224632889,45.553743205964565,30.902968533337116,16.05571861937642,64.08683034032583,3113.655850291252,8.452592760324478,combined,0.004069994400348514,0.2861708561051637,0.5653529055416584,0.005951259801536798,8,0.007200834799557925,0.020886145010590555,9,6,0.014094283184036613,0.004480301853269338,459.9077271,319663200,0.191156156,17820217.85,684244168.4,279371396.8,0.001
867929c821,True,0,4160.033696889877,0.8499238177202642,0.2266721854172647,0.07793849783018231,0.12707990538328887,0.07188422102481128,0.4345106232445687,0.5628471258096397,53.404713068157434,38.39565033093095,8.43491949699819,96.96388540882617,3923.570870421827,2.5157871022820473,combined,0.0008652183811180293,0.3222122661955654,0.746151439100504,0.0029298820972442625,6,0.00680425585526973,0.03685344595462084,7,6,0.010734725369140505,0.004210888156667351,276.7841652,1252799104,0.7844679912,33424777.58,537517258.5,325034144.2,0.001
869e59723b,True,0,3202.860967874527,0.8241681816987694,0.20125539826229216,0.061793607333675026,0.1514240434393287,0.1508876635693014,0.5829732493963092,0.5989487504120916,46.12671663984656,30.312301069498062,7.820635026320815,205.2256178976968,2719.365155790001,-6.76791575551033,combined,0.002570517245028168,0.2831271138228476,0.5855642318725587,0.006456510920077562,4,0.006256498793140053,0.025330308601260183,7,4,0.011013898078352213,0.005479437744244932,192.4332018,493136800,0.2338812869,30765819.66,329354549.3,174018996.8,0.001
8721810f31,True,0,3590.970417022705,0.8160851836204528,0.22117933362722397,0.0895443924050778,0.15961951073259117,0.1756143026519567,0.5079023214057088,0.589248055499047,52.51736598089337,30.7273605838418,0.18062649294734,36.800236005336046,2520.8896473050117,-4.65068045258522,combined,0.0016291713289916514,0.24172204153612253,0.7251997968181968,0.007743137207627296,6,0.004048025142867118,0.029696547798812388,7,11,0.004883719438686967,0.001282584384083748,97.54379741,98866448,0.08832875746,7669185.089,238712334.2,177167287.2,0.001
873058c7f0,True,0,3364.553594827652,0.5633367235772312,0.25668542405590417,0.08184235844761133,0.1720718778669834,0.14892725446261468,0.6932205746881663,0.5264762648381293,54.650991912931204,35.33368233591318,6.392958903685212,93.24889411963522,3473.9534514956176,-6.642914734780788,combined,0.00363088938863948,0.19600446618162096,0.6551044033840299,0.006705954822897911,13,0.010944673135410993,0.03410699315369129,7,10,0.00559895229153335,0.011179343970492483,575.8768588,45126592,0.06895593907,7086537.788,439656125.5,192721543.5,0.001
87dc629442,True,0,2619.2680099010468,0.6138558311387897,0.27438665872439744,0.08164879116229712,0.15135946022346616,0.12296279701404275,0.35907535054720935,0.5990494561847299,40.99929757416248,32.74699851870537,1.0871671065688133,132.78197847306728,3873.0559730902314,11.299300715327263,combined,0.003856524303276092,0.2575253186468035,0.7366935545578599,0.00252374452278018,7,0.011178502434398978,0.026707668788731098,5,10,0.011719619386829435,0.006373490132391452,610.7257916,431100192,0.6546632891,59850854.62,711998901.6,261463835.4,0.001
8814a6640d,True,0,2913.38871216774,0.8387903737835586,0.18535155776888132,0.07945980903692543,0.10975165404379368,0.12004379280842842,0.3701497073750943,0.6457416234072297,43.10209767892957,30.52954226732254,11.481126939877868,127.17749645188451,3587.301845662296,12.762328207492828,combined,0.00452390056559816,0.3404689780808985,0.6746928645297885,0.0014915579669177532,6,0.004882174611557275,0.016136358194053173,7,5,0.015618418326601385,0.00698941514454782,590.2823646,146100848,0.3200489752,31849252.06,696894085,285138302.6,0.001
8825a680b3,True,0,3188.5549445152283,0.6392352415248752,0.215648110229522,0.06430515641346574,0.11281189201399684,0.15616168221458793,0.5791669753845781,0.6075945773627609,49.79789525270462,35.98165400326252,9.901242261752486,175.18176631256938,3154.9424789845943,12.031957037746906,combined,0.004888536678254604,0.19610623469576238,0.7358831295743584,0.0055256902329623705,10,0.013776724787894636,0.01633144460618496,5,11,0.009823249688372017,0.005372301274910569,343.2038613,197904640,0.7603495329,26286308.59,394860642.7,137848777.1,0.001
885ed838d0,True,0,2731.0448517799377,0.5752394370734693,0.223772420194,0.06631638740189373,0.14692210871726274,0.1711109543219209,0.4013361606746912,0.5310419539920985,44.68644067645073,36.60434100776911,2.5420905835926533,55.63906241860241,3558.8469649665058,11.112638100981712,combined,0.003409916918259114,0.3353261164948344,0.6220070529729128,0.007330587390065193,4,0.00250696172285825,0.04962633788585663,7,7,0.010319283085875213,0.006789534471929073,496.1478091,281173472,0.206526171,23758282.62,191098723.2,235815530.4,0.001
889729959b,True,0,6891.876666545868,0.81353589175269,0.21750455593690277,0.07885414869524537,0.12053752783685923,0.09888351969420911,0.6176844474393874,0.6036737708840519,53.9557746052742,23.57657654210925,17.48412442021072,203.60911898314953,2955.055463593453,-1.7119904980063438,combined,0.0029427740077488124,0.33510828795842823,0.6049479523673654,0.0052448904953897,12,0.01499481055419892,0.04430941853672266,11,10,0.007930570920929313,0.004585035897791386,246.5748363,235628464,0.1220318839,17574013.64,148980834.3,118182431.5,0.001
88f06bf907,True,0,11040.752797603607,0.7284884175285697,0.2500875614769757,0.08349193747155367,0.13371698288246991,0.12671363106928768,0.6335195341613143,0.6336845695972443,50.93293186277151,32.44662169367075,17.572477240115404,187.06148604955524,2505.791853182018,-7.549085795879364,combined,0.001163216355536133,0.32159773229621347,0.7029065046459436,0.006782210078835488,10,0.004484410474542528,0.02248055052012205,11,4,0.0056498470148071646,0.014191881107166408,151.2928357,601617472,0.9507538018,70458627.19,220939567.2,109411038.4,0.001
891df813ad,True,0,3549.1366136074066,0.5775441084057094,0.2652551676332951,0.0861826352868229,0.1396273523569107,0.10386304184794427,0.5983387135434896,0.6302175828255713,53.76103548333049,33.00685727968812,3.3429199755191803,39.87937759142369,3011.888558510691,0.8049078285694122,combined,0.004481466707773506,0.2774831039365381,0.6733246218413115,0.0038544203937053677,14,0.013727297086268664,0.02243810817599297,7,7,0.011449973473325372,0.008314139105379582,365.6122666,29735822,0.007819021535,1697231.268,340715157.3,76083123.91,0.001
8a138f2566,True,0,12433.595746994019,0.8239003323949874,0.21536857282742858,0.06819054703228175,0.17570722484961154,0.08828473808243872,0.4322689789813012,0.5928515651728958,59.14945889264345,20.876307860016823,13.726766522973776,82.59552221186459,3595.8626228384674,10.996116548776627,combined,0.0009440951280295848,0.2901487176213413,0.6953974738717079,0.003202782729268074,5,0.010289253435563295,0.01955745533108711,9,3,0.019975768978707495,0.011762665117159486,742.2164189,237133456,0.7461474959,22843068.43,1086664824,266206295.8,0.001
8a292b3e6d,True,0,3413.5989344120026,0.7409961200319231,0.25947719683870674,0.08719559630379081,0.17413025079295041,0.15713538303971292,0.6070612359791994,0.5411863871384412,48.73227205127478,22.124832812696695,0.8532072342932224,183.53521172516048,2572.305273730308,-2.851651631295681,combined,0.002551573314704001,0.3262965492345392,0.7412582842633129,0.007415582878887653,5,0.0032442646035924557,0.0374493557959795,7,3,0.021367421356029807,0.005770092526450753,221.176759,537700672,1.409451867,135469162.2,198201819.4,149632770.4,0.001
8a978407c7,True,0,4620.015420675278,0.5557242961600424,0.203716171272099,0.07067569945938885,0.1775335965678096,0.1855188256129623,0.6784801294095814,0.5634625975042582,45.540772806853056,21.58637009561062,8.12762201204896,137.92869523074478,3427.181634120643,1.349272944033146,combined,0.003701381083484739,0.29326447506435216,0.610509972460568,0.0017528604388237,9,0.00557702660607174,0.02227864049375057,11,8,0.016231490624137222,0.010547028474509716,795.0759889,5.264272998e+10,0.5069251294,710767510.1,645670604.7,192354158,0.001
8ae8958ed4,True,0,9031.31953215599,0.7835841590538621,0.24452607456594708,0.06984327482990921,0.17017996571958066,0.12746039605699483,0.6543816598597914,0.5210431161802263,55.34937057644129,22.33418518677354,9.673410968855023,112.64575460553169,2674.125154968351,11.89670743048191,combined,0.0003329731793142855,0.28921794157475234,0.5606117943301797,0.007566874004900455,4,0.008768299756105989,0.04899466007947922,11,6,0.01740834165085107,0.007170699359849095,225.1052663,542597184,3.195610701,90354997.82,139194507.9,168603037.6,0.001
8af9b4b1a8,True,0,4668.079528093338,0.7433264838531614,0.20865012725815177,0.06638225331902503,0.16196080585941675,0.15054094977676868,0.5306490844115614,0.5872019832022488,42.38336931914091,33.010275326669216,17.008686343207955,176.3665506709367,3245.3909646719694,15.106274902820587,combined,0.002912949272431433,0.22865805596113203,0.6216714315116406,0.002825979871302843,7,0.014785258117597549,0.04873645812273026,9,4,0.015595906665548682,0.002133781868964434,283.0239055,1004437888,0.8914449827,65683515.65,225936755,235403983.1,0.001
8b6e15ef28,True,0,10021.326782226562,0.5864428637549282,0.2614152548089624,0.06845005645416677,0.1334252648986876,0.1367748302407563,0.5630485437810421,0.5275961162988096,48.00244897603989,33.93881820142269,9.275190403684974,100.59099623281509,3406.880420166999,11.473412826657295,combined,0.0015509381160140037,0.23344104123301804,0.7200750567018985,0.004641609411686659,12,0.009352797566447406,0.03758156005293131,11,8,0.01747302893921733,0.001611792128533125,223.8055247,363455456,0.2413993524,22983551.26,266713541.2,209417844.1,0.001
8b809cfdc8,True,0,7544.7257168293,0.7983781279064714,0.2742671911790967,0.07448565118946135,0.1961921561509371,0.19536539050750434,0.5071738735307008,0.5918439184781163,56.406322848051786,22.54343682900071,13.480592172592878,144.00153320655227,3417.0455620624125,-3.3967261239886284,combined,0.0033243542407639325,0.27020850908011196,0.7081324201077223,0.0021986960478127004,14,0.012672854618635028,0.03898108989000321,5,11,0.009461220612749458,0.002075074816122651,423.4097391,7852444672,0.1730949736,89559915.83,529406505.5,402086751.2,0.001
8bf79fc608,True,0,3921.170107126236,0.8059969750232994,0.23453313281759622,0.06802815495058893,0.16714737396687268,0.1500599735416472,0.4396926530171186,0.508949429821223,47.35362222418189,26.035076081752777,7.5251688323915005,174.22968270350248,3765.0391259230673,6.651328831911087,combined,0.0019961629792116585,0.28647307652980086,0.6866253862157464,0.0035728538796305654,14,0.014547145133838056,0.018420406803488734,5,10,0.016882995737716556,0.004751963963732123,491.9123058,241416880,0.4589793536,42266028.76,1181272941,361299118.5,0.001
8c3a033016,True,0,4835.868046998978,0.7235889364033937,0.20612771084532142,0.07382259897887707,0.15180497253313663,0.0924722847994417,0.5094666245393454,0.5831892271060497,47.81737303361297,38.42364566400647,2.9994775280356407,90.94226972572505,3195.836253464222,-7.095872513949871,combined,0.004499298619478941,0.3199980303272605,0.6862036131322384,0.002950742810219526,7,0.0019962571151554585,0.01978991348296404,9,3,0.024723554838448764,0.009814115390181542,692.5225716,66653484,0.04341193741,11051019.45,578312498.2,110531670.2,0.001
8c685a547e,True,0,2697.876307249069,0.7599272387102246,0.20224049558863044,0.08465127649717033,0.1616566267795861,0.19952146792784337,0.6152386284898966,0.5802427946589888,48.324502650648355,39.75806014612317,8.918861819431186,166.17932842485607,3364.440232049674,5.55516342818737,combined,0.0044162503243424,0.2721958841383457,0.5914480043575168,0.007262318813800812,11,0.014114206864032895,0.01617738913744688,3,4,0.021877872473560274,0.00735566054098308,564.6078568,304136768,0.2923445723,28230327.73,824086590.9,296259783.1,0.001
8c81a0af41,True,0,5940.807166337967,0.738906294759363,0.21188024256378413,0.07323285302147269,0.1394856388680637,0.1989971136674285,0.696901333425194,0.5674942202866078,49.21195171773434,27.11967647075653,10.159201685339212,52.79042094759643,3745.3865776769817,9.549306988716125,combined,0.0013833615714684128,0.20763390713371335,0.6602309159934521,0.002627436785399914,4,0.014983331210911274,0.010632968470454217,9,5,0.017554360236041247,0.010654212664812802,725.9421206,314104640,0.3437705822,13212734.76,1100498960,538882421.1,0.001
8cab5e0023,True,0,4231.66156744957,0.7767103295773268,0.2505129139125347,0.0686262750159949,0.18908929713070394,0.09973160261288286,0.38219531206414104,0.6386949201114476,54.80776371434331,25.37160348147154,1.2792371939867735,72.57852263003588,3954.3097163550556,15.422150008380413,combined,0.002412236913852394,0.25554175082594155,0.6477671822533012,0.004871023167669773,13,0.00498729707999155,0.037489223927259445,5,7,0.023915649197995666,0.008889305846765637,945.7709162,291042208,0.1899594966,21171829.25,843432148.4,327427414.2,0.001
8d41f4d66a,True,0,10720.591211795807,0.7672896375879645,0.26468707269057634,0.07379704691469668,0.10962187042459846,0.1844287832733244,0.5917474803049116,0.5272129385732114,59.72703820094466,36.34940253570676,3.812640069052577,59.904222569428384,2501.4446754939854,8.506002470850945,combined,0.0019395709852688015,0.2387883242499083,0.5815060449764133,0.0016200558684766292,14,0.002618993880227208,0.01010765079408884,11,3,0.00928942278865725,0.011757613096386194,193.9377406,170667760,0.2014252707,30852125.77,259668396.5,178385510.7,0.001
8d5c1dad3c,True,0,3084.896659374237,0.5952313294634224,0.2680351984873414,0.08796100032515823,0.17297036163508894,0.10963913551531733,0.5532868675887584,0.5144529340788722,47.138350289314985,37.01201245188713,6.9763008411973715,101.67275639157742,3095.4192080534995,9.422226384282112,combined,0.0026899701592512427,0.2700735363643616,0.7125695453956723,0.0028113237783312798,4,0.004828917633276433,0.0349156803265214,9,4,0.0089690529583022,0.00428021509386599,241.7753324,310046048,0.4817186293,37857990.29,318949473.3,147792290.4,0.001
8d838edd4b,True,0,8276.331433057785,0.7076168223284185,0.20791035994887352,0.07850523124448955,0.12430239766836167,0.1463225065264851,0.6525960213970392,0.5378386402036994,55.008239801973104,35.379725620150566,7.316724814474583,86.98986579570919,3529.681066982448,13.518309377133846,combined,0.0021946471298113467,0.2324919840507209,0.6514541981741786,0.004096363505721092,11,0.01359861369151622,0.020324744060635565,9,7,0.004938191971741617,0.014163917114958166,443.53653,1816983808,0.175162324,26830873.12,591640704.6,263227679,0.001
8d9615dc67,True,0,10921.964463472366,0.7009506360627711,0.2278468363173306,0.06272268645465373,0.1512169836089015,0.1772242983337492,0.4576488184742629,0.502360030869022,55.705546867102385,27.379229459911585,12.410692926496267,123.65393386501819,3118.2268764823675,-3.968018338084221,combined,0.00105,0.3180813946481794,0.7485986007377505,0.0012827774055302144,11,0.010780180615838617,0.01523090060800314,11,8,0.017105033677071335,0.005782628785818815,287.4953,275907520,0.8098400808,44322262.59,585313907.1,241909682.5,0.001
8e1d4e021f,True,0,4986.516330718994,0.7400080696679652,0.2343820517137647,0.06586442629806698,0.10830046925693751,0.1942521933000535,0.5038910356350242,0.6471687939949333,52.84033641219139,26.285260673612356,15.96453090570867,119.66989872325212,3540.6908323056996,-6.310322694480419,combined,0.0011557804896496237,0.3018604388833046,0.6344016911461949,0.004046716876327992,12,0.006399667097255587,0.04086548928171396,5,11,0.017378967594355345,0.00828904577717185,400.7599435,1761014656,0.2711834442,31941393.74,231906060.2,431995861.2,0.001
8e45edcc08,True,0,3025.9775235652924,0.8171261955983937,0.2529128315113485,0.08648578941822052,0.12684629065915942,0.10336811407469214,0.4579992510844022,0.5333719083573669,47.73949570953846,23.014510348439217,9.832851748913527,189.0829693628475,2738.7253460474312,13.951704889535904,combined,0.0031351277796551587,0.2593964296020567,0.6806810393929481,0.00568007695004344,4,0.006384595789946615,0.0140744199603796,7,5,0.00811438058782369,0.007360786072909831,203.4357064,1406846464,1.308714435,112281953.4,382507701.8,131021871,0.001
8eb9dd7873,True,0,3065.08163189888,0.764221291616559,0.2501785750687122,0.0694643388222903,0.1073191431351006,0.11060325163416565,0.4519454521127045,0.5672866064123809,40.72851024568081,37.9557260684669,8.517737494781613,94.52895953319967,3524.642086122185,-3.4411035627126694,combined,0.004179751732759178,0.2933803469967097,0.5972023744136096,0.002097543582320213,5,0.014708801984321325,0.04411590915173293,5,6,0.02498906590417027,0.0072927153706550596,575.5623187,200060192,0.1171612926,12353474.03,201539159.4,234269762.9,0.001
8ef5997cb9,True,0,8323.215203046799,0.6124419323168695,0.2520847529359162,0.0673064075410366,0.15300351977348328,0.15862110597081486,0.5176402525044977,0.5356416517402977,56.703508105129,26.0060534439981,1.85486950725317,127.19992820825428,2650.3254589624703,4.902341537177563,combined,0.0018077001891098916,0.2929338948614895,0.7126118028536439,0.00658920944929123,5,0.0018044194160029292,0.03583039566874504,11,5,0.012290374103933573,0.014375952331349251,312.6450596,362827808,0.6431481931,84075477.76,166798084.5,123166554.9,0.001
8f160e718b,True,0,7952.485683917999,0.7167944254353642,0.2747241834364832,0.07103571888059378,0.15650420142337682,0.05680137560702861,0.4715551804285496,0.5232787527609617,48.59667032957077,39.36296923086047,15.831269893795252,78.69369305577129,3762.557613197714,3.4141444638371468,combined,0.0016659404913894832,0.28114878497086465,0.5665502559393645,0.0032212901927530764,13,0.0018264946709387006,0.03095802456140518,11,6,0.006128401414491236,0.009443951098248363,455.0294663,249240720,0.1637766291,26072234.15,679756663.4,197082971.6,0.001
8fc8629094,True,0,5190.4254467487335,0.7437419745139777,0.23258354665711523,0.08374933373183012,0.14283930193632843,0.10082241413183511,0.4196736508980393,0.556257655331865,44.74217252805829,39.39365789294243,12.124824246391654,147.52411319781095,2948.610824998468,10.696169428527355,combined,0.0019866425604559484,0.30325984821654856,0.6842018764466047,0.0023758584074676037,3,0.00466546516539529,0.03988593980669975,9,7,0.01177050070092082,0.0032614017352461814,164.7980349,894083584,1.132059436,72994476.16,212518461.5,148001950.7,0.001
8fda7aab93,True,0,2893.5224754810333,0.6318054205738008,0.2670761558413506,0.07746773061342538,0.12964419890195134,0.16665666652843358,0.6831857109442353,0.5089107951149344,45.20013850182295,36.050671581178904,10.26877242140472,54.66078501753509,2758.956206496805,-0.3104209303855896,combined,0.004407704462110996,0.2237548483069986,0.7009588157758117,0.005420908497273922,4,0.0032882127407938243,0.04829194411635399,9,9,0.003916023104451597,0.003567055556923151,229.9856448,339606816,0.102164407,12026281.78,87037933.5,139594838.7,0.001
9012208f94,True,0,3138.1834671497345,0.5794181290082634,0.21213236574083566,0.07763534386642276,0.14640077697113157,0.1304740966297686,0.5741343947127461,0.6485382187180222,41.809796541929245,21.235369723290205,8.871771566569805,106.77293081674725,3869.0686654299498,-6.578182436525822,combined,0.0035464418813586237,0.3111161530669778,0.6427764071151615,0.0020277515918016432,10,0.0056181394513696425,0.04636808078736067,7,9,0.023292229252867398,0.004974667059257626,676.2422563,627692928,0.7427300639,50163256.28,288861122.7,215498821.1,0.001
9022fbcdf8,True,0,6677.490396738052,0.8357162068597972,0.27144036462530496,0.07291834308765828,0.18358003748580815,0.0515773456543684,0.37242702795192595,0.5305883241351694,59.92998646572232,21.815630979835987,0.6126326322555542,96.78196698706597,2656.7040299996734,9.509609669446945,combined,0.002903093598317355,0.33895373338833445,0.5510859850794078,0.0030220121011137963,9,0.010462056700140237,0.030886546708643436,7,6,0.004250608274713159,0.014974131505936381,225.8074836,35697644,0.04139226319,5722850.804,327554224.5,68451807.92,0.001
9041ef54f7,True,0,5487.912891626358,0.5623262066394091,0.22041648199781777,0.06141672296449542,0.10385542418807746,0.15812144912779333,0.6502203767187893,0.6402404180262238,42.71800929680467,21.423491090536118,12.056435074657202,162.28450294025242,2569.7822524234653,15.334710106253624,combined,0.001334941958170384,0.32232633528299626,0.7261138251051307,0.002529915427416563,9,0.008693920369260012,0.032160588353872296,11,8,0.013467282558791338,0.002033311093226075,73.26743306,805319424,1.853544,108967846.1,96713345.66,93074970.13,0.001
9085ff9dc2,True,0,3986.97261595726,0.6860063000582158,0.24473031481727958,0.07486867100000381,0.12369023030623794,0.15888630533590914,0.3912595876958221,0.5684145804960281,47.68915772438049,39.49701767414808,3.487286875024438,161.19377957750112,3456.3615187071264,5.766323283314705,combined,0.004604021457396448,0.22201147177256642,0.5657740715891123,0.0014501543760299684,5,0.00851018812553957,0.022476670220494273,5,4,0.008946640002541244,0.004651468753814697,392.1933722,1340276096,0.7448586969,56546096.08,500675170,270390180.9,0.001
90f477a4f7,True,0,4720.792688846588,0.7999173521064222,0.2598297896049917,0.08827830171212553,0.1294603580608964,0.12812608485110105,0.6577516002580523,0.6266627865377814,57.11817091330886,34.54296089708805,7.257503382861614,215.82970137894154,3031.6375768743455,15.96362254023552,combined,0.004320540388859808,0.1847812006343156,0.6917987372726202,0.0032087924867868424,13,0.009583379887975751,0.04407523889094592,5,4,0.021731854402460157,0.010866516031324863,493.6996425,550283584,0.5993965204,36206800.83,177046942.1,176932444.6,0.001
916d1f6a28,True,0,11073.435085773468,0.8472598337568342,0.24946965623646977,0.0667030443996191,0.11028724489733577,0.10478236954659224,0.43162455065175886,0.6073295277543366,52.12792640551925,21.351085864007473,14.649547778069973,175.78640860132873,3340.3506269678473,-4.849842764437199,combined,0.0005353960408829153,0.27802742140367626,0.68553706407547,0.003145145738869905,9,0.007236817920114845,0.021080474369227886,9,6,0.024351811259984972,0.004715536748990416,303.8461282,519075520,1.125739016,62022148.2,487051426.3,272695843.7,0.001
91805e064e,True,0,3838.0669872760773,0.6627649363130331,0.2664925347268582,0.08322675288654863,0.15776222432032228,0.1111594453919679,0.6681750564370303,0.5377143411897123,40.38973215967417,20.57866044342518,4.8248165510594845,126.43721696455032,2509.8943072371185,5.932682134211063,combined,0.0015415252717211842,0.22893650121986864,0.7223270012065768,0.006707114891707898,5,0.006537543889135123,0.019084019474685195,7,6,0.011085523976013064,0.006628841737285256,124.9027711,76806312,0.2457334875,17916241.84,277681097.3,90352435.28,0.001
9241f0efed,True,0,9787.305304288864,0.7234599090181291,0.2617895782180131,0.08085521271452308,0.19394360752776266,0.12844610856845978,0.5327407997567206,0.5845147147309036,48.49396899342537,21.194208581000566,5.400413492694497,73.4054004792124,3813.3321036584675,13.452787436544895,combined,0.0021092715214006603,0.2772025888971984,0.6387356700375676,0.004833980157971382,13,0.002785853503737599,0.017596199326217175,9,4,0.022509371215477587,0.0011215784903615713,387.8755887,1384617728,0.6272620208,94130236.64,1378403944,397486241.8,0.001
92593287dd,True,0,6675.330677270889,0.6822595823556185,0.26030432211235166,0.07688535793684423,0.16656528413295746,0.116315463045612,0.5177107837051153,0.6417887108866125,46.51660757139325,29.805160239338875,2.8738006968051195,96.1975160073489,3334.862405434251,13.052822060883045,combined,0.00030038392562419176,0.3039639860577881,0.7269208317622542,0.005547602915018797,7,0.012847555680200457,0.04245803859084845,9,12,0.008165272526443005,0.004463334806263446,168.5133402,2579597312,1.230578281,72825233.23,312320226,232751193.3,0.001
92d4e668db,True,0,2328.7714998722076,0.5786073908209801,0.2666313477046788,0.08070983089506625,0.1175864544697106,0.08080885410308838,0.6476040485315024,0.6055802189745009,59.88479198887944,22.042257320135832,14.384886553511024,180.99992407578975,3108.1468178890646,-5.480621099472046,combined,0.0012065133215859532,0.24268478985875844,0.5738213961943984,0.006309056539833546,3,0.014368581477552652,0.0416081140935421,5,5,0.011673642706125975,0.010146273829042912,218.4439054,119518312,1.503656142,29241193.18,142169167.5,107617111.2,0.001
9300cd6033,True,0,6025.939901590347,0.8296453265473247,0.24572507098317148,0.06608324099332094,0.15617930050939322,0.16323165562935177,0.38428835896775126,0.5270719286985696,57.35928567126393,36.184773948043585,4.930848229676485,88.9192405724898,2960.5447063222528,-3.009212478995323,combined,0.002812889080122113,0.32203333743847906,0.5918262351304293,0.0026421813778579233,7,0.003811852628365159,0.013579335100948811,9,9,0.018838730821385978,0.006191254053264855,382.568864,262776768,0.2866306539,33320208.89,617786639.6,274657190.9,0.001
938e2f4fd7,True,0,3417.843561887741,0.8268511978909373,0.1982325154542923,0.06865154187195002,0.14694622773677113,0.19644927242770793,0.6398288127500563,0.5464282701257617,42.89197476580739,29.870158843696117,1.02836624532938,132.4650921979919,3336.7305221036077,-1.9638603627681732,combined,0.0041000332296825944,0.3470659169834107,0.7461930751800537,0.006254440192878246,6,0.006480126792099326,0.032808807790279386,5,7,0.010456681323237717,0.014445269254967568,655.6931719,634480832,0.1500379886,21154738.92,453692367,385619660.7,0.001
93cfbce2e2,True,0,8264.581327438354,0.6820922669954598,0.1999042801745236,0.06360034248791635,0.16128243310377002,0.09792045075446368,0.39090086291544135,0.62806539661251,57.55358314141631,21.39224648475647,15.941724786534905,210.0015434520319,3290.481112431735,10.974459208548069,combined,0.0043859412413090465,0.3105194387864321,0.6829371403902769,0.0077657037384808066,12,0.004597497305832803,0.03479909311980009,7,12,0.02360314916539937,0.001513589011505246,368.9868069,5310663680,0.8092935392,141767563.6,396577066.3,113081067.8,0.001
93f60e7d75,True,0,3063.708950281143,0.5825681113637984,0.2519937801361084,0.07956153810024261,0.17631233017891645,0.10441906698979439,0.6990754795726388,0.599697018833831,46.82988094165921,24.249543510377407,10.875935493037105,156.78619136475027,3575.323228724301,9.806786604225636,combined,0.0034997706901282073,0.32183609461411833,0.5874741056934,0.00235470774769783,11,0.012002471096813678,0.01764108195900917,5,7,0.01691064467933029,0.007493863243609666,555.6187074,490441696,0.6877740191,53205055.24,870887062.6,147092666.1,0.001
9425bedb59,True,0,6715.445727348328,0.6142272782512009,0.2106648651137948,0.08766064038500189,0.11134197628125549,0.06671767723746598,0.5870789082720875,0.5369279141537845,49.10726025700569,30.33077333122492,2.969611616805196,80.68457666039467,3056.955906096846,10.35182897746563,combined,0.0016769681038334965,0.24462524661794305,0.598770884796977,0.00784266833141446,5,0.0036028589042834936,0.02277789928019047,11,6,0.016779127118177712,0.008328562442213295,361.6969009,659982976,0.3474554817,36830069.49,282068678.6,60947780.69,0.001
94384b9a06,True,0,8580.309430122375,0.6479774818755687,0.27496160894632343,0.06866886377334594,0.1810546268709004,0.14556178301572803,0.6812831932678818,0.6464844855014236,42.18984888866544,23.531330302357674,2.7257926650345325,121.56064306292683,3096.2784411385655,13.802267201244831,combined,0.004456195949297398,0.2132720336690545,0.6501558331772685,0.006048008294403553,7,0.013514970222953707,0.025610212571918964,7,11,0.018932792166247964,0.01240489562228322,729.8275235,63691616,0.2813731002,14222532.01,486552834.6,158879854.8,0.001
9439bfc5fc,True,0,3021.2904195785522,0.791724462248385,0.275026794821024,0.08956936511211097,0.10180530399084092,0.1223289639223367,0.6002798571716994,0.5350680962670594,44.43073200061917,34.05037943273783,2.1093768272548914,114.05049466807395,3188.0699773319066,6.442390851676464,combined,0.004808523360919207,0.32254284639842806,0.6299001395702363,0.005512382459640503,13,0.003820380682591349,0.020015549026429654,5,11,0.0147434208272025,0.006288264576345681,440.0753363,216908528,0.05317345609,15250535.81,376184710.2,209053895.1,0.001
947e6a7dc1,True,0,4351.871473789215,0.6826841439120471,0.22324328200891613,0.0644984942022711,0.11063165646046401,0.1071258619427681,0.4733422404155135,0.5301855084486305,55.794562231749296,33.43646463006735,15.278444085270166,159.38231000863016,2709.0099123306572,-5.93207161128521,combined,0.0028926199838519096,0.25762961022555825,0.6543489100411535,0.002732165393233299,6,0.01396441311808303,0.043769716359674936,7,9,0.0037250430593267084,0.009289368838071823,147.9060147,70942208,0.06908915315,6868611.672,89071260.7,87194198.69,0.001
94a1da973b,True,0,2990.353757381439,0.6928944609127938,0.18331669794395566,0.08950106752105057,0.14130561277270318,0.0898152998648584,0.6590525217819958,0.6429872492793948,53.05211888626218,24.307509120553732,15.269464887678623,62.7468187129125,3157.897889148444,-1.6401654779911041,combined,0.002400635781046003,0.2708152499143034,0.6174998274073005,0.0025103147491812704,5,0.00677045266656205,0.028755321428179742,5,6,0.012995562236756086,0.008664725556969642,282.0747515,120652584,0.08422737657,5103690.164,372555978.6,96414967.1,0.001
954a24dcd8,True,0,1853.8264780044556,0.619584362115711,0.23611931253224613,0.06421699133701622,0.10409016227349639,0.05693514798767865,0.6220853987149894,0.5805045430548489,40.82783252000809,35.18518319353461,7.77311154641211,139.60180252511054,2605.5812030099332,11.994188785552979,combined,0.002865347380004823,0.33423357711173596,0.7340998722240328,0.0029873664632439614,3,0.004685459311120212,0.01892699345946312,5,5,0.00766419003624469,0.013128205761313436,156.7599839,702145920,0.4890035413,34587340.54,179874589,30133934.94,0.001
95526a3e29,True,0,1940.0433571338654,0.8497558530420064,0.2694432370550931,0.0709086136892438,0.1194139475002885,0.18638740186579528,0.6300724944099784,0.5694489298388362,52.74488236755133,21.244326923042536,1.2348882593214512,60.56365092936903,3086.3284333609045,6.752321667969227,combined,0.00310892544016242,0.27999735191464425,0.5787634359672666,0.004643903317302465,13,0.007702621971722692,0.0359222225472331,3,5,0.012922973491251469,0.009402143422514199,332.3238382,75868304,0.1230035289,10679980.58,244457164.9,339338774.7,0.001
95db2eddf3,True,0,4346.603613376617,0.6149197153747082,0.23049669817090035,0.06197324680164456,0.19306123163551092,0.1822106298059225,0.38793848436325784,0.6194361728150397,46.76769031211734,37.07483567297459,8.414318589493632,52.04740587528795,3136.737613938749,14.767407096922398,combined,0.0032108892881311476,0.2766469898354262,0.7110082678496837,0.004692767559736967,8,0.013314786185044794,0.013971865102648735,9,4,0.010587250816635788,0.011274541683495044,461.1249992,27052190,0.06205571914,4509303.408,743610631.9,172309899.8,0.001
967f7a217e,True,0,5735.653483867645,0.661366449855268,0.2617733724601567,0.08746755257248878,0.17564714420586824,0.18414779743179682,0.5088665809482336,0.5301648119930178,43.8138990290463,39.25121711567044,8.775351785123348,65.02239696588367,2832.930310163647,-3.8303143978118896,combined,0.004923602591454983,0.20029473616741597,0.6834737334400416,0.004204562945663929,12,0.011564258288126439,0.028553146943449972,7,5,0.0030883555207401516,0.01423344933055341,367.016681,19694240,0.02627050822,3114158.792,332100362.4,144886365.4,0.001
96d2e939cc,True,0,6507.029824495316,0.5770619623363018,0.27644160782918337,0.06935887416824699,0.1562040036544204,0.19442713311873377,0.6772976113017648,0.5503662541974336,55.06164953112602,27.965650539845228,7.639885403215885,72.07925068493932,3184.846993070096,9.859644293785095,combined,0.0046925115557387475,0.3125256467424333,0.6644602715969086,0.0037428720749914644,5,0.0069181739282794304,0.029146939106285574,11,10,0.01869571820646524,0.011659705588594079,860.3557121,243106480,0.1042019589,11742273.14,359539097.1,212372641.8,0.001
971debf20a,True,0,4090.9663972854614,0.7112406889908016,0.2053742133267224,0.08838720811530948,0.14619375588372352,0.16900588334538044,0.5924756726250052,0.5249748149421066,51.150309685617685,29.415445141494274,9.778266130015254,162.8688908657059,3432.691005989909,7.253243021667004,combined,0.0036336114699020983,0.2674147078860551,0.5519357014447451,0.0069398815497756,6,0.014510473963804543,0.041213485673069955,9,5,0.005072012056596577,0.01249626546166837,570.2990644,1202606336,1.03864466,50468995.83,310729861.8,273660125.6,0.001
974f06492d,True,0,4759.003638982773,0.6114741826429964,0.21591212779283525,0.06963411695323884,0.16175250178202988,0.18702439381740987,0.5558229671791195,0.5397290225606411,50.55261826142669,36.39544619247317,0.3411365859210491,120.41297199949622,2557.0546369999647,0.6186139285564423,combined,0.002853252913057804,0.19034770132973788,0.5867430688813329,0.006027871348708868,11,0.005049177075270563,0.04389437261968852,5,9,0.01004968960955739,0.008772721134126187,187.239522,209031184,0.1107541289,16884064.88,114131563.1,103476216.5,0.001
97b5087af8,True,0,2983.349125146866,0.5696286033838988,0.25306053088977937,0.07281937848776579,0.13732443703338504,0.06294929748401046,0.4834214843343943,0.5678144826088101,51.541993003338575,30.54514218121767,14.410960609093308,53.84073643013835,2805.565843824297,-0.5908866077661514,combined,0.004086451148334891,0.2877496650535613,0.7105791257694364,0.0060767323791980745,4,0.0080217587063089,0.026622471027076246,5,10,0.0022674311706796287,0.011310962848365306,202.2134648,118044136,0.06799485644,6287295.313,234388941.4,42110124.96,0.001
97f1d8686a,True,0,4243.181782007217,0.7894160179421306,0.2147818403504789,0.06267782933078705,0.11013783682137729,0.18955884077586238,0.40353362979367374,0.6225341616664082,54.0180030092597,35.09202593937516,1.5238840263336897,98.44638249371201,3382.0024258457124,-6.854446165263653,combined,0.0038106284702196717,0.295247167032212,0.6810239307582379,0.00178854977786541,3,0.012931340241339058,0.04782725285738707,5,11,0.018565191725268958,0.00870073353126645,554.9337044,26435036,0.1398028399,4728503.914,155970143.3,376704620.2,0.001
9864eaa302,True,0,4291.128550291061,0.6047292324714363,0.21294007079675795,0.06531512713059782,0.10795534318313003,0.16847121766768397,0.3733061362057924,0.5747156632132828,59.163937494158745,38.341118451207876,16.461754688993096,110.4191414238885,2672.045740298927,-4.478093355894089,combined,0.00352160534709692,0.23377192446961997,0.603825318813324,0.0036301471047103405,8,0.013127158896066247,0.024258096031844617,11,5,0.007825430442579091,0.005438737781718373,177.8098689,27490652,0.0287931412,4546545.132,166656431.4,89234290.37,0.001
98a6b6d413,True,0,4123.622340917587,0.8417436499148607,0.23222419276833536,0.08802186020649969,0.1044155121780932,0.146789957722649,0.3840547296218574,0.6283357996027916,50.056927762925625,23.704802729189396,17.08142372779548,73.73965840600431,2543.4807552956045,5.47334861010313,combined,0.0036232721134088933,0.2903069982863963,0.6410175513476134,0.003490765120834112,4,0.01383508194470778,0.030018389672040943,7,11,0.0036422742595896124,0.009782085675746201,167.4728886,147904032,0.06171399694,7187748.908,144256326.3,143723046.8,0.001
98b36d57d0,True,0,9022.783187627792,0.5840652206912638,0.22770841570571065,0.07905115689150989,0.1285116548649967,0.05075003309175372,0.36638640505261716,0.6159387756604702,58.57139898464084,35.04867112264037,9.581652464345098,111.90338462684304,3210.0672288797796,0.39139872789382935,combined,0.00105,0.20876929080113768,0.5689528420567513,0.0011445270858705045,5,0.006571665523108094,0.01039364505559206,11,8,0.015796277658082544,0.013649213101714849,520.1902277,2351017472,2.498891691,147818582.5,559440411.4,61988609.79,0.001
9923dc247c,True,0,1651.9529750347137,0.7459244268015027,0.26269500974565746,0.08045473113656043,0.127462652977556,0.18302381802350287,0.6201881042681634,0.5947229541372507,40.36545105278492,38.01619356498122,7.714689949527383,46.50253418274224,3483.8819233700633,3.594482161104679,combined,0.004117835223115981,0.3052349673490971,0.5768882719799877,0.007206549552828074,7,0.0034678672556765376,0.02442007139325142,3,7,0.023373390514403583,0.01429133786447346,786.0581731,116166024,0.03280964006,4836928.443,529824702.3,374622202.1,0.001
9927bf2c69,True,0,1721.8284730911255,0.6719609667547047,0.2207815626822412,0.06069635080173611,0.12394911665469409,0.16695083235390484,0.499042365187779,0.5231192603707313,53.35434289649129,24.095760267227888,14.464078322052956,118.12452239077538,3211.6109617054462,-7.169823475182056,combined,0.0023341120588593186,0.2855335232708603,0.6065664108842612,0.007582188218086958,8,0.011459137630183249,0.049701496995985514,3,7,0.011380018454045057,0.0016690839547663927,203.0934345,255905136,0.3238684136,28490578.43,126742589.5,210674774,0.001
99cd0dbf59,True,0,3670.7566764354706,0.5871074316091835,0.22347833460196853,0.06336111696437001,0.17964234752580524,0.19301794394850735,0.4157918353099376,0.6084482030943036,42.36044995486736,31.677252762019634,11.716841261833906,34.94416443724185,2779.0134428068995,10.156797602772713,combined,0.004092751424293966,0.22621147079393267,0.5571554420515895,0.003042216772586107,10,0.0017376484167762102,0.031825694069266316,5,6,0.01102150635421276,0.014094236508011816,324.6235724,257631952,0.03913737092,9603035.227,261479291.8,125854903.5,0.001
9a1d119348,True,0,4746.1315059661865,0.7943754637613892,0.26304508123546844,0.0815420177578926,0.16909303199499848,0.17219337248243394,0.558512928429991,0.5373726544436067,53.785620499402285,25.59068638831377,0.4696586038917303,122.67493214830756,3912.2692681849003,8.767489105463028,combined,0.0023503007942810654,0.24901014830917118,0.6274585749953986,0.003424857934564352,11,0.009781451799441128,0.016552736870944502,5,6,0.02229757746309042,0.001894072949886322,475.9435873,1924601984,1.471653249,98388759.99,1389207825,618666971.6,0.001
9a42f431ba,True,0,7197.07216334343,0.8376948942430318,0.26402391094714406,0.08682771708816289,0.14096124963834883,0.12497241096571089,0.5298296361695974,0.5659931296948344,59.22072881832719,31.061247643083334,14.640401143580675,58.84524884726852,3792.1593505889177,2.899266727268696,combined,0.0047716349981725215,0.25419177937321363,0.6488634575158357,0.002012820317596197,9,0.013491359508130699,0.04605637922883034,11,9,0.01508102407027036,0.005827214917168021,994.0028432,44315808,0.02288280872,3337358.443,367419687.9,388734294.8,0.001
9ab22a2425,True,0,14005.822534561157,0.7997933806851506,0.20001498779281973,0.07498596204444766,0.1491715685464442,0.14708402045071128,0.5336759710218757,0.6425455880817026,48.191786874085665,36.75470143556595,12.186858460307121,99.0588645292446,2981.3969507813454,12.007012248039246,combined,0.00105,0.2604033226892352,0.7483310779556632,0.0011027299478650093,8,0.007662269633263349,0.031734186448156836,11,5,0.012013129960745573,0.008128789441660046,250.0475446,84219824,1.128603532,27452416.64,336079270.8,230829720.2,0.001
9b2eacaa8d,True,0,4734.073377609253,0.835356938932091,0.23271691503003242,0.06428751667030155,0.15922430194914342,0.19050028119236234,0.5334428035654127,0.5015291409101337,45.344963520765305,32.49673943966627,11.581021690741181,191.1451463215053,3278.0210934579372,3.742391973733902,combined,0.004219120204262436,0.3193272353801876,0.6679617304354907,0.006746820094436407,11,0.006004551218356937,0.04415727268904448,5,6,0.01828812462184578,0.0068318207785487165,585.2760444,1280059776,0.8845424902,86166381.1,307315188.4,373678528,0.001
9b5d2d6181,True,0,5278.090693473816,0.5851630069315434,0.24270897733047606,0.08630192762240767,0.12220440302044154,0.05541729708202184,0.5342762232292443,0.5455698612611741,44.68881284818053,35.9220016002655,17.66276304423809,70.67585578002036,2665.3660074807703,14.566879518330097,combined,0.0007975493472069501,0.3003985482361168,0.7447837809100747,0.002591882448643446,13,0.011805228415410965,0.04047117240726948,7,4,0.01633085881359875,0.012514583598822356,192.9257328,50985080,0.1098473209,8480268.981,99524868.22,37521015.77,0.001
9b7e7dbfbe,True,0,5510.112509727478,0.5970511266961694,0.27799609724432234,0.0716659080516547,0.18655821653082968,0.1220331583172083,0.5085026153363287,0.5227503770031035,59.13282638415694,31.638053692877293,5.974214058369398,119.38026300538331,2954.1202024556696,-7.3996951803565025,combined,0.0018979315921664238,0.2760804969165474,0.7287564197555184,0.006302875382453203,12,0.008665561088360845,0.01844993680715561,9,11,0.020769516471773386,0.0057025591935962435,336.5269936,146933296,0.1379530518,12814501.13,521956354.4,137258496.5,0.001
9b80cff433,True,0,2502.362724542618,0.7483301830478013,0.22651296650990843,0.07396554007194936,0.17476349510252476,0.14150803131051365,0.5373619275633246,0.5057795139029622,56.50812931358814,30.995691176503897,8.943573916330934,133.87008569017053,2843.7943910248578,10.939910009503365,combined,0.002950672059506178,0.30647723453119396,0.7048097744584083,0.005322438743710518,13,0.00223667992092669,0.042189308777451515,7,7,0.018602978265844283,0.007633589366450905,355.5036766,1219138304,3.983739311,171610605.1,222154312,171558181.7,0.001
9bb6c4f4f8,True,0,4201.1027891635895,0.644948856625706,0.22608042165637016,0.06606625928543508,0.12207175055518747,0.14131604800932113,0.42745006601326163,0.5908551608212292,58.061893451958895,32.21183257177472,7.7532744482159615,111.69087720755488,3470.255524851382,6.795006655156612,combined,0.0033158864768221973,0.198876127731055,0.6114075044170022,0.0024322382532060145,6,0.009433244763873517,0.04577535420656204,11,4,0.010014475447125732,0.007767107082530855,485.4186825,118117112,0.3170889478,17369319.2,186082951.1,214932102.6,0.001
9bd6bced29,True,0,3824.4113240242004,0.5582718719728291,0.20104352014139296,0.06092575944028795,0.141527065820992,0.10758013301528992,0.4388148786034435,0.540397461457178,46.59871932119131,33.81069676950574,9.681051274761558,188.09249358903617,3718.8455746509135,-7.712097674608231,combined,0.0026284577410668137,0.201211116053164,0.7339104665443301,0.0028591392032802105,3,0.008403183563612401,0.046727935820817953,7,11,0.024684595272876322,0.013808785110712051,1015.169284,347537472,0.5774187167,30279531.85,238360704.2,149713250.7,0.001
9be25f9058,True,0,2515.708645582199,0.6547376139089466,0.24722519146278502,0.08187556771561504,0.18299947427585722,0.17735059796832503,0.4092533135320991,0.6186849610880018,58.93167933449149,23.086936436593533,5.304193703457713,174.704865090549,2893.386901821941,10.569526918232441,combined,0.004149677771888674,0.3431226597353816,0.6109126098453999,0.004550692182034254,5,0.008761901166290045,0.029992814362049106,7,4,0.02429980890825391,0.008234504843130708,447.9383038,980044224,0.8172086675,75066933.08,352200235.9,163352228.8,0.001
9c01231935,True,0,5786.778683423996,0.5756477595306934,0.23602868190035226,0.08194789809174835,0.1306959637440741,0.18965289355255666,0.4413337647449225,0.5185088263824582,50.64286831766367,34.44169443100691,16.752575632184744,142.27842024341226,3602.447869256139,13.109473422169685,combined,0.002501751145068556,0.28079219405539335,0.5659880874678493,0.0059561057284474375,9,0.014923036023974419,0.036966779977083204,9,7,0.022884616689756512,0.006246115447953343,618.6261135,411109280,0.6306942541,41208968.22,305941488.5,249998174.1,0.001
9c223f9c8a,True,0,6164.620078325272,0.7172946115955711,0.267056515365839,0.0842120190616697,0.14773770840838552,0.14729225793853404,0.3529580308590084,0.6010446102358401,42.41446925327182,24.087403509765863,11.393696766346693,49.847207377664745,3934.180799406022,6.500399209558964,combined,0.001601774005126208,0.31616481533274055,0.570673805475235,0.0031114893198013302,4,0.008636439842171967,0.03799888674169779,7,8,0.024733759119175372,0.013096680480986833,1135.279022,213146944,0.2091804785,12608244.42,546713411.8,481485740.5,0.001
9c5ae8f36e,True,0,3450.3416368961334,0.7500790587626398,0.23043228119611742,0.07939301510341465,0.11478949664160609,0.08384963464923204,0.47987944367341695,0.5058937585446983,48.911575209349394,25.343604423105717,5.58540415763855,61.50124559830874,3226.712411735207,4.032891057431698,combined,0.0028243908763863146,0.2578313366509974,0.5815477108582855,0.005060660890489817,14,0.004024175946135074,0.01915358766913414,7,4,0.011903398850932717,0.0016478033885359764,194.6211858,211562144,0.1133628671,17989980.24,448405530.8,135238313.9,0.001
9ca64b10fb,True,0,5416.060059547424,0.8249998106621206,0.23005187233909966,0.06082218429073691,0.16949154064059258,0.09288259320892395,0.5921211517881602,0.5131398020777851,42.86575045436621,20.030888449400663,12.394829822704196,97.33482798282057,3801.1770588345826,1.335705615580082,combined,0.001301431191060692,0.21968317188322545,0.6211275139823557,0.0036941573321819304,13,0.00181249670824036,0.04948113899677992,5,8,0.020518769901245834,0.0141823023352772,909.9002915,243908320,0.3493353257,50829547.44,414175963.5,316848799.3,0.001
9d8b62b737,True,0,3164.820329427719,0.7040115632116795,0.19248707324266434,0.06016767248511314,0.1426833567209542,0.15390707375481727,0.49254635549150405,0.5152753381989896,47.57254181429744,28.922334536910057,16.222996462136507,106.228202810511,3588.687822688371,5.1418642327189445,combined,0.002766845481004566,0.2252309535164386,0.712300136871636,0.007256196155399085,3,0.009770332643296568,0.04435047950595618,7,10,0.011208143173716963,0.008380591988563536,559.1906194,159910576,0.4164067551,27397242.89,298874029.4,292493318.4,0.001
9dd74eb88c,True,0,6566.909284114838,0.5533740124665201,0.2544516851380468,0.07564406423829495,0.18950925190001727,0.19649867285043005,0.6239830347709358,0.6118190828245134,44.34821454808116,33.277741353958845,10.007195988669991,117.32998369913548,3890.7918105833232,7.294564843177795,combined,0.001726673927064985,0.22224002032540738,0.7265659410506486,0.004479245724529028,14,0.009498753435909748,0.013565381616353988,5,9,0.022002264982089403,0.013964589131996035,966.5777052,816637184,0.601296994,39703242.67,1302106118,374114421.7,0.001
9e088d7368,True,0,6956.327784776688,0.6394231568090618,0.24411455841735008,0.07993077294901013,0.10870104655623436,0.13777123442851008,0.6136918338015676,0.5918732336256654,56.147370524704456,32.55958378314972,4.971432281658053,85.45565976854414,3105.479338672012,15.93858239799738,combined,0.0010232744937762619,0.2479881632234901,0.6794542729854584,0.0077574866302311425,4,0.001783375260885805,0.02898980565369129,7,11,0.02248434554692358,0.007658882692456245,335.4440659,455043264,1.468701796,122425165.5,232192639.1,187221239,0.001
9e220c6b64,True,0,3232.8661720752716,0.5789362626150251,0.24153454110026362,0.07249693357385695,0.152338782325387,0.11825270163826646,0.37892405074089763,0.5054592434782534,44.148143362253904,26.359021235257387,2.5122272707521915,135.7296048309654,3777.3721939884126,-2.169904977083206,combined,0.002161114936228842,0.21563789596781133,0.6552580738440156,0.0033778869226574896,14,0.008776689282618462,0.035066969953477384,3,11,0.004074150052852929,0.0074154065158218135,299.2199381,203592784,0.1442161073,19248481.38,477488962,193004384.8,0.001
9e4bc5d35b,True,0,4224.455834150314,0.6812720952555538,0.23540430024266246,0.06867738196626305,0.10100394720211625,0.0791623848490417,0.599008757341653,0.5448927695862948,51.95045588538051,24.277535267174244,14.058186873793602,166.20834288466722,2802.875829860568,10.421742118895054,combined,0.001846351497527212,0.3190461529046297,0.6458567583933473,0.002164657890051603,10,0.010508718461729585,0.035876624137163166,7,5,0.007043413863517344,0.013968669613823294,180.1584509,1051209664,0.3833089235,36738391.7,123558906.3,71229628.92,0.001
9ecdf013ce,True,0,3173.2765045166016,0.8079383288510144,0.2764181526564062,0.06237757667899132,0.1743029006756842,0.13872973578982056,0.39237971259281035,0.6445512344595046,52.237063217908144,32.25299162790179,6.514793688431382,63.91143156774342,3508.2877329550683,3.0796441212296486,combined,0.0024683403973467647,0.23013409039936958,0.6076602494344115,0.005265017684549093,4,0.01162617471953854,0.019479211270809173,5,8,0.009327438913285732,0.003688459539785981,353.7079078,56321752,0.1532920417,8029087.171,982652534.8,392231493,0.001
9f05344389,True,0,3104.697788000107,0.6839001465588808,0.209482198972255,0.08744212836027145,0.13655889667570592,0.09329222505912185,0.5909790416713804,0.5849319984205067,53.154023457318544,36.01478772237897,6.776282547041774,139.9148461278528,2958.1156503409147,6.044463239610195,combined,0.0015875280576758087,0.27884823657572266,0.5850478397682309,0.001935304819047451,8,0.010071005625184625,0.021354261711239816,5,5,0.01653889578860253,0.00911476927436888,215.7022263,313433856,0.1944646628,16475203.47,371749848.8,104102628.6,0.001
9f3be210ea,True,0,5310.7089166641235,0.7866348152980208,0.2544869792833925,0.08612358991988003,0.1831820827908814,0.14086965285241604,0.42927748314104974,0.5173234893474727,48.41806586831808,26.31585730239749,13.382253371179104,122.06242181919515,2814.419941511005,2.081865943968296,combined,0.004209388961270452,0.299168908726424,0.5947675155475736,0.004082106444984674,12,0.004088319118134677,0.02264732424169779,9,8,0.006938719829544425,0.0026858220379799604,257.886674,315672160,0.1744085706,32918584.19,475973332.6,173455694,0.001
9f7e37f0aa,True,0,5348.629195928574,0.7694652994163335,0.26789133746176963,0.07068767169490456,0.144209582451731,0.16114081097766758,0.6370244124438613,0.6274137001484632,49.99507812783122,25.560236535966396,6.465352110564709,120.21609294321388,3186.730089597404,11.062620222568512,combined,0.0030514708851464094,0.24582109438255428,0.5924818556755782,0.0033477478116750716,10,0.014207126672845334,0.039460081569850446,9,4,0.013162855068221688,0.008643388325348497,467.3925866,64873112,0.1282523237,10593115.09,282652365.4,266261144.7,0.001
a06ee0a5ab,True,0,2789.3558835983276,0.5709885101765395,0.24525668725371363,0.07683332565240561,0.14399525737389923,0.1099289641249925,0.6709561089985072,0.5233130026143045,48.95693892613053,29.34264201670885,1.6992729362100363,150.79277973249555,2761.804064270109,9.204019226133823,combined,0.004003453375026584,0.260951550938189,0.6460585504770279,0.004872491053491831,3,0.01250532318977639,0.021066806986927984,7,6,0.016108072359114885,0.014127761375159024,380.485654,210156560,0.5713526474,25222862.91,284382544.6,68219081.63,0.001
a09cfe0c44,True,0,3580.254238128662,0.7335308969952166,0.26566437205299737,0.06451232079416513,0.17524010874330997,0.093405719101429,0.5849499519914388,0.5568932434543967,54.60549874231219,22.13845282793045,15.79739299044013,121.19088215008378,2768.0363417603076,3.1124131605029106,combined,0.0039247826461680235,0.23367932248860596,0.5921808874234558,0.003820252665132284,12,0.0071603176183998585,0.04242348812520504,5,11,0.004993319626897573,0.0086921962890774,258.0372983,221381344,0.1127689633,14323564.02,205423943.4,98219035.98,0.001
a0c7258da3,True,0,6092.528586864471,0.654348138999194,0.21260644720867278,0.06609574159607291,0.18864859770983458,0.19633154300972822,0.45403073262423277,0.6323544870130717,45.12370320037007,25.923104770481586,9.073272367939353,85.08470264356583,2943.4873796999454,14.209916926920414,combined,0.0005782372161746024,0.2726481163967401,0.5544262470677496,0.006938005096465349,10,0.006781516590155662,0.01733989641070366,9,4,0.008904090867377819,0.010760373279452323,204.3843183,93383104,0.4882230748,26571514.15,568147975.2,203238012.6,0.001
a0d3a65bae,True,0,3910.0299680233,0.6154361895285547,0.20437171386554837,0.06801431416533887,0.14387116171419623,0.12598485881462695,0.5912472172174602,0.5549937840551138,43.66959830746055,39.813365899026394,5.827662114053965,110.60774036403745,3777.046286035329,15.695856608450413,combined,0.0006714426880702377,0.26792316161096097,0.5738699002191425,0.0029734101183712482,4,0.007426694153342395,0.015352229215204717,7,12,0.01563555961009115,0.00622960564866662,362.6390552,1412507904,7.265003784,189602411.5,903937935.1,277313505.9,0.001
a16f6e291e,True,0,4053.792078733444,0.8197944406419992,0.24344764027744534,0.0792913950048387,0.17468577018007636,0.05866594421677292,0.42573154917918143,0.6307187503669411,40.66182818263769,37.127727158367634,16.47136497683823,38.37929160054773,3267.65716355294,7.691428869962692,combined,0.0011672100005671383,0.19549965503625572,0.6389668956398964,0.0054532439887523656,6,0.006187334500718861,0.0465572202205658,5,6,0.013363206546753645,0.012401573643088339,397.382428,131762480,0.0525807094,4571263.429,310859910,128920436.5,0.001
a21a881940,True,0,14195.593893766403,0.6791459313593805,0.2275738753564656,0.06370040321722627,0.14178448114544154,0.06364706214517356,0.574463355820626,0.6360328529495747,56.493309773504734,28.539427891373634,6.052443098276854,52.63091083895415,3419.7079967707396,-4.51083879172802,combined,0.0008149338111281396,0.23001781948842107,0.594405198097229,0.00487836843058467,11,0.007785262315068394,0.03631374139338732,11,6,0.0063158127749338745,0.013942786829546094,362.65269,375975168,0.05782970922,7378283.754,355430155.5,106674963.7,0.001
a2238b0100,True,0,4203.092449903488,0.712463509477675,0.18385354598984122,0.07369324863888323,0.1447433866560459,0.05878635360859335,0.6308088071178645,0.6120625910814852,46.85459617525339,31.820517126470804,11.111171124503016,144.58505110442638,3137.929306831211,13.653158351778984,combined,0.0010019421923905612,0.24178954301401973,0.5973917800933123,0.0020043062217533587,5,0.005137462730985135,0.011324123851954937,7,9,0.00744359615445137,0.004767246082425117,133.0954029,338262208,1.151504554,55296940.24,653869326.4,71019900.65,0.001
a23ca3fb35,True,0,144.4016411304474,0.7955846879631281,0.24425297902897003,0.06371766974218189,0.18658253820613027,0.09551375461742283,0.5326885394286364,0.5545413192827254,58.29058784991503,24.855957739055157,8.890173062682152,41.495728368870914,3202.9471527785063,5.299193941056728,combined,0.0011920375702902674,0.26689975334331395,0.6029454974457622,0.007394128163903952,10,0.01218058340018615,0.024134735465049746,9,10,0.020895683212205765,0.012045969814062116,711.3553473,36417340,0.04798516656,4251473.328,696168857.9,185987912,0.001
a266ea71f0,True,0,8414.724356174469,0.7517747661098838,0.19858891835436224,0.08761742983013392,0.19222282255068424,0.130333452206105,0.43217161973007023,0.5488503428641707,49.04156073927879,24.557592924684286,16.982612824067473,59.42730841320008,2762.815694324672,7.34562985599041,combined,0.0023757120789028702,0.3004509452078491,0.6564760398119688,0.002162935885041952,6,0.00763051587017253,0.023711649142205714,9,10,0.024822402640245857,0.0018236117400228977,178.4918248,277897408,0.09879174156,9806302.253,448263556.9,142943977.8,0.001
a28356a292,True,0,3771.357110977173,0.6875209703110159,0.25253993023186927,0.07829667373560369,0.10763232214376331,0.16809351765550673,0.5543654990382492,0.5191706688608975,50.2688604965806,20.693504326045513,16.120989253744483,37.54014727193862,3599.7334555722773,1.967755027115345,combined,0.004668059214111417,0.33200488254427907,0.6775825401768089,0.0024959130503237246,5,0.004029063329100609,0.025532446317374707,7,8,0.020927854539826513,0.001779929582029581,462.0309286,121178408,0.07556511304,6939976.078,426628704.2,330586456.4,0.001
a30c65c60b,True,0,4964.560571193695,0.8221165611408651,0.1826561207138002,0.07467706357128918,0.12738493345677854,0.11672523571178318,0.5194527933374047,0.5699552305974066,57.46855940669775,33.83605260401964,17.492624508216977,140.89997744653374,2677.3743187077343,-5.863455183804035,combined,0.002368836544826627,0.19441307784989476,0.6669006673619151,0.007281846053153277,12,0.0074218968171626334,0.029333780929446218,9,6,0.005892583205364644,0.0059342685267329215,157.4846289,170165568,0.1938576195,23645394.25,220656950.5,115051479.7,0.001
a33e6b42ff,True,0,10095.466526508331,0.7864640437997877,0.1976473207771778,0.06315622276626527,0.1625278257764876,0.10070250094868244,0.624752640351653,0.500193048780784,47.77059445157647,34.0858387760818,15.20226470567286,35.438573928549886,3456.837802194059,4.654236800968647,combined,0.0018210827394388616,0.34188188951462506,0.7301231361925602,0.005964982150495053,8,0.003193717590998858,0.024811534844338894,11,8,0.00616200390458107,0.011378355495631695,457.3966089,33915292,0.02379925193,3530129.348,722670087.5,231704825,0.001
a342b48adc,True,0,4749.564703464508,0.8150756814517081,0.23392665984109046,0.07692795429378747,0.150400182697922,0.12901501557789746,0.5679386646486818,0.6355183486826719,58.975897151976824,21.597692482173443,1.9805452153086662,43.40052895899862,2614.526601973921,14.667200617492199,combined,0.0029696215226314962,0.3456615653820336,0.5745182348415256,0.004482005529850721,12,0.0077673919508233664,0.010577920898795128,9,7,0.0029914865586906673,0.00797892544232309,170.776254,49021316,0.007535326918,2440003.405,445095430.2,127742641.1,0.001
a3c3aaf5e1,True,0,3787.4596750736237,0.8403525652363897,0.25596159502863886,0.07064280719496309,0.19209489868953825,0.13122842628508807,0.6021346434485166,0.5072761904448271,40.43152045458555,36.909798197448254,17.92038139142096,88.21411161404103,3309.836393687874,14.164719872176647,combined,0.0012476315939798951,0.18098877961747348,0.6374064171686769,0.00374186986759305,4,0.008660663999151438,0.02748596366494894,5,7,0.0117479698471725,0.0053971851784735915,255.9907111,205197232,1.371175544,45754913.3,746676643.6,373474163.7,0.001
a4251d5bba,True,0,3321.738826274872,0.6408888421021403,0.23801903596147897,0.0853581782989204,0.1828032420948148,0.0921991856303066,0.3736339548137039,0.539515744894743,47.44973657652736,31.417729295790195,14.714758867397904,149.57062622439116,3041.2687356583774,13.44167573750019,combined,0.0011147697917185725,0.33446098572574556,0.5731083063408733,0.006876038182526827,11,0.003986511772032827,0.025025481656193733,5,8,0.017540352802723647,0.007238174436613917,237.6696475,1771686656,0.4921198576,70772949.78,482726248.2,113975808.1,0.001
a4b6d10649,True,0,4749.369551420212,0.7772132158279419,0.23942457085475327,0.08545003205537796,0.1056678431108594,0.19615510464645924,0.4556853294372558,0.5606377367395907,56.0462174937129,30.56904174387455,5.703352069482207,40.38716186210513,3786.462700460106,-5.492946542799473,combined,0.002641782328300178,0.20431334321387112,0.6394441271200776,0.004977436303347349,5,0.011796829459257424,0.034217893667519095,9,10,0.005151655638590455,0.012762921720743177,644.1065582,20396570,0.0774374829,3585522.707,375906161.9,571912048.7,0.001
a4cadc73a5,True,0,9576.67021536827,0.7499425563961267,0.18726602394133807,0.07142290226183831,0.1317328936420381,0.19317228998988867,0.5905676266178488,0.513943221187219,49.58238296210766,32.57762033492327,2.8853826094418764,96.09233361389488,3876.297464594245,2.233912281692028,combined,0.0005806840537115932,0.21554366894066332,0.7434642013162375,0.003174350468814373,6,0.004813727600499988,0.018232067301869395,11,5,0.01265275413170457,0.010231392560526728,608.2343564,680319360,4.464439962,72420919.64,926988366.5,600117077.4,0.001
a4fb812b1d,True,0,5068.183446645737,0.8461230191402137,0.2554686114378274,0.07703297180123628,0.14651439785957338,0.16270272373221817,0.40288963369093833,0.6253582200035452,55.10465085506439,28.19723580032587,11.848952678963542,205.7021165424958,2556.1615312471986,-5.130460411310196,combined,0.0018405521939508617,0.25879947245121,0.6606331707909704,0.007219886434823275,11,0.004626594324130565,0.018347413539886476,5,11,0.02027881780825555,0.009439497714862227,250.5177088,978436224,0.5692788982,37908740.45,331346463.5,175312680.6,0.001
a50ca2ca6b,True,0,3687.1275763511658,0.6777411503717303,0.1990952836535871,0.0779837925452739,0.1430624737404287,0.17344707539305093,0.6454163931775838,0.573807279067114,40.788944605737925,30.196534376591444,4.711859475821257,44.65066320076585,3150.5005075596273,1.1361260637640953,combined,0.0029371999775990843,0.2796014388091862,0.5547048419713975,0.003545426374673843,11,0.011908932829275727,0.026223874241113665,5,10,0.006194145072251558,0.007699143569916486,274.6000345,186152544,0.03989540694,4697951.003,395264929.2,194404405.3,0.001
a51d35609e,True,0,2214.388271331787,0.6840658045373857,0.2647593574784696,0.06540949953719974,0.11619751900434494,0.12763533699326218,0.4392534952610731,0.5827447567135096,52.571378685534,23.156420309096575,0.43759552761912346,51.49136488325894,3770.2647731639445,3.319592706859112,combined,0.003826681061089039,0.32105273434892295,0.739940420538187,0.007417661557346583,11,0.010966488962061703,0.021025708168745043,5,4,0.01866336872521788,0.004033319253474474,510.4522867,57137568,0.05093191386,5319709.213,634432359,251100839.6,0.001
a55a2c9c96,True,0,4085.6119487285614,0.768586088065058,0.26189268410205846,0.06483543282374739,0.17053612796589734,0.1064717664383352,0.3505468757823109,0.5039901556912809,58.60202897340059,29.20331411063671,14.344027977436781,211.4428244708106,2957.171224988997,11.568826399743557,combined,0.003216433089226484,0.33797978738322854,0.6611565457656979,0.004118729159235954,8,0.013025663960259407,0.035807036869227885,7,6,0.006601759691722691,0.008003669690340756,281.8756841,446015552,0.2586045227,29798652.47,319237195.8,143093729.4,0.001
a5909483ed,True,0,2969.7464714050293,0.7089088544249534,0.26919144943356516,0.06511091661639512,0.15602021049708129,0.15558076351881028,0.6970072866883128,0.5767112258821726,46.98028767481446,21.455496661365032,10.800470067188144,223.00677067879587,2514.168720226735,-6.209326595067978,combined,0.004596162139624357,0.2658340153470635,0.7298611277714372,0.005111416506022215,13,0.013213342634495346,0.02336853548884392,5,4,0.01269986710138619,0.005836806310340762,211.2930862,365048000,0.2675577464,22542718.34,253789135.7,96283371.29,0.001
a631a37e72,True,0,5338.688458442688,0.6213983990252019,0.2119393264129758,0.08311601453460753,0.16834357362240554,0.07237377376295627,0.6029044589493424,0.604832142777741,46.35515712201595,35.45257519930601,11.863252842798829,60.758230121806264,3649.311900138855,10.909183517098427,combined,0.0011251256765797734,0.31621714897453784,0.6339318608865142,0.003441560861468315,9,0.004056308202445507,0.016242490261793138,7,6,0.01606569870002568,0.0010376665256917478,158.6255758,54369004,0.1448567535,15513740.27,963945355.9,143473059.1,0.001
a6674b1e32,True,0,12663.876641511917,0.7614813483320176,0.24514875162392857,0.08800629990175365,0.156890304107219,0.13569158450700344,0.5051099595613777,0.5082721221726387,59.595743250101805,33.765310533344746,6.170520778745413,53.16157693602145,3955.649556592107,7.80233097076416,combined,0.0006534683067351579,0.3104694170039147,0.5851608330383897,0.0038836795791983604,10,0.009876431016717105,0.02304459631443024,11,8,0.002182466563768685,0.00773727236315608,251.6272429,7.086803354e+10,0.3032503096,518358908.8,1050412991,525856428.7,0.001
a78a7972ba,True,0,2613.4791803359985,0.6400516620837152,0.2333221634104848,0.06687166792340576,0.19876349549740555,0.08302282318472863,0.5607092064805328,0.5134896072559059,54.86377531662583,27.757024504244328,0.3934872206300497,56.64826126676053,2903.7562017329037,-5.356069974601269,combined,0.0011058720713481307,0.21402529923245311,0.6835289847105741,0.007644067618250847,13,0.008473430114798248,0.0219678620621562,3,4,0.0065840999269858,0.004422711106017232,109.4205717,419595808,0.8040026302,13799340.59,511102599.3,93301977.33,0.001
a792906e90,True,0,3871.679794549942,0.8032012619078159,0.26699485138058665,0.06382551932707428,0.15000527715310455,0.0684536551591009,0.6001263781916351,0.6212441433221102,47.987972907721996,26.53134485706687,12.010042279958725,72.34358123131096,2855.133878067136,-4.950814768671989,combined,0.0039775039248168475,0.28981491645798085,0.5807024352252483,0.006012919810414315,10,0.014063624421134591,0.04358351103961468,7,9,0.005323395391926169,0.009683387864381075,310.6056922,45035120,0.01651273425,3511841.863,189113720.4,72123483.77,0.001
a7feaabbc2,True,0,4102.981798887253,0.600479185115546,0.25029869407415395,0.08688401408493518,0.1849064253270626,0.16194013217464093,0.37162045263685284,0.6049114939756691,43.58459912240505,29.628425408154726,4.63195351883769,141.02834642864764,3615.907191298902,-1.7996139526367188,combined,0.003910039267502725,0.23180013680830597,0.7204040000215173,0.0022404351159930227,11,0.0043305444563739,0.04900954578071833,5,6,0.020535187774337826,0.01167302517592907,800.8504187,511523424,0.4697589704,69572321.44,294815870.8,252527950.4,0.001
a8647a251f,True,0,1342.4325284957886,0.5777080765925349,0.20881205026060343,0.06321250501088797,0.10686363764107228,0.13814886235632004,0.4438994138501584,0.6148255221545696,54.419812336564064,25.226872358471155,5.198111163452268,117.70093435700983,3635.0957173854113,8.55711030960083,combined,0.002172067475039512,0.31978114699013527,0.6016383131965996,0.005737326904386282,6,0.014516846804413943,0.020254399850964548,3,6,0.012199319157749414,0.0031147661637514826,217.5486137,156156992,0.3473236233,18780402.39,463847573.1,197906483.3,0.001
a8764470ec,True,0,3710.0217695236206,0.5781345182098448,0.19353605883195996,0.06727609813213348,0.11076547410339117,0.061979543836787346,0.6110298378858715,0.5933757547289134,46.03529801592231,29.25521856173873,0.48806130699813366,77.73855656944215,3152.4336971342564,-3.484154850244522,combined,0.004704579601809382,0.20143028845079242,0.6172865759581327,0.005202272561192513,9,0.002849043251015246,0.03426219552755356,11,5,0.02206022086087614,0.008932985501363871,601.6268534,945100992,0.3920996293,48729119.73,183785558.7,24080063.99,0.001
a881ded13d,True,0,6810.329148054123,0.8409520532004535,0.20287615882232785,0.08199263826012611,0.15829808888956906,0.1655711984727532,0.5949177035596221,0.5451437176205218,59.444082118570805,20.66203162074089,15.16273707523942,139.7847926672548,3544.154040515423,4.156907193362713,combined,0.0014695856112986803,0.29950241097249086,0.6782047474756837,0.005089718387275934,7,0.00790738431410864,0.03925092320889235,9,5,0.0215936597539112,0.004764503352344036,483.4468773,7.96896215e+10,2.301553246,724004333.6,464362300.9,473920194.1,0.001
a8a4980dce,True,0,2456.753883123398,0.5925173491239548,0.18442067980766297,0.08602001421153545,0.10599499857053162,0.15341591797769072,0.6235352787654846,0.5463200427126139,42.11685445159674,37.53543632104993,9.54186549782753,158.46397437527776,2850.01329658553,-6.964105933904648,combined,0.0031772263252176345,0.2804583662934601,0.6571340939030051,0.0033703111842274666,5,0.011104183284100145,0.021144736930727957,11,10,0.0024134783735498787,0.0013230912201106547,125.8555282,800516224,0.9013632173,83532672.4,216785181.5,106755202.4,0.001
a99413f58a,True,0,3038.072055578232,0.718819541297853,0.2772686151042581,0.07559873420745133,0.18058272926136854,0.05817045709118247,0.4124050224199891,0.5986622406169773,51.73022789880633,35.0019427575171,13.123949065804482,64.97041175700724,3160.199706442654,8.733263805508614,combined,0.004354600732959807,0.262511348715052,0.5742871429771186,0.005552094086259604,8,0.004366163517348469,0.04419439543038607,5,5,0.015045642014592886,0.010507104799151418,514.2131769,33556024,0.01212505131,3568654.269,291586205,82663340.44,0.001
aa2dd81228,True,0,6087.971306085587,0.5528921524994076,0.23712206037715078,0.06255565512925386,0.10613897480070592,0.10132000218145551,0.5505034416913985,0.5311261102557182,45.56825742125511,28.319561425596476,14.449180813506246,91.89730273839086,3712.185783777386,-1.9708358943462372,combined,0.001497127392049879,0.25090654073283075,0.735426189750433,0.00459444447606802,5,0.0027024067123420535,0.015586713738739492,9,7,0.003288797479122877,0.010311405930668115,262.7498969,1549145984,2.335656604,136029088.1,554302982.7,195562920.3,0.001
aae8fc7f8a,True,0,6813.850819826126,0.6371963449753821,0.25092059245333076,0.08067713672295213,0.12577969282865525,0.09048734912648798,0.36359402104280886,0.5489655109122396,54.32539211586118,39.522167947143316,15.54515783675015,99.66936318483204,3266.5179329924285,11.753822714090347,combined,0.0018721914910711348,0.29942802331410345,0.7164140697568655,0.005054604113847018,12,0.01239842566056177,0.01749413512647152,7,11,0.018851950561627744,0.009385176062583923,438.3310855,45570344,0.08964220957,9416584.283,487847592.7,101332074.6,0.001
aaff9d338b,True,0,4604.6900589466095,0.6573242644779385,0.2634316235966981,0.0691693637240678,0.10822712276130915,0.16334737786091866,0.5345604191999882,0.5755441233981401,54.58125801756978,39.58377046510577,14.170792261138558,41.36213093530387,3319.6847960352898,6.411640755832195,combined,0.0016405193624086678,0.29019854529760775,0.7086043169721961,0.0033502614438533783,9,0.0024232185264118017,0.03654799733310938,5,11,0.017235603427514436,0.0023841790724545716,192.1154836,39976352,0.08325938353,11174060.51,209722274,296070478.9,0.001
ab730db3a9,True,0,3678.544994831085,0.5755210293456913,0.19129820765927433,0.07491803138516843,0.12283459873870016,0.07097140215337278,0.5957934351637959,0.5013601875863969,50.04286216571927,27.207412384450436,9.572604132816195,232.28784070909023,2750.5677291192114,-6.841914013028145,combined,0.004740294349752367,0.32307888901792464,0.7091466579586267,0.0040698212571442125,5,0.014130144717637448,0.035417501702904704,9,7,0.02364076789841056,0.014834404300898312,532.7988595,86083904,0.7758017931,19363558.67,138753430.8,21407711.72,0.001
abbc8f9f4f,True,0,2422.133399248123,0.5981744981370867,0.19004725163802505,0.06186197396367788,0.1766368353739381,0.07480237251147628,0.5687096888199448,0.552610833849758,52.98665752634406,20.765276961028576,5.224040798842907,126.11336723528802,3048.486787825823,11.883163705468178,combined,0.0029073393753729763,0.21530473665334282,0.5718192802742124,0.005964447076618672,7,0.011699387584347277,0.021821553893387316,5,6,0.02463791634514928,0.0035862943828105925,244.6053353,72887840,0.186572872,10795809.07,497741807.8,55101939.17,0.001
ac9238ee72,True,0,3155.7946033477783,0.6963083106093109,0.2563609169982374,0.07912907022982835,0.13053610930219295,0.1410219917073846,0.5770713393576443,0.6050633757375181,41.19671460241079,27.91551610454917,3.513874238356948,61.1481031216681,3911.1056574620306,10.661916702985764,combined,0.0006892357257194818,0.30975370086729526,0.7060776218771935,0.003932481969892979,5,0.0020937102804891765,0.04749098915606737,5,11,0.0052344741765409705,0.005891347452998161,220.7734097,363413024,2.02693792,130465722.8,287529427.4,488212966.9,0.001
ace21b56f2,True,0,3785.4211168289185,0.7275523927994072,0.19539372298866511,0.07167773768305778,0.14171076510101557,0.06877053873613477,0.4626035285647958,0.5866800264455378,56.085715498775244,35.59156030416489,8.759149566292763,135.39045191276819,3475.913299713284,8.36346822977066,combined,0.0025687466917559505,0.23918956166133282,0.6748946595937013,0.005999545196443796,13,0.004573349855840206,0.040631310231983665,9,5,0.006554635069333017,0.007162078645080327,364.4819283,1003239360,0.2602412841,39362413.69,330391408.8,118052324.3,0.001
acf3e15215,True,0,6045.603999853134,0.8404856254346669,0.21201389703899623,0.07861293691210448,0.16216331580653787,0.09174105231650174,0.45032403636723756,0.5103635144419968,41.030578557401896,24.75881841033697,10.738195426762104,69.30021000560373,2668.9059045165777,-7.895719267427921,combined,0.003635381988156587,0.22370123350061474,0.6876052975654602,0.005625104023516178,10,0.009450265894643962,0.025285241641104222,7,7,0.01249652117677033,0.014313596110790968,363.0894286,141688176,0.04476956313,6698031.221,344239960,88339167.8,0.001
ae4112d561,True,0,5151.048096895218,0.6765613349154591,0.21791379481554032,0.0704361005499959,0.15682990830391647,0.08901213891804219,0.6531297840178012,0.5092517386656255,54.41075935959816,31.319636292755604,3.9063253719359636,176.52648154553026,2823.99959070608,1.7915568500757217,combined,0.0034093745067715646,0.20891483470797537,0.7362901449203492,0.005129863029718399,14,0.007586997183971107,0.02430462133139372,9,5,0.0029423227980732917,0.004970145979896187,188.4924131,267970880,1.03756652,38380405.83,344672107.6,75851978.24,0.001
aeb1229e2a,True,0,7763.862986803055,0.6202676358632744,0.24368628265336156,0.08101145865395665,0.1878592655993998,0.14742628065869212,0.5656931042671203,0.5015685249585659,49.56743014976382,20.143975783139467,3.208491699770093,110.79009693209082,2791.3496498949826,-2.9204483926296234,combined,0.0027827475612983107,0.3055826152861118,0.7288957120850682,0.0028809525363147257,11,0.011467798491474241,0.011905051656067372,9,12,0.023557389366440473,0.009452797235921025,455.2857868,299333632,0.3100516778,22426421.64,544407853.3,113874174.7,0.001
aee1e84729,True,0,5876.007703304291,0.8099882685579359,0.2575175017304719,0.07197938282042741,0.1482553097419441,0.09372631530277431,0.6335691215936095,0.5240596615709364,41.04205064475536,33.608466777950525,14.29678369872272,155.1187051963061,3385.530676227063,2.2892582565546036,combined,0.0025971309684216974,0.3111697415914386,0.7389943949878216,0.005796630331128836,12,0.013865544789936393,0.015788515508174897,11,11,0.004743695850484073,0.004225700836628675,325.5061947,110505760,0.1686381642,16181602,814072267,205254777.7,0.001
aee3fab570,True,0,8815.566221237183,0.6355019577778876,0.20007416104897857,0.08370642707683146,0.17109679169952868,0.12373244878835978,0.6167298771440982,0.5296594947110862,45.970446933060884,25.673504285514355,10.517950309440494,136.44630404468626,2889.7740389220417,7.742528215050697,combined,0.00105,0.2847104614693671,0.5716174729168415,0.0014704051613807678,13,0.011363886650651692,0.03639157902449369,11,4,0.010523064658977092,0.0037553205806761976,120.5782322,237328832,0.2798218128,25530717.62,254711129.1,111611224.2,0.001
aefd6e8f34,True,0,2731.6192944049835,0.6677784660831094,0.20897100318223238,0.07950237633660436,0.12015477465465665,0.12528635724447668,0.6719714642036706,0.6394892878830434,50.486243683844805,38.68832740932703,10.668892409652472,68.44694152195007,2713.1575546227396,11.14196528494358,combined,0.0024937111839652064,0.2985323054529726,0.6269899612292648,0.002225739138573408,12,0.013409127531107514,0.04676533378660679,3,9,0.021407072287052867,0.003477235801517963,130.0466221,84284368,0.134416749,9992670.263,85299914.5,88358582,0.001
aefdaf9634,True,0,7441.986414194107,0.7665079354308546,0.18899891601875424,0.07610004041343926,0.192023098282516,0.06422601444646717,0.3582351290155202,0.6281051204074174,57.39852271974087,31.245282273739576,7.571496130898595,74.9722516387701,2802.3448223248124,4.097751654684544,combined,0.0028841634649783374,0.29181067893281576,0.7188778961077332,0.0038699576593935487,10,0.012617768730036914,0.02126750845462084,9,6,0.01734419653471559,0.014635873414576051,516.2618252,53946268,0.03081794715,4736700.256,516324591.4,50507649.94,0.001
af8249af42,True,0,3252.9985110759735,0.6101125301793218,0.2029118344374001,0.08627862146124243,0.16441765688359739,0.14619991336949173,0.4412260956130922,0.6396308710798622,52.854678090661764,38.85561674833298,16.28765823505819,134.36196533124894,3125.634355470538,-1.1554792672395706,combined,0.0033647310039959847,0.22190719000995157,0.6494824703782797,0.00391910177692771,7,0.013272092869039624,0.04954365573823452,7,4,0.006518902639858425,0.011012224681675432,337.6086873,538485696,0.1926301896,18711430.1,164684482.5,132979753.4,0.001
af98637d84,True,0,4739.033748149872,0.7387760955840349,0.255829466432333,0.08120298050343991,0.10701488992199303,0.08036826592870057,0.3673560156021267,0.5650122725404799,49.794701766222715,34.97877761721611,17.30402876995504,138.66967720724642,2889.2381684854627,0.08666053414344788,combined,0.0037736755435355007,0.2498490038048476,0.6147327871993185,0.004510643783956766,10,0.014084603826049714,0.011596282720565796,11,6,0.01831050193402916,0.002072759749367833,206.6783321,163639952,0.1008816054,13881619,370807559,75907803.94,0.001
afc7ca7fc5,True,0,7606.625763893127,0.7110331321135164,0.23750475171953442,0.08767247141338885,0.1665409564971924,0.09127009357325733,0.5425727118272334,0.5809940132312477,46.06001555919647,36.82559847831726,0.16490071825683117,64.72192096710205,3554.764332715422,2.0476097986102104,combined,0.0022020937461405994,0.2921412642020732,0.6042927073314787,0.00442997972741723,3,0.009635646112728864,0.03560148652642965,9,12,0.008303021544590592,0.009931746287271379,535.0396822,98048464,0.1372098326,8110767.179,518713499,209240270.1,0.001
b03329e4cd,True,0,3943.1843581199646,0.7450014160946011,0.26113620346412064,0.06894132762216032,0.1411646286956966,0.13633424150757495,0.45771238091401756,0.6440584185067564,57.94657599180937,21.871601101011038,13.035893937572837,166.55049088038504,3621.3938537985086,4.296280071139336,combined,0.003980394975375385,0.24853264281526205,0.6664683531969786,0.006441766220331192,8,0.009003827534615993,0.027651526220142844,5,11,0.012250709206797182,0.011475510550662874,770.4952032,301484256,0.3182395823,25547029.11,610715954.3,296838576.8,0.001
b0653511be,True,0,3397.908044576645,0.5522785306908191,0.21913948182016613,0.08339282864704728,0.1582249510101974,0.1920883111190051,0.44477654090151186,0.5321102131623775,57.97690084204078,32.70715229213238,17.79854431003332,48.349161960184574,3298.59482543543,-7.05631010979414,combined,0.0019187543155625463,0.28726462250575424,0.5523984057828785,0.005787863826006651,5,0.0042900893222540615,0.04364658307284117,9,5,0.021467491899617018,0.012857086418196557,666.9473154,44475920,0.1630812909,10678433.36,217531310.3,212289245.9,0.001
b081063bc5,True,0,6253.918057441711,0.5988195724785328,0.2450774607434869,0.07070371200330555,0.13525893166661263,0.09356462042778732,0.42136686616577207,0.621745299687609,57.37380249425769,23.659998700022697,7.806439938023686,60.28110416792333,3863.8551509939134,12.442268744111061,combined,0.0003863417606800794,0.20176152126863597,0.7089576456695795,0.003969552472233772,5,0.005771738334093243,0.027579937651753428,9,8,0.0066414129361510275,0.012103871699422598,341.8765766,1457612160,1.296675044,50933505.63,603692500,245478831.9,0.001
b0893b53ca,True,0,4214.018723249435,0.7716993403621017,0.24105687189847233,0.06140428271144628,0.13945258241146805,0.12501011318527164,0.5449413072317838,0.5190579895395786,54.79917401447892,31.778238881379366,7.616356311365962,226.31596008688211,2586.4506755024195,-4.88405304402113,combined,0.003818684627022594,0.2704510407242924,0.7135223388671875,0.005489911616593599,7,0.012026033531874418,0.0383997492864728,7,5,0.014226669300347567,0.014914898296818135,337.2710484,680528768,0.2558126187,22716533.96,150731292.1,105471349,0.001
b0ba191f39,True,0,4077.1952800750732,0.7607860001735389,0.27186540246009827,0.08393745616078377,0.125705786049366,0.11700678858906031,0.6993171996437013,0.5236386870499701,53.25366348028183,26.503199320286512,17.407119942829013,61.19999294076115,3581.9994816556573,0.34724603593349457,combined,0.0012223782042972743,0.2873600863665342,0.639090806990862,0.006160781993716956,9,0.008448337814770638,0.020559305474162102,5,11,0.018635588776320218,0.0012911012079566716,221.981803,53279892,0.09192788994,7886783.661,657802982.8,347507747,0.001
b0bc78164d,True,0,3127.578829050064,0.7647641031071544,0.2737250725924969,0.07219901000149548,0.15836361423134804,0.10147923319600524,0.36818511919118463,0.591262987209484,42.80003234744072,27.49872775748372,4.699179466813803,44.33356997836381,2568.0271140299737,14.199314333498478,combined,0.0026666558587923645,0.19782174669206143,0.5654864871874452,0.005222118151932955,12,0.0038520849589258432,0.034492858089506626,5,3,0.004571900554001331,0.01401019032485783,154.3830722,91380712,0.02574386031,5882061.893,202108526.8,96550476.68,0.001
b0ffd69af0,True,0,2529.976890563965,0.6933176690712571,0.22295464605093002,0.08788127903826534,0.1530875380150974,0.07550434279255569,0.6192676052451134,0.6371801520697773,41.170488614588976,22.139337547123432,10.059554368257523,59.72131609544158,3437.688729725778,13.466331161558628,combined,0.004656022473890334,0.1821223411243409,0.6311893427744508,0.006436457404494286,10,0.00576473019970581,0.030413308367133143,7,3,0.018194012938998638,0.0061214229427278034,573.1929452,29574146,0.02693197301,3519415.368,494354158.6,81113504.29,0.001
b108c9ab36,True,0,4496.393672704697,0.6039103593677283,0.2719710271060467,0.07428864288143813,0.15397702055051923,0.14974930905736983,0.6053257935214787,0.6368497915100306,51.02194756269455,36.08110534027219,14.578081592917442,52.1896833749488,3484.482851345092,-3.9180634915828705,combined,0.000994079666119069,0.22587862052954732,0.6660155674442649,0.0054000484414398675,3,0.00551201296504587,0.025065235346555713,5,11,0.014266333983279764,0.010921137100085614,413.8449298,70224448,0.240678416,12418087.04,557618052.4,304400952.2,0.001
b11bf8c3cd,True,0,2377.1326677799225,0.753666462469846,0.23495868762955072,0.07100031657144427,0.1364388487301767,0.1398160393815488,0.3889976991806179,0.5850510192103684,58.35735719650984,38.450705874711275,0.005458831787109375,196.37226858269423,3256.1095762066543,-0.01325526088476181,combined,0.00493095260700211,0.26178603286854923,0.7372511811554432,0.006988707584142685,5,0.005676497010514141,0.020055026449263096,5,8,0.017243211874738335,0.01017566105350852,615.6786998,286101152,0.381290248,34994469.25,548386086.2,215359045,0.001
b20e6a3f58,True,0,6426.515080213547,0.610777654312551,0.18860035736113787,0.07319026962853968,0.13065674845129252,0.05570902852341533,0.38345864973962307,0.5594820675905794,56.59305550158024,23.970676101744175,11.568955270573497,102.14967701490968,2930.567746050656,7.976275756955147,combined,0.003429112639185041,0.25057303690351546,0.6375465258955956,0.003805687056481838,10,0.006475329305045307,0.04125279363244772,11,11,0.0223685845034197,0.014139040747657417,676.9388048,142532912,0.1585744019,18034360.5,150606688.8,25982671.69,0.001
b25882af9b,True,0,3621.8014941215515,0.6440085716545582,0.23881563471630218,0.0712119660526514,0.11294944789260626,0.16917191543616356,0.6407873144838958,0.6336462947539985,54.2132300324738,20.11337334290147,7.945203568786383,104.98419796861708,3563.75236203894,-0.5346829295158386,combined,0.0026000863903202116,0.30345706222578883,0.6888468788936735,0.0030007169306278227,12,0.012519902093801646,0.033951626606285576,5,9,0.012255384084768593,0.001056878961622715,249.778518,360150016,0.2070283053,22041987.67,302972227.8,274592576.2,0.001
b27678473e,True,0,3015.022397518158,0.8152551561594009,0.22586967052891851,0.06361638989299535,0.17169869039207697,0.14741045227274302,0.689285270543769,0.6196137927472591,45.08856078609824,29.38499454408884,15.068793877959251,160.23842967674136,2658.767660148442,12.553315125405788,combined,0.001766477117408067,0.2698750109504908,0.6181628946214914,0.007031081397086382,7,0.009689299676567316,0.022929248884320262,5,7,0.019240775789134204,0.0050291804559528825,181.1391352,299360352,0.9980931359,47305136.95,381849467.9,164425742.8,0.001
b277159f50,True,0,4272.542125225067,0.8104043817147613,0.2608966347947717,0.0668877081759274,0.184271043445915,0.1716836095787585,0.524814785271883,0.5009910889435559,42.484198305755854,20.83768218755722,3.4753588400781155,111.98697538115084,3772.043615579605,-6.742022581398487,combined,0.0037246746490709483,0.2549759298376739,0.6187425438314677,0.006917178621888161,7,0.003493070259690285,0.030088941231369973,7,8,0.013192391491495073,0.007910964850336311,926.6619508,840630144,1.178522065,101018279.1,932370158.7,554952687.6,0.001
b278e50487,True,0,4726.78028178215,0.8475458505563438,0.26640970885753634,0.07354691890999675,0.13447250835597516,0.15313970744609834,0.5878500171937048,0.5758899734355509,42.523267306387424,31.99313346296549,8.743694158270955,109.17390783224255,2600.289661437273,13.573625288903713,combined,0.0018499869549646972,0.29491593294776974,0.596004118025303,0.006623901435732842,10,0.009110313277691602,0.014041743017733099,7,6,0.009597036502324045,0.01274873741902411,215.0578509,41802852,0.1087534531,10567483.57,358660350.5,178965825.8,0.001
b2b360556a,True,0,4533.761803388596,0.6109049745835364,0.23215876549482348,0.0811576375644654,0.12289312612265349,0.16492525408975783,0.6691682373639196,0.5704612372908742,57.25185601040721,36.740923412144184,13.706485401839018,82.48858399968594,3810.259513091296,-1.3344723731279373,combined,0.0011142453443259,0.20852462525479495,0.6873441020026803,0.0055751837350428105,5,0.005683307788800449,0.04097580913454294,7,10,0.02447125308122486,0.005557160768657922,528.661265,192317552,1.337527497,43775899.93,295229808.8,382169196.3,0.001
b358477a68,True,0,4326.911475419998,0.8444191444665193,0.19224746974185108,0.07404991873539984,0.18266381407156587,0.1892375587951392,0.4721432941034436,0.6397391163744033,52.077288553118706,28.708651941269636,7.783118633553386,160.7846756335348,3810.8379119075835,-7.772909477353096,combined,0.0047913502289913595,0.2356381916347891,0.5604227701202036,0.007674233102053404,5,0.004417776481714099,0.01683481514453888,9,9,0.011430197649635375,0.0048913451004773375,956.4014351,210615936,0.3287540336,30491007.25,1473501584,568679603.2,0.001
b3c17053d3,True,0,3670.3865296840668,0.7476959417574107,0.19692684954032302,0.06937053174711763,0.12214432219043375,0.15113387317396704,0.6327914246357977,0.6317112364340574,59.51472908258438,24.26274323835969,4.834977228194475,76.41327740903944,3437.132980208844,-5.897705517709255,combined,0.0038957221377640965,0.18937760055996478,0.7324761835858226,0.001357846052199602,4,0.013053845360409468,0.03134059548377991,7,4,0.01022522174101323,0.013672827757894992,594.7133918,43865316,0.635576311,8454691.108,379554986.7,260450584.6,0.001
b3cd0bb5d3,True,0,4336.8326761722565,0.5866068140603602,0.20653635367751122,0.07642017600126565,0.11306398632004858,0.10245353332720698,0.4961098627652972,0.529800504585728,48.65984281525016,26.792312636971474,16.140973303467035,63.76994083169848,2571.1339600384235,-4.739324286580086,combined,0.003863206009846181,0.19115400238893926,0.5550350831821561,0.0029236058622598648,8,0.008560362327843905,0.039804667197167874,9,9,0.018223732592537997,0.010200077565386892,280.7301695,34511992,0.02474454854,2450362.657,82771636.74,44704002,0.001
b3d9e75bfe,True,0,5946.459127664566,0.8265455766580998,0.24099788416177037,0.08692599688656627,0.16202652342617513,0.08365778559818865,0.4297193626873195,0.5387310955207795,55.44575713574886,38.83136434480548,7.0725466478616,217.38240312132984,3663.665290456265,6.5375035256147385,combined,0.0012006298441439866,0.3290183670911938,0.7347349934279919,0.0029856240667402744,13,0.010726752935908735,0.04251739270985127,7,4,0.009356779553927481,0.01136579774878919,431.6859982,236296112,1.930437399,50726192.96,473320154.7,251634028.4,0.001
b446eae802,True,0,12663.739557743073,0.8134142845869063,0.2751178316958249,0.07182426768355071,0.12517614793032408,0.14312806040979925,0.41938936887308953,0.6014659432228655,54.53757068142295,35.731216948479414,11.166311424225569,170.91738221421838,3784.9536323919892,8.348666973412037,combined,0.0004792926274240017,0.29231235952116547,0.6699906930327415,0.003418786734342575,8,0.01409979100478813,0.04338797237724066,9,9,0.010145579487085343,0.013392502231523395,577.0406798,245414112,1.664082829,62795038.69,342544074.7,497775615.3,0.001
b4676f10f9,True,0,7776.233916282654,0.8400892835110425,0.24819594595581296,0.061931371344253416,0.16627415660768746,0.11084960289299489,0.4130647820886224,0.5344311013817787,54.91911603137851,26.306805200874805,5.8265127539634705,182.65391966328025,2618.6645883135498,-3.88376534730196,combined,0.0022669672622345387,0.2224580021202564,0.7441383073106408,0.0076882036894559865,5,0.008002915794029833,0.01763596195727587,11,7,0.019269707235507666,0.011787680057808756,425.7873082,252227376,0.2527732461,24937810.9,419616496.9,129770922.1,0.001
b4af645951,True,0,1838.784137248993,0.762454248405993,0.20720000287517906,0.07530197010375558,0.15313394460827112,0.1639755676966161,0.5651888383552431,0.5662290470208973,53.129743617028,23.519917391240597,5.1661789789795876,60.09273582044989,3862.0611582882702,3.5311007127165794,combined,0.004014165512751788,0.2450704802852124,0.7141688676550985,0.0015193585135042666,5,0.012910360886715351,0.017304866798222067,5,3,0.0056913385810330504,0.0010832427758723498,468.8713973,363132768,0.34378554,22451943.53,1142893768,453765740.4,0.001
b63f6e9cd8,True,0,5591.5583918094635,0.7463048928417265,0.22241139506921173,0.08932301768101751,0.1844697047956288,0.12678298978134991,0.5008432587143034,0.5326025408692658,49.76237133145332,35.1201762445271,5.128988340497017,89.03759201057255,2609.543588478118,3.0360945239663124,combined,0.0015717167739756404,0.2925425408780575,0.7397956795990467,0.001837974139302969,4,0.011056697698775679,0.026154363267123698,11,9,0.005387517116963864,0.0022737755682319402,87.70998202,80242896,0.09623647793,9076730.666,331510128.1,135119480,0.001
b64604236b,True,0,5543.786764621735,0.8184160173870623,0.2719025450944901,0.06404074572958052,0.1734262252226472,0.16905191061086955,0.45302407965064045,0.5438186573330313,56.36622907593846,24.137531835585833,17.953160466626287,57.41880962997675,3161.768811289221,13.294440276920795,combined,0.0037622275345027445,0.31412486217916014,0.6118764981627465,0.0032167246036231517,5,0.013875989098101853,0.015982676781713962,9,10,0.01070274975989014,0.004864180942997336,439.4634841,183483504,0.08314916529,8785146.502,782081520.4,332616753.5,0.001
b67d0272cb,True,0,6172.243909835815,0.6084000112488867,0.25355073885992174,0.07804874961264431,0.13245814964175226,0.14192210780456666,0.5363692701328545,0.5839415322523565,47.47945969924331,25.01185530796647,12.314863482490182,89.98916512262076,3499.45124424994,-2.341089904308319,combined,0.004427013141475618,0.1915724237449467,0.6890608854591846,0.00750679220110178,8,0.010497216587886214,0.029066013805568218,11,11,0.021316529288887977,0.0025386457983404397,533.4591347,406520448,0.1068512787,18674097,410100271.5,193718759,0.001
b6ac012885,True,0,8857.338710308075,0.6633021727204323,0.2744466835819185,0.07013834690675139,0.14738307436928155,0.1659808102063835,0.5940090324264019,0.6192842150572687,49.068366680294275,35.381220392882824,0.5411677546799183,94.23342480603606,2699.536556843668,3.2465128377079964,combined,0.0017525678785517813,0.1992070157174021,0.7154702188447117,0.006825719793885947,13,0.013254379552323371,0.012375185564160347,11,8,0.018338304374366995,0.0028440917208790778,172.0069685,123604904,0.1241001467,12319941.98,386820175.7,135758164.8,0.001
b6d846737c,True,0,2891.742490053177,0.8138297020457685,0.21150593833997847,0.0846767755318433,0.19420894831418992,0.13357681259512905,0.37510443897917867,0.5652300760149955,42.76083895936608,22.431977782398462,7.829787561669946,139.0727948360145,3194.9770427308977,0.34235019981861115,combined,0.0027411025697365405,0.2486769693624228,0.7487882006913423,0.005789058240503073,4,0.012765323753468692,0.04034536156803369,5,12,0.003170037769712508,0.005066735228523612,289.0177166,1248707840,0.498088166,40200434.19,427900253.4,256138071.6,0.001
b6e8aa5f33,True,0,4615.672034740448,0.6620537491515279,0.2792032298818231,0.0743938563298434,0.11688829250633717,0.09299805504269898,0.4141849017702043,0.608221064414829,45.01931216567755,24.21002646908164,4.491999104619026,36.181692878715694,2660.683013033122,11.412838131189346,combined,0.004841039751470089,0.23035097373649477,0.6793028928339482,0.004321527247875929,4,0.004860608682967723,0.020574782453477384,11,12,0.021846750982105735,0.010990448769181965,474.9362308,246623552,0.03225028753,5467536.803,220542214.1,67245519.55,0.001
b714e27611,True,0,7768.493768692017,0.7610735991969705,0.21502144385129213,0.07128800148144364,0.16529783364385367,0.1547965543344617,0.38034544815309346,0.5219427209813148,45.709646586328745,37.21732493489981,11.084949899464846,153.0190101424232,3912.048652302474,4.232256501913071,combined,0.004078033792413772,0.3037448708154261,0.6291877374053002,0.002227622056007385,5,0.00757881707092747,0.010381969958543777,7,8,0.01843420933187008,0.005211433080956339,819.4793288,4296771072,0.8946523032,88439623.28,1562481530,451179487.8,0.001
b73ffcf89c,True,0,6683.676278591156,0.731882204581052,0.23884711416438223,0.06049520267173648,0.10661688977852464,0.1498673011083156,0.4008147047832608,0.5417864806950092,58.24386864900589,39.39965942874551,4.570244891569018,113.12388195004314,3141.4560372941196,4.661797858774662,combined,0.004487270283512771,0.21521341457031667,0.6335604149848223,0.005985143296420575,13,0.007736511196475476,0.044908898770809176,9,8,0.015880692017264664,0.014277267180383205,718.986253,127810848,0.07334217746,11349310.67,128304180.9,171554107.9,0.001
b7930672cc,True,0,2776.1895916461945,0.6565229587256909,0.215182592459023,0.07230258487164974,0.13076778519898655,0.12306146710179748,0.6954018600750714,0.6179848513100297,46.48924604058266,38.69873998686671,8.662346128374338,236.6899432009086,2532.4384192936122,5.152998059988022,combined,0.003984526332002134,0.2217671288922429,0.6779244063422084,0.005832057289779187,4,0.010547365116421133,0.03177974812686443,7,5,0.006200953316874802,0.014500431187450886,213.5653038,1451630464,2.22252798,44453850.49,147558175.4,66385074.63,0.001
b7d408ce12,True,0,2422.700720310211,0.6954778732731939,0.18653160214424133,0.08216478413902223,0.15711349956691267,0.06299424851313234,0.5627194767352193,0.5116720562335104,55.97450828179717,35.823680106550455,12.985932296141982,166.44365290831774,3788.9389898627996,-6.6346502006053925,combined,0.003957700072880835,0.3341278260946273,0.6505963793024421,0.0022694201596081256,8,0.006968537829816341,0.03186304539442063,7,4,0.007758010615594685,0.0031918711885809896,443.8596297,558290816,0.9622403379,65783454.87,662927912.5,125408920.1,0.001
b88994d556,True,0,3820.5910127162933,0.7043398628011346,0.217387811858207,0.08571758941747248,0.17724188007414343,0.1916438643354923,0.5752962748054414,0.5981089851353317,53.39459674432874,24.489012397825718,0.6738343890756369,143.0215973975137,2523.5768002457917,7.820888482034206,combined,0.004162502437271178,0.21175836003385484,0.6183402894064784,0.004337314703315496,13,0.013374798130709678,0.03780323401093483,9,4,0.0044034801516681914,0.005622368408367037,201.5361512,294791200,0.1118685945,16259642.73,179911584,107571338.5,0.001
b8cd00c245,True,0,10384.566757917404,0.805578925088048,0.2256948339007795,0.08369314005598426,0.1614982862956822,0.13093654955737294,0.403123761434108,0.5211918668821454,58.58591439202428,22.611138001084328,11.347625602036715,84.50352401845157,3809.3288661912084,9.128126323223114,combined,0.0027036402051337062,0.3277257492858916,0.730263763666153,0.0025422116458415985,8,0.002922936080954969,0.025770518854260446,7,10,0.003553994028829038,0.007270912233740091,464.4572508,1556276992,0.7064571536,92538260.58,935394658.9,448647195.7,0.001
b99f59b86e,True,0,3747.943127155304,0.7510061645880342,0.21847258808091283,0.0835636924020946,0.12362373061478138,0.11181346937082709,0.5946077825967222,0.5686068390030414,42.56276724860072,36.98054265230894,5.753681559115648,68.28733076900244,3133.490215986967,-0.29762107133865356,combined,0.001776974850334227,0.3185861625708639,0.7181727347895503,0.007192607705295086,8,0.007054809012450277,0.021118897236883642,7,9,0.008214423263445497,0.007203610269352793,237.4987868,86663456,0.03408555783,2988016.619,419978850.7,174830539.1,0.001
b9aac96d04,True,0,3237.5874478816986,0.6377234043553471,0.1841736589744687,0.08680890477262437,0.18732456285506488,0.07172731794416905,0.5717953885905445,0.6157868223730475,56.17359856143594,37.41714568808675,17.462896026670933,35.8111512651667,2825.4199642688036,12.68884328007698,combined,0.004395716816745699,0.2903774734213948,0.5543703058734537,0.003061461555212736,10,0.006497146715875715,0.013259857334196568,9,5,0.012399664552882314,0.00784024503454566,336.5865244,87834512,0.0291840614,4171670.996,567091694.9,42862709.62,0.001
b9cff7f712,True,0,7638.330431222916,0.7833391699939967,0.25882859185338025,0.06296825819648802,0.19443832663819194,0.11169356065802277,0.44968495969660577,0.5124552584718913,49.92436086758971,31.653000134974718,2.641217418015003,179.09560164716095,3272.0047240145504,-6.148757621645927,combined,0.0019423993103206158,0.28287466502748426,0.6703466171398759,0.003863200759142637,4,0.007685794249176979,0.036039494946599006,5,6,0.0026989287864416837,0.013574838159605859,270.3301427,586526656,0.9495604089,55254309.18,520085657,267156084,0.001
b9d5173c5b,True,0,4411.951248884201,0.6198605662211776,0.21609803142026068,0.06725259790197015,0.1837421739473939,0.12888949154876173,0.6924924592953174,0.5244663457851857,55.7569938339293,28.556010965257883,16.29629417695105,197.1123346555978,2834.9534375593066,-5.295030295848846,combined,0.0019468897387385367,0.3096479501668363,0.6848669119179249,0.001435842490941286,6,0.0057498391368426376,0.024568274058401583,5,12,0.010186273442581295,0.01044057973474264,227.0477227,1066951168,1.84377732,77683120.18,388311393.1,122914529.2,0.001
ba64857730,True,0,2934.3294389247894,0.5518800787627698,0.24067232433706523,0.06857750432565808,0.16387402042746546,0.1733999059535563,0.39658656665124,0.5173627297859639,46.70799138024449,36.16862580180168,3.8868873864412308,148.51206316333264,3254.9488125368953,-4.916426502168179,combined,0.0027718693476170304,0.32852171822451054,0.6088266883045436,0.007500614584237337,11,0.012968640795908868,0.030993104837834837,7,5,0.011726317830383777,0.014063640665262937,495.9011983,346702592,0.1683646423,17226933.07,372490939.2,144373146.4,0.001
ba7b6b5564,True,0,3297.8640735149384,0.7585373844951391,0.26237321125343444,0.08657759265974163,0.11572639700025321,0.07496024244464934,0.5668813955038785,0.6308597647119314,43.34344260394573,35.41621968150139,10.853296257555485,107.69280683342367,3704.96945688501,-4.78456711769104,combined,0.004975800416339189,0.2823969866428524,0.6345545331016184,0.00780724205672741,12,0.006881381229031831,0.0499507723748684,5,12,0.01531527833174914,0.005054679855704307,668.7632323,35512572,0.06689092056,7109153.678,194951452.5,146117096.8,0.001
baccda58ed,True,0,4040.8138296604156,0.6640151276253164,0.21239633655175566,0.08636269982904196,0.17815446117892864,0.17517958390526478,0.5508366060908884,0.5058141772635281,58.54041209444404,21.453925594687462,17.307443456724286,161.56451520416886,3342.96278283,4.132050111889839,combined,0.003864877839386463,0.3198839868884533,0.690750670991838,0.0024383035123348236,9,0.013607386602088808,0.013852874487638474,7,10,0.022346160580404104,0.008519439250230788,722.3833646,974256128,0.8763964861,58053505.33,864408969.1,231547140,0.001
bb5d34dc1e,True,0,2292.3219883441925,0.7791047205217183,0.2601000341773033,0.08215269561856985,0.11460683895274998,0.09499469324946405,0.6044926241971552,0.5977583569940179,59.178041126579046,32.02605156227946,10.18328126706183,141.71284593176097,2786.835392937064,7.60801125317812,combined,0.0046259336655028165,0.20230668134056032,0.7467314697802067,0.0030299990154802796,6,0.013000604161061345,0.029054182060062883,3,9,0.016582260848954318,0.0017256221417337656,193.2875475,249636144,0.1482394566,17502062.91,210567106.3,104473656,0.001
bbc72d9d63,True,0,7036.973614692688,0.6662041759118438,0.183029465675354,0.0755653640627861,0.18904652819037437,0.10630853949114681,0.48883520462550223,0.6173478564247489,56.66492085903883,20.955329965800047,3.932845814153552,59.58567707799375,3089.781735558063,-2.219271034002304,combined,0.0018790104321204126,0.3232239516172558,0.5980616200715304,0.007143748612701893,13,0.014828673781827091,0.04931902721524239,11,10,0.010910304454155266,0.005548627698794007,312.1146449,119805880,0.07366317223,7230810.124,214213387,94089012.14,0.001
bc3e93016a,True,0,9346.496881723404,0.6059608355164529,0.26587555233389143,0.06136172792874276,0.1310819565318525,0.12028487534262242,0.49675286272540686,0.5317553556524217,42.255945298820734,39.93658533319831,6.2335213758051395,170.96938844118267,3362.4519580043852,-3.4633099511265755,combined,0.00115902395863086,0.31542256490327414,0.5846444316208363,0.004762911040335894,12,0.006901375575922429,0.029030598849058155,11,9,0.01992416335456073,0.011430070005357264,649.7630441,481271808,0.6533110595,50379183.05,358337478.5,189135334.6,0.001
bc4f629bf7,True,0,5787.491104125977,0.6176027958281338,0.21970607593655586,0.06227600522339344,0.17497213892638686,0.18030162369832398,0.562768646935001,0.6305264918599278,45.84925206378102,39.68083221465349,9.707032408565283,189.61177293397486,2946.2046627886593,1.7146885842084885,combined,0.003037850752659142,0.34511641845107077,0.6895099917426706,0.0030822905644774436,4,0.011063096263445914,0.04516093444079161,7,11,0.012601858765818178,0.013459902388975022,438.0729883,240692320,0.8951629853,33858644.49,183969913.3,162073651.2,0.001
bc6110e00b,True,0,7662.044720888138,0.694526607170701,0.19135630896314978,0.06814523801207542,0.19165195599198342,0.15700996853411198,0.6479599051643162,0.5801356043666601,46.60685125738382,27.71656196564436,17.42332095466554,138.35268422495574,2728.308946825564,12.622303530573845,combined,0.0035766292952932417,0.33274896637536583,0.6055071078240872,0.004379948100447654,11,0.001888162235263735,0.04767788607627153,11,8,0.014175796468742192,0.008219730522483586,367.9476372,1053906688,0.856433958,103218014.9,165800936.1,121798011.6,0.001
bc7b1f16a8,True,0,5771.03348326683,0.7968532473780214,0.27270724197849633,0.0779721617884934,0.18493075296282768,0.1298566306009889,0.6912901109084486,0.6176503614056855,43.99258682504296,36.397093776613474,7.5517952889204025,47.052202854305506,3273.6735357902944,10.902207985520363,combined,0.003297089283913374,0.241390808718279,0.6477239964529872,0.001557007923722267,13,0.007868628828786313,0.03340516272932291,7,6,0.020414635754190384,0.006205444639548659,525.332993,588767104,0.1433090926,17777607.78,546429536.6,270455039.6,0.001
bd07a3faed,True,0,7199.427582025528,0.8429747489280999,0.27853006303310396,0.06322797769680619,0.17899314891546966,0.1608023347798735,0.5978044495917856,0.5851926728151738,55.64758785068989,38.92722299322486,7.8777956161648035,167.77274826634675,3716.837517917156,11.510772354900837,combined,0.0011387662462890148,0.34356023111380635,0.7394166933372617,0.004410255452990532,11,0.007504330789670348,0.0234388117864728,7,4,0.008100832858122884,0.004366799797862768,315.3811523,3297239552,2.413929579,159445089.7,1094957447,628191895.5,0.001
bd436c7ae1,True,0,2530.4106419086456,0.6533752394840121,0.24879711076617242,0.07036159914918244,0.19817926371470096,0.1490387082099915,0.5687597599811851,0.593153212685138,41.50681274011731,36.791057251393795,11.228459866717458,78.17977675795555,3037.124423775822,-2.132361516356468,combined,0.0042319687298499045,0.2105516078043729,0.7457313323393464,0.005694948370754719,5,0.003329117957968265,0.02301124755293131,5,8,0.011324643136002123,0.011981554811820387,480.0234623,27163676,0.08675060402,6254547.385,560122803.3,162425733.8,0.001
bdec0f2cc2,True,0,8423.540804386139,0.7379662073217332,0.2103152403794229,0.07712914799340069,0.12899325406178833,0.13325614626519383,0.5125936684664338,0.5230110513977706,51.63678731769323,33.30518215894699,4.826001785695553,145.9252949412912,3695.3985025174916,-1.652490921318531,combined,0.0014112996916286647,0.34084941208362574,0.5956255117431284,0.003827937623113394,4,0.005967050239909441,0.016365101002156733,11,10,0.006569784039631486,0.014784512393176553,559.8963412,625001088,1.621174004,56417153.86,828263549.2,355167229.1,0.001
be2922c92a,True,0,2043.7027764320374,0.6433274291455746,0.2476935696974397,0.08893627513200045,0.1728349093347788,0.059832537081092596,0.5036984857637434,0.605731604527682,57.203707452863455,20.335670802742243,13.257214721292257,237.1664418457076,2742.724196985364,6.995555132627487,combined,0.0044299221211113035,0.3201192517392337,0.5528555389493705,0.005291985653340817,10,0.012200140010565519,0.044386429786682134,5,8,0.013670462260954083,0.004358140684664249,240.4970866,461239392,0.3023892488,36752358.64,163677428.8,38500502.2,0.001
be3de81414,True,0,5819.392628192902,0.6853491035290062,0.24567286103963853,0.07573386213742196,0.12663765279576183,0.06485270895063877,0.47623432767577467,0.640576000791043,59.57146318629384,26.387169901281595,8.922242710366845,133.12937129009515,3051.9814756698906,-1.2735079526901245,combined,0.0032223008524626495,0.2127858605235815,0.7156223693862558,0.003399186310917139,13,0.01352351469732821,0.018295206986367704,9,10,0.014466865736059844,0.014061324764043093,555.5265518,163909840,0.0507194269,11551000.6,414102464,52373227.18,0.001
bea20743d4,True,0,5205.793442487717,0.8128726135939359,0.2671632063761354,0.08863338030874729,0.16674884036183357,0.08010360384359956,0.4921959176659584,0.5227841993793845,55.85773043334484,20.846257749944925,15.601554248481989,145.485747307539,3958.659688010812,-0.7778704389929771,combined,0.00039679926261305807,0.34766595751047136,0.6678217943757773,0.0033071251191198825,11,0.007382954184897244,0.04511602990329266,5,6,0.014427917437627912,0.01006745696440339,475.7782663,393161792,12.225372,175212714.8,547396167.3,386399340.9,0.001
bef18136f8,True,0,3551.2400295734406,0.5741048855707049,0.18035710781812667,0.07846264913678169,0.10833842614665629,0.09897260270081462,0.4273367684800178,0.5504804980009794,47.62410035356879,33.52984186261892,6.537586497142911,135.97153959423304,2794.696485158056,14.957020498812199,combined,0.004823239158745855,0.18851005850359798,0.6474969318136573,0.0034740626364946365,5,0.005117906296625733,0.0322055483981967,11,11,0.011984735631383955,0.010652163974940777,365.6938611,6.124219597e+10,0.9720492157,466168406.5,136086017.4,47389007.76,0.001
bf80186a0c,True,0,5869.036685228348,0.5556009550578893,0.24843901276588443,0.07864582694135606,0.16976987812668087,0.07509653610177339,0.35175371789373455,0.5665310521610081,46.121520325541496,38.81515897810459,1.5428337659686804,46.75033117365092,2551.8411225639284,5.386120982468128,combined,0.0014648268770426512,0.3354791866894811,0.6646003343164921,0.00718344252333045,5,0.006370338248088955,0.020106822550296784,9,9,0.014110788366757334,0.0017395658176392317,80.29816484,20347950,0.05002136143,5289736.923,274088168,48677457.35,0.001
bfb8b551a2,True,0,2381.7240583896637,0.6589885028079152,0.22808443505316972,0.06010678399354219,0.18623798936605454,0.11660719448700549,0.6618640274275094,0.6275826406199485,54.612365029752254,30.36122214049101,8.394206833094358,79.99061335902661,3784.4970407895744,9.466612830758095,combined,0.0035578714010305705,0.24749787125736472,0.6337186124175788,0.007933840994536876,5,0.0054082815949805085,0.04073985017836094,7,5,0.00718125747423619,0.0026185269709676504,525.8115652,112115600,0.1143868226,7941101.139,557227947.7,237014279.5,0.001
c050217fba,True,0,2421.455169916153,0.5550597288645804,0.23140244057402015,0.061836771480739114,0.1343987863510847,0.129259295668453,0.47514671008102594,0.6466363672632724,44.89893576130271,24.01261579245329,6.107715396210551,78.98312182631344,2754.2721894569695,2.278419829905033,combined,0.0012538190077990294,0.3071653934381902,0.6733685526996851,0.007291510890424252,14,0.013165863486472517,0.028398295082151893,5,6,0.009745665379799902,0.005091974575072527,98.95766548,75140184,0.04149942331,10655028.23,194464089.7,73138224.34,0.001
c073ada4c8,True,0,3208.5268733501434,0.6308007637038827,0.20404186250641942,0.0892244572006166,0.13213788764551282,0.13885083124041558,0.39326410079374907,0.5657277386635542,41.27534832805395,26.274086106568575,9.892124662175775,48.00444854516536,2852.544610388577,4.042796276509762,combined,0.00042278823470696806,0.3316720493789762,0.5985152004286647,0.006663525984436274,9,0.00695155563717708,0.031355919875204565,7,5,0.007593658550642431,0.00560897840000689,87.06260932,179280704,0.1825156134,10913589.13,209303388.1,127178162.3,0.001
c0bd109c5e,True,0,9186.26577448845,0.6656105991452933,0.21575281351804734,0.08203537652269005,0.1391113859601319,0.0972777937538922,0.39691964695230125,0.5195249107200652,59.984005726873875,34.22513322904706,0.8520235419273376,109.78440648782998,3636.0915447585285,13.165161959826946,combined,0.00040526776192709803,0.2489146831817925,0.5642488295212389,0.003122911553829908,4,0.0037214693049900235,0.039562271758914,11,8,0.013538057037629187,0.012257787756621837,600.2033768,1001524032,4.037580818,95576597.91,355404303.6,235887505.1,0.001
c0c39b64ca,True,0,3382.7555677890778,0.7949497632682323,0.23346678737550974,0.07676206955686211,0.12156571699306369,0.18139063199050726,0.6553897144738584,0.6258959126658737,52.10470611229539,39.81476999819279,4.3145841881632805,70.30391585733742,2993.779812939465,2.3770712539553642,combined,0.0014032605884596705,0.323109283586964,0.6098525362089277,0.007502274636924267,7,0.005503297361545265,0.02740637097507715,5,4,0.002239783171564341,0.008802980856969952,157.4704337,1.102261555e+10,0.4888935011,110132160.2,301425142.7,292573039.8,0.001
c1373ffcef,True,0,8647.835438966751,0.7045386499725282,0.24282689841464164,0.07006135859526694,0.19500586232170464,0.17266306206583978,0.6173299207352101,0.5820969709660858,41.9303516112268,26.65223252028227,13.776966227218509,56.382290905341506,2573.7230544909835,4.207006029784679,combined,0.0005371576208621264,0.2344215382449329,0.5743286419659853,0.0017742341376841067,8,0.0021716146054677667,0.04515458106994629,7,4,0.017648564155213535,0.006398150946944951,116.7802684,560679616,0.9553764957,84082666.85,160077223.6,167560504.6,0.001
c1b1adf8e7,True,0,4022.257742166519,0.8148168929852545,0.18660136863589286,0.061000489331781864,0.1350907155312598,0.1708766746800393,0.6546598512679338,0.6231633997987956,58.186161275953054,26.591862346976995,9.031887643039227,177.56151566561311,3691.45400961861,3.632214292883873,combined,0.004133166102971882,0.18839583204127847,0.6302424229681493,0.0019578849755227568,13,0.010380321778357028,0.03626149632036686,7,4,0.012216935053467751,0.00932202912122011,734.9286683,1197926016,0.2834429947,28549634.48,474322011,388279430.1,0.001
c1f881f3c5,True,0,1860.7934243679047,0.6694672611542046,0.2572195097990334,0.07507975216023624,0.14075452061370017,0.08617749088443816,0.5484285968821495,0.5982868118211627,48.71749058365822,39.59044445306063,2.6028371024876833,209.524415881373,3496.3952470570803,12.424048341810703,combined,0.0048312642635777595,0.20750071541406212,0.5579624248668552,0.006958334846049547,7,0.006339258767198772,0.04152809131890536,5,5,0.010564741897396743,0.011656948881223796,624.4163062,190853680,0.59485444,39068033.32,296685546.2,128674654.1,0.001
c273521209,True,0,5805.537758350372,0.6878613149747252,0.22157816292718052,0.07526279088109732,0.18107934650033713,0.09042628291063012,0.5810252664145081,0.5750427882187068,45.027199666947126,33.06484371423721,7.597952535375953,189.82593269832432,3347.381481900811,7.356580980122089,combined,0.0014728704449720681,0.3178635879606008,0.7283533945679664,0.0036989499434828756,8,0.0050340928430669014,0.011165183410048485,7,6,0.018416935798712078,0.007953771289438008,397.3268476,799989312,0.6585363607,70074614.9,992915503.1,158520927.4,0.001
c29bfae419,True,0,3214.9517724514008,0.6263053204864264,0.25140455190092326,0.07452824218198657,0.1863983620889485,0.05930317644961179,0.5567288379650562,0.5808857679367065,49.0275907330215,25.741129498928785,9.794473579153419,199.32699662912637,2508.4767919033766,-4.975582130253315,combined,0.0012884617667645215,0.31018919866532085,0.5933581981807947,0.0015766150124371051,8,0.007520181123632938,0.028351449109613895,5,5,0.004570916157215834,0.005559905376285314,62.05255373,1205589376,0.5186272951,44165589.43,246294991.2,46680418.66,0.001
c481af4580,True,0,4956.266167879105,0.708262487873435,0.2585029015503824,0.0819346128590405,0.13983546569943428,0.0650163886602968,0.578400081815198,0.505351412249729,43.25902450829744,36.34043492376804,15.37853086553514,200.94233853835613,2698.271850589663,14.541844606399536,combined,0.004531921695917845,0.3208555165398866,0.7323293736204505,0.005228351558744908,4,0.006535643803887069,0.025097510404884817,9,11,0.017083251252770423,0.0027031810618937013,225.7270546,1050551168,0.4678614556,54141430.51,262813321.3,53572954.08,0.001
c49a57c7c2,True,0,10382.36596775055,0.5858504313975573,0.23475444737821818,0.0732135257218033,0.18213513605296613,0.14649408115074042,0.6508326937910169,0.6160441145300866,46.00903399288654,20.64582619816065,12.944334737956524,41.86600139550865,2872.1926282159984,-6.137690268456936,combined,0.0007332002084702253,0.3288005521707237,0.7422238742932677,0.002475052471458912,5,0.004982515686191619,0.04844923239201308,11,11,0.00913984590768814,0.009194677149876953,199.4803437,49056220,0.2198539458,8246757.735,146645648.6,146410805,0.001
c4a6e91792,True,0,3380.610477209091,0.6801228189840913,0.24041895225644114,0.07359225609339773,0.14504640819504858,0.09215524280443788,0.4487543020397424,0.5885873353574425,50.137206204235554,38.78471910953522,5.110582552850246,59.350365437567234,3325.753387529403,15.182179249823093,combined,0.003916878925915808,0.33860618614591653,0.7062192045152187,0.0072465180546045305,4,0.004118521227501333,0.04341087430715561,5,10,0.004434393608011305,0.009209214117377997,388.2735677,1201819648,0.09502181507,18250091.16,249208995,136784445.9,0.001
c4e37d45d9,True,0,6264.966089248657,0.7098982844501733,0.2689937032945454,0.06800237003713847,0.17778051076456905,0.17848846688866615,0.5493044953793287,0.6364684421569109,41.87357431277633,33.66991065442562,8.614855103194714,92.87646108027548,2798.773579765111,-0.10836851596832275,combined,0.0013396782241761685,0.23173609076999127,0.6293889567255975,0.0023242242075502875,5,0.012351285350974649,0.04255806311964989,5,7,0.012566919598728419,0.007723207963630557,173.2056549,63619896,0.1932064007,8555745.15,204874567.9,219448884.1,0.001
c552251484,True,0,12073.50565123558,0.8244956347160042,0.24738713830709458,0.07777772055007517,0.13572700303047897,0.18403208525851372,0.6724501954857259,0.5923707882873714,46.582136023789644,35.30647078529,17.11367011629045,126.14408901054412,3986.378704663366,4.093492217361927,combined,0.0013655651808716356,0.25345994212664663,0.6158760642632842,0.003580851200968027,5,0.00849019395466894,0.041521694734692575,9,6,0.004775755470618606,0.010972164936363694,511.4146869,782725952,1.314870305,50757682.62,494598906.8,805847026.5,0.001
c569839ab6,True,0,1379.6503162384033,0.8263873394578696,0.18611115992069244,0.06395586705766618,0.19146991968154908,0.19351008697412908,0.6279076610226184,0.5561704002786427,56.0163382999599,21.684925239533186,0.20677337050437927,184.27016231883317,2971.6018894687295,3.098257377743721,combined,0.003663806395139545,0.28680331158451733,0.5903995843604207,0.0048114035889506345,7,0.011624244082253425,0.04471079036593437,3,3,0.008584259974770247,0.0026745424568653106,275.0825512,185719936,0.3210512091,25738561.89,278196778.2,274360711.4,0.001
c58528e0f2,True,0,5252.280292034149,0.7452412846498191,0.19111757084727288,0.06964737307280301,0.17088683005422356,0.06768192746676505,0.5076124901883303,0.5500826319679618,43.01741501316428,34.38911924138665,3.3881275858730078,61.67690709698945,3368.945507798344,-0.9957993179559708,combined,0.0007865218223072588,0.2306717607565224,0.7141134450212121,0.004956229659169913,6,0.01345634428365156,0.013264827132225036,7,5,0.003981765134260058,0.012315227648243308,186.1527598,180007088,0.2303718094,12905837.71,950585460.1,132514900.9,0.001
c5c98f3c50,True,0,6951.151021242142,0.7971714775077998,0.23066878767684101,0.0848393964394927,0.16055608754977585,0.1092924263328314,0.503010881692171,0.6490526039618999,50.65738268196583,26.965897399932146,14.019806692376733,223.92156233917922,2655.194964725524,-6.67732660472393,combined,0.004917415514681488,0.2456602129153907,0.7332286221906543,0.004585674101859331,12,0.008480240893084556,0.0417167828604579,9,5,0.010687250480055808,0.012049037868157027,383.2898405,61743456,0.06043741665,11205691.59,179164661.3,89427623.79,0.001
c66129ec1e,True,0,5198.770332574844,0.6395533196628094,0.20172936042770745,0.07290090668946504,0.13853507451713087,0.10175957502797248,0.418130838824436,0.5756062542553991,55.47646792605519,25.339520424604416,2.307922001928091,105.96387711446732,3916.1403691396117,-6.297487787902355,combined,0.0032618358814157544,0.20578411129303276,0.6456551456823946,0.0022754844799637796,10,0.002572096754796803,0.028702818006277088,11,10,0.02458047978300601,0.012967627113685012,1602.528814,309385376,0.2915110835,33600174.16,654756594.5,190710710.1,0.001
c68320a2da,True,0,4345.044418096542,0.734591035079211,0.24705585122108462,0.07674834013916551,0.16791257774457335,0.1760919115971774,0.5998848233837634,0.5022067290730774,57.54682280123234,27.732171341776848,10.718627655878663,42.976874637417495,3503.4273606725037,-1.1058763265609741,combined,0.0031333842338062824,0.3007821742258966,0.5664958391338587,0.006994771917909384,13,0.004708039655350148,0.0393780430033803,9,7,0.003699897350743413,0.0056507462952286,478.5992862,2759072768,0.2554727152,30944698.08,425743457.9,388101933.4,0.001
c6b1d5c11e,True,0,3539.990663766861,0.553855879418552,0.22428354799747469,0.07425382020883262,0.10862007467076183,0.05420594611205161,0.5232160343788563,0.5433753268793226,41.68786883354187,39.316923785954714,14.889917811378837,98.49880059435964,3806.5065927803516,5.710506312549114,combined,0.003094751138985157,0.3176355935446918,0.564438420534134,0.00763068967834115,10,0.005733040784485638,0.024763972461223603,5,11,0.00535008442029357,0.012427027890458704,475.593855,617831104,0.6794243034,71171747.47,442656009,72482051.44,0.001
c6f6de5d84,True,0,3863.0884222984314,0.6899870321154594,0.23019411062821749,0.08093912833370268,0.14766399832442403,0.13512836042791607,0.6840672867372631,0.6263923902530223,40.00955667346716,32.38709570840001,9.6010871976614,138.11734833288938,3711.3508665934205,-6.397711791098118,combined,0.0009145073139108716,0.3284168657008558,0.6980397928506136,0.004286063958704471,8,0.012164642931427806,0.04489462349563837,5,9,0.024972582356072963,0.0045659700278192755,365.4633508,449157024,0.8089434845,53767405.38,329167244.6,332182165.5,0.001
c7f9287047,True,0,7891.073675632477,0.6309644267894328,0.24198084624484184,0.06926717128604651,0.18871205253526568,0.12965206117369238,0.43643943732604384,0.6044907273259014,50.70832967758179,30.484613236039877,8.798965316265821,207.7425905065611,3355.34438630566,3.1482665836811066,combined,0.0028613088422454894,0.20800481093116102,0.6203035825863481,0.002487980209290981,13,0.006355476153083146,0.03487703260034323,11,7,0.011517319271340967,0.014808737682178615,732.8673806,528498688,0.3523613347,46883376.94,474240601.1,174887771.7,0.001
c7fffe80e2,True,0,7824.140110254288,0.6359746705740691,0.278692034650594,0.06639607829041778,0.12703317599371078,0.12558041997253896,0.5110708829015493,0.6161943567916751,48.62091105431318,21.73210471868515,14.062825905159116,104.36516152322292,3162.9282645881176,6.150781936943531,combined,0.003935932369809598,0.2526913122460246,0.7342333223670721,0.0037207248672842977,10,0.008086682916618883,0.04504591252654791,9,7,0.01684334549214691,0.001847783362492919,285.0344439,273581824,0.2552663469,28820261,151505384,155196408.8,0.001
c841e2f12d,True,0,4977.595694303513,0.731425597332418,0.20090127589181067,0.08089437548071146,0.16315884357318283,0.15906607452780008,0.3578118339180946,0.5780226340051741,48.810887299478054,23.607743065804243,12.474956877529621,142.40232571121305,3628.887942992151,2.647139236330986,combined,0.0022300838369876145,0.34687822003848845,0.5602095320820809,0.003166352383047342,9,0.005570653765462339,0.041397516354918486,7,11,0.020492218863219024,0.005925117626786231,574.1274972,905626176,0.7658505477,68116475.59,435697223.3,346253304.2,0.001
c88cb8d111,True,0,1746.9669313430786,0.6751074968837202,0.23094150723889473,0.06625538620166481,0.15345832044258714,0.060655020829290154,0.4178539401851594,0.566110030701384,58.333114087581635,21.081567965447903,2.8974153008311987,169.83330157771707,2730.3655026480556,9.437517143785954,combined,0.002362100591417402,0.2743367677927017,0.5635279260575772,0.007487263258546591,8,0.004342136452440172,0.015967250987887382,5,9,0.005003077827394009,0.0037444918192923067,116.6592267,250082032,0.3992911755,50415486.56,393577874.4,53763257.22,0.001
c8dac418b1,True,0,6311.276378154755,0.6443877435289324,0.19628542616963388,0.061300962874665854,0.174739745631814,0.15044936365447942,0.5242949983105063,0.5668601607438177,56.07093537226319,22.998425792902708,6.026513731107116,54.29024178721011,2504.862442612648,-1.8381267189979553,combined,0.0048531003212556245,0.29423547622747714,0.6258906397968531,0.004655035309493542,10,0.004904759381432086,0.035371587350964545,11,7,0.018751957410015167,0.013539323393255472,453.8821838,25879578,0.06234190713,3662306.579,178316029.9,68872736.6,0.001
c8e933e4bd,True,0,5967.871280908585,0.5878106129355729,0.19374707585200668,0.0875264929421246,0.11930648470297456,0.08306656051427128,0.4814112975262105,0.5699158465489745,57.61843653395772,23.69001070037484,8.00581275857985,167.0317198075354,3503.157090395689,0.7788773700594902,combined,0.000940500820800662,0.2606213155668229,0.7309669204056263,0.004315100554376841,11,0.00952309594117105,0.03704470962285995,7,11,0.012234186437912286,0.010298866333439946,359.1141516,2432937472,1.050201,102587541.2,261576450.1,110212855.7,0.001
c950bf4720,True,0,5604.693707704544,0.6131277809850872,0.2378771458938718,0.08049729178659618,0.14263242837041618,0.06227145632728935,0.3942447556182742,0.6072944352403283,52.90043406188488,31.20412291958928,6.279121711850166,95.00750521849841,2840.4498076997697,2.0268647894263268,combined,0.0020371738872490826,0.34953708904795344,0.7246031543239951,0.006479274318367243,13,0.00849529701238498,0.03253922898322344,7,12,0.01659513889066875,0.010830855090171097,320.2998522,85567336,0.160245205,17454017.43,218467901.8,43539161.04,0.001
c9736be388,True,0,4001.2959468364716,0.7128000233322382,0.21955021174624562,0.06731869633309542,0.11909366166219115,0.18331555421464146,0.4746678119059652,0.5808062763419002,58.50030904635787,22.462574262171984,3.517062161117792,129.67339499201626,3921.843719203025,-4.863803282380104,combined,0.0026228421186096965,0.2461542483139783,0.6837623421102762,0.005936508664488793,4,0.011223560465499759,0.02364178631454706,9,9,0.015010869584046304,0.012472082991153002,1066.189451,213716144,0.7926601502,30508458.07,685746669.8,481665879.5,0.001
c9af92b801,True,0,6688.681430578232,0.7817993992939591,0.1939687018468976,0.06489459570497275,0.1266939215362072,0.16073751319199803,0.37774570332840085,0.5392002103850245,44.945780374109745,33.48522812128067,13.575618965551257,122.30438245087862,3800.1280217431486,7.131018668413162,combined,0.0016206955153495073,0.2716779500804841,0.7025278953835368,0.003951084973663092,3,0.014812733111903072,0.029766415245831013,7,8,0.009079456048086285,0.013025232881307601,564.3997547,270529760,0.7212982992,24658010.59,592395900.3,478794450.8,0.001
ca16e0986c,True,0,8478.55373454094,0.565683520399034,0.2075368123315275,0.07172094801440834,0.16087897308170795,0.15640903622843327,0.6168515232391655,0.6498308044392616,55.84362676367164,29.531209487468004,11.753414053469896,114.0793866571039,3750.0865077599883,11.39612752199173,combined,0.001504570033866912,0.273679600181058,0.5827951986342669,0.004028796910494566,9,0.0070847580553963785,0.04031994730234146,9,11,0.011415169511921704,0.014651567067950962,745.0852969,158885792,0.5535752546,34448376.27,397887129.8,256743949.5,0.001
cb34c8959e,True,0,2466.7497594356537,0.5758530599996448,0.23235482081770897,0.08715401857160032,0.18853711681440474,0.11290466282516719,0.6815086024813354,0.5323191323783248,52.080119755119085,22.21263026818633,1.4397939573973417,98.97528630495071,3918.693774845451,4.14116620272398,combined,0.0035400752818211915,0.20301106173545122,0.6893641652539373,0.007086335305124521,4,0.004096705400850624,0.011413575634360313,7,4,0.014437104998156428,0.0024921712074428793,563.4598751,561808448,0.382369817,27961793.89,1481645087,221920696.2,0.001
cb405b651d,True,0,2729.6002521514893,0.6026884173043072,0.2374206218123436,0.07657982055097817,0.12943622115999462,0.15435017510317267,0.3820027569774538,0.5960512372665108,55.46027380973101,21.326232254505157,5.462558481842279,189.2408109586686,3066.9734803959727,2.886803552508354,combined,0.003776993162557483,0.19411371091380714,0.564487711340189,0.0043006836339831355,10,0.01268641167646274,0.038510071523487566,5,4,0.02150987721141428,0.003210578395053744,254.2627665,258169024,0.3257044496,38793537.38,183710910.4,122155915.6,0.001
cb64d3dbb1,True,0,7695.130093574524,0.7267517981119453,0.2032147357426584,0.07516422688029706,0.1273130124434829,0.09707189635373653,0.6467422978021204,0.6169542422518134,43.51546483114362,24.29619610309601,11.833784770220518,231.91535593289882,3613.425151910633,0.06782983988523483,combined,0.002578209458198398,0.266671841731295,0.5817493116483092,0.004949989372491837,13,0.009165814221370965,0.04636462286114693,11,10,0.017569859301671386,0.004290309108793735,512.9450823,255654096,0.8678874245,36511663.18,243144099.7,169444949.1,0.001
cb7f3adc56,True,0,3922.494479417801,0.6260120823979378,0.23251298472285273,0.06111778171733021,0.1095973520539701,0.17315290984697643,0.4465758059173822,0.550224099913612,57.693295665085316,29.6564238704741,2.0209918040782213,128.2528070891276,2841.4906933903694,-2.4054111540317535,combined,0.0014533968233503402,0.2297761111333966,0.6619878763332964,0.002289420748502016,10,0.006157184493262321,0.027003387548029424,7,3,0.00951139937993139,0.005850837657228112,120.1689441,233004048,0.2791569626,25692181.19,188830036.9,156072433.5,0.001
cbd058d6f3,True,0,5416.883867740631,0.6053596024401486,0.1831555657275021,0.06252004567533731,0.15762956608086826,0.19679269785992803,0.46872213124297557,0.5882370469626039,57.483034282922745,26.3216152228415,14.760811004787683,58.95219029299915,3578.849447891116,15.43570589274168,combined,0.004940556792542339,0.3291334008518606,0.6338764382526278,0.006867225952446461,10,0.00205950520047918,0.014662434495985508,11,7,0.016697327078320084,0.012367692694067955,1146.549842,790622528,0.5496961378,43700551.04,858298661.9,228344184.9,0.001
cbe9100a37,True,0,3340.0346064567566,0.6532136143185199,0.19391038689762355,0.07833173244260251,0.15613829465582968,0.1089493761304766,0.4608052010182291,0.5769034843891859,42.18733821064234,23.942674808204174,17.566896870732307,113.30675487592816,3702.969027683139,11.865534529089928,combined,0.00177081669382751,0.25351355186663566,0.579134875535965,0.0038687348671257492,9,0.004223307950422168,0.024609354697167872,5,8,0.01344489427935332,0.006898392990231514,374.7649917,470521952,1.459515789,110530112.7,737298671.1,210338008.5,0.001
cc40ebb325,True,0,2262.6170451641083,0.6256755417212845,0.27162023756653075,0.0678677573427558,0.13554004430770875,0.08711310573853553,0.6356185706332326,0.5580789791885763,46.95604344829917,39.00941612198949,12.427053563296795,143.1450061108917,3462.063896469772,15.639859706163406,combined,0.0021804260537028313,0.257296108296141,0.5693551043048501,0.005539660605788231,10,0.010189937501214445,0.01810889136046171,5,4,0.02498773038387299,0.012242986967787146,571.2919874,380380160,0.3996617364,36591871.98,607556107.7,143791386.4,0.001
cd76d57739,True,0,6067.434954166412,0.8084608131088316,0.2653388950228691,0.07558317373506725,0.13306400617584588,0.08456729780882598,0.4433006219565868,0.5735232992097735,58.460773192346096,27.451042030006647,2.2179784644395113,35.06740500591695,3341.7680305428803,5.994076378643513,combined,0.0025509771947748957,0.20001486709341407,0.6051491836085916,0.0051586312100291255,12,0.004948887473903596,0.011520074643194676,9,6,0.013630800748243927,0.007479625366628169,456.8972071,36204600,0.02267704908,4128833.918,787118372.2,193557023.5,0.001
cd81e824ad,True,0,3500.3511488437653,0.6738960891962051,0.24548400120809677,0.0892008506320417,0.1806560697965324,0.08439461886882782,0.6505481144879013,0.6240094394888729,50.69258626550436,28.347718883305788,10.13420731946826,96.00863898172975,2938.456959556788,-2.5857914090156555,combined,0.0037383340101689103,0.2531800730526447,0.6938404120504856,0.0044329317398369315,5,0.007996542777400464,0.03855110485106707,7,5,0.015256389250978827,0.0037272245343774554,282.0268804,73465112,0.2063329084,10852751.23,279073962.2,85338609.41,0.001
ce109255bb,True,0,6404.939215898514,0.6486739699728787,0.2545864959433675,0.07256925674155354,0.11213817372918129,0.08952127289958299,0.5205396462231874,0.6290751848835499,46.20650824159384,36.11235024407506,9.463352059945464,113.4957119319588,2716.9061806052923,-5.652650095522404,combined,0.0038821238081902265,0.23829705177806315,0.7244013648480176,0.0037715652875602245,6,0.014934850106947124,0.02797843050211668,9,8,0.0026592648318037393,0.010565933031961322,194.4904612,162586496,0.05300710055,10727701.04,168873279.4,67935015.96,0.001
ce415a7d49,True,0,4337.087054014206,0.7259720332920552,0.27088962450623516,0.07868837457150221,0.16013503773137927,0.1795731283258647,0.6624628597404807,0.5604967268649489,58.737594559788704,31.96513932198286,2.3215579502284527,106.70490193553269,3373.9844439551234,6.959585480391979,combined,0.0034968082909472287,0.29287374994717535,0.6372297912836075,0.006447886344045401,11,0.01487741242814809,0.03197668347507715,9,3,0.02009018524829298,0.005227819353342056,605.3072305,453630816,0.4441288265,36768327.64,473055912.5,319034179.3,0.001
ce94f7f48a,True,0,4805.38331413269,0.5764836931601167,0.24665712660178543,0.07394841838628054,0.10320488689467311,0.16648087496869268,0.5806748285889625,0.6106730038300157,58.30506406724453,37.488805670291185,6.14106041751802,124.397207621485,3728.317812550813,1.2733802422881126,combined,0.0037695478593930604,0.25967651178129014,0.6978379858657717,0.006979940623044968,12,0.010800770237110555,0.019392548762261867,11,11,0.010137927342206239,0.006037241823971271,640.7197578,184988144,0.4688066452,32096990.69,490516958.5,242281359.3,0.001
cf2bafb6b8,True,0,4345.345361709595,0.6305559445172548,0.21180965771898627,0.08106970489025116,0.10632303152233363,0.1219859128817916,0.5385796229355037,0.5413195595145226,53.37035624310374,36.9161338545382,2.299320325255394,222.96952359564602,3451.3283018022776,-1.2555927410721779,combined,0.002026834854669869,0.3254000889882445,0.6824435932561755,0.002938752055168152,11,0.009725269004702568,0.04368791621178389,9,4,0.015119080893695354,0.011575669875368476,531.4655468,1239710080,1.516244101,95204600.21,160749121.3,172416053.5,0.001
cfc0b9120f,True,0,2889.9478480815887,0.5939830701798201,0.20341978568583727,0.08021172445267438,0.17925929101184013,0.11427423730492593,0.3848859395831823,0.5847806877456605,50.85342159494758,36.45103117451072,1.144359815865755,60.45681578665972,2503.1585595570505,-6.416884131729603,combined,0.003085154477879405,0.19709704482927917,0.5882995791733265,0.004063646228611469,13,0.009747747873421758,0.024835709258913992,5,8,0.008793479699641466,0.001778129393234849,104.5003162,22494568,0.01211228344,3816814.93,250916810.6,46919208.9,0.001
cfc5a39cc8,True,0,4467.382762432098,0.7584031715057791,0.20554099475964904,0.06454772282391787,0.13618542123585942,0.18536193147301677,0.5026551117654889,0.6140046808402986,42.694459687918425,22.63928711414337,17.7355479542166,77.01270802039653,3034.6734281629324,11.428567677736282,combined,0.002514093699492514,0.3250992678385228,0.6906036481261253,0.0024369489900767805,7,0.0077768633086234325,0.04774723000824452,5,11,0.014633934424258768,0.013752771293744442,415.8361411,8560980992,0.2472756485,80954992.07,153685540.6,249424484.4,0.001
cfd444ea88,True,0,1979.7975625991821,0.8213725090958177,0.22283452704548837,0.07034258874133228,0.12969909291714432,0.19289909610524775,0.5273270638193934,0.5256521840579808,43.303937930613756,30.43245367705822,12.92595481686294,67.23005789518356,3535.045145545155,6.107370160520077,combined,0.00490253702448681,0.3337710736878216,0.6512531522661448,0.006804457084834576,4,0.009886728763114661,0.035212149769067766,5,3,0.014000387718901037,0.013994891803711652,829.7412779,89525528,0.1637317584,7657593.723,415362093.9,444779613.2,0.001
cfd929cb04,True,0,4331.259660482407,0.756657048407942,0.19138473218306898,0.06352508744224905,0.18572995429858566,0.17638611737638715,0.40531667098402974,0.5255019462667405,40.701064225286245,32.17984791845083,14.048280704766512,133.14504451863468,3988.3571369573474,-6.186958558857441,combined,0.001091915020160377,0.2509981667995453,0.6720729170367121,0.004657767595350742,9,0.01003787439269945,0.03859594315290451,5,9,0.012051099603064358,0.007550134819000959,520.3919593,769083904,0.9355728229,59204856.31,781638723.8,539335120.4,0.001
cfecbfdd0b,True,0,2932.080709695816,0.7996723820455373,0.24279233666136862,0.08201857656240463,0.10351732717826963,0.11104146228171886,0.5131363794207573,0.6397551907692105,47.53300491720438,23.97902801632881,14.28784299083054,65.31593881454319,3653.1377960927784,-2.7409177720546722,combined,0.0026915350927971303,0.218271295260638,0.5766569625586272,0.006476541764289141,12,0.006869430428836495,0.030802682004868985,7,5,0.012767264993861318,0.0028217537961900234,347.8905357,97716072,0.1045855095,10755874.88,395043772.6,284189022.4,0.001
d02c29a175,True,0,3477.298257112503,0.7268888453021646,0.24598597811535003,0.06813161325640976,0.11915866602212191,0.1424586270004511,0.40469631240703163,0.6279516856186091,42.83493969589472,36.437514275312424,14.496446399018168,142.650853686966,2739.5848920568824,9.577476106584072,combined,0.004892180605605245,0.30897008744068444,0.7432626005262136,0.0030667570672929284,6,0.008267911540344357,0.04601660706102848,7,11,0.018343110516667364,0.009708859426900744,382.1317306,1214832768,0.2075344584,25888554.32,96714894.85,124597669.4,0.001
d09a0998fb,True,0,6491.021097660065,0.7680420030839741,0.27883744707331065,0.08179102630354464,0.1367210094816983,0.17066841763444246,0.47393961371853943,0.5826329893432558,52.41853082552552,34.23961903899908,10.067262802273035,240.26697277184576,3142.9683212190866,-3.1425640657544136,combined,0.002987064724415541,0.3026726470422,0.6508745489642024,0.0040000293739140035,11,0.006347557970322668,0.03253600873053074,11,9,0.022462693701498213,0.011897379612550139,819.1699783,223905728,0.1792359783,22701742.65,327105166.7,288833127.4,0.001
d1358276c2,True,0,4755.811124563217,0.6758730342611671,0.21034060141071678,0.0836416935827583,0.14841304942965508,0.19004961042664947,0.5352035026066004,0.5773519150912761,55.672311168164015,26.517684906721115,8.20093903876841,154.49867746513337,2622.8274242021143,5.040958389639854,combined,0.0033451688006520272,0.26423204616643486,0.7259120296686887,0.005238016382604837,5,0.01426469520991668,0.02728298641741276,5,11,0.02163332370854914,0.0018642783239483833,166.078938,397105184,0.4592629056,31603541.81,228546493.2,131506339.4,0.001
d1db840eea,True,0,2561.748035430908,0.6166819308884443,0.22751535849645735,0.0883212240692228,0.15654596984386446,0.15209813122637572,0.3731953401118517,0.5812780025880784,53.41919159516692,20.822006352245808,6.666589736938477,69.14018859155476,2996.192782651633,6.915844775736332,combined,0.0029923681813292208,0.20324271836318075,0.5546272806823254,0.004244062878936529,3,0.003095689858775586,0.04214246310293675,5,7,0.023022635776549574,0.010587708996608852,398.8271883,315672512,0.2876180332,30228779.99,194032330.8,145639551.5,0.001
d1ded050c4,True,0,3230.1022715568542,0.7533436804078519,0.2676272943802178,0.06274851836264134,0.11216229274868966,0.11808230257593097,0.5397699367720633,0.5981798903085291,46.370114516466856,27.881890032440424,12.098232055082917,74.60170355811715,2684.482714626938,5.753883756697178,combined,0.003320378446020186,0.226303101927042,0.6438968621194363,0.002613460699468851,4,0.010974875043611974,0.014910826496779918,11,8,0.0025327461967244746,0.003785195119678974,139.4136932,48553068,0.08514401669,5169453.34,286280735.9,124279015.8,0.001
d1deeae109,True,0,1808.343755722046,0.692722499743104,0.24093627130612733,0.06746845244430005,0.11147157065570355,0.13345573502592745,0.37601323267444964,0.6369925224687905,53.723087944090366,36.540961768478155,13.450803274288774,94.79287982266396,3851.367843337357,8.373338401317596,combined,0.004786324287578463,0.3131131922733038,0.6575363557785749,0.007995720837265253,10,0.007563351868651808,0.028468552231788638,7,6,0.0108755321521312,0.0035811393316835163,595.1648145,96828232,0.1241154642,14040385.95,497800908,269507860.4,0.001
d2f4a8814c,True,0,6512.337876319885,0.6378839303739369,0.23983533561229708,0.06383879159577191,0.1669632872566581,0.1862510992679745,0.46373364520259197,0.6267660574521869,55.60161080211401,24.56396596506238,11.125574821606278,121.689896623604,3445.8318897522986,-3.3246278762817383,combined,0.0019365372681058944,0.3330795519612729,0.720592825114727,0.0049483232110738755,4,0.005707542833872139,0.014203274212777615,11,5,0.011651100885123014,0.013140872405841945,635.8336908,776539456,0.6470477064,41475113.63,857845957.1,315177607.3,0.001
d337160661,True,0,6124.857346534729,0.6314340092241765,0.21820115299895407,0.08270313296467066,0.1834234416484833,0.1479017505422235,0.4709575580898672,0.5897777287755162,44.59686804562807,38.31067396327853,12.885093960911036,104.613669289276,3398.899558931589,0.636309802532196,combined,0.0018613014238886534,0.23581463310867545,0.5637716218829155,0.0035951966404914855,7,0.0108605183288455,0.04222355406731367,7,6,0.02185617675911635,0.012084659524261951,645.9896858,617795456,0.384086748,23351162.27,352012986.1,215051570.5,0.001
d387d7b517,True,0,10523.61936211586,0.7373868906870484,0.27942568754777314,0.08751637903042137,0.15243822019547226,0.10773370331153274,0.4397876757662743,0.613924622349441,56.91643940284848,29.716361295431852,6.308386540040374,144.2140891291201,2876.3281516730785,14.995171591639519,combined,0.000565728279389441,0.29748079452663656,0.672414036653936,0.00155,9,0.0034781051678583028,0.024848775155842304,5,7,0.015269305849447846,0.008839453145861625,161.903535,515686144,1.132832268,87542803.53,367717039,174929108.5,0.001
d3c62997af,True,0,8981.4754383564,0.7745119357481599,0.2335673297941685,0.08130073101259767,0.19057718347758057,0.11875299816019834,0.5980943199247122,0.5540830852463842,46.16625379770994,35.24584673345089,4.690134689211845,191.78189899399877,3018.1900397874415,9.350584022700787,combined,0.002644682413432747,0.3333597772661596,0.7001152796670794,0.007248349621146917,12,0.010107038031332194,0.019517753347754477,7,11,0.012596522596664727,0.014470771940425037,547.7955211,279063040,0.5613226587,41142646.32,668532169.4,163467924.7,0.001
d42a0ed713,True,0,2874.9330010414124,0.8255558096803725,0.26609378626570107,0.06748448599129915,0.12116770865395665,0.1212505661416799,0.6873850857838988,0.6496893119066953,41.10670853406191,34.55434964969754,9.82428440451622,45.016831839457154,3222.5834275595844,9.999470487236977,combined,0.00215784211801365,0.2727422788273543,0.6411706302314997,0.006818625954538584,4,0.01262971442565322,0.039098810590803626,5,10,0.006076562821865082,0.007124074734747409,267.9675547,148287952,0.1217943035,5190175.298,248214660.1,262548343.2,0.001
d450102ef9,True,0,4999.71378159523,0.5607268151827157,0.1811661062017083,0.06307772582396864,0.19044157164171338,0.1724298863206059,0.6964594590943306,0.6413597143255174,50.86914608255029,24.88053323701024,17.80773003771901,172.08466477040201,3787.027325015515,0.9797255620360374,combined,0.0033744981401599944,0.2421738178189844,0.7132040286436677,0.006457293186336756,5,0.01137568464037031,0.028670934587717058,9,11,0.017992004826664923,0.011685561252757905,1160.370124,522665440,9.738270217,98716540.04,780057613.6,219670514.2,0.001
d4605e6b05,True,0,5484.874756813049,0.6696753779426217,0.25999137882143264,0.08581834548152983,0.17672065803781153,0.15822018738836052,0.3959218627773225,0.5837912899907678,49.77045865729451,27.366071324795485,15.69637405872345,57.99988639820367,3837.131956126541,9.385065585374832,combined,0.0012059888479299843,0.28361625999212264,0.6844879256561398,0.005809883897006512,13,0.009328560886904596,0.026932221017777917,7,7,0.007507866515778005,0.008354282910004257,419.1365202,122949224,0.1084858648,9352248.636,894972149.5,374193577.2,0.001
d48926be1b,True,0,2002.3420946598053,0.5759751946665347,0.1884073135629296,0.06418389958329498,0.15870307991281152,0.14772048671729865,0.35471873250789937,0.525150882685557,51.41322672367096,39.436621870845556,8.023500736802816,65.333266813308,3091.670579276979,2.213551364839077,combined,0.001296958761755377,0.2451322477124631,0.6356477402150631,0.0016038937017321588,10,0.003198807799257338,0.011126916706562042,3,5,0.015186445884406567,0.01108216956630349,182.0553506,137634496,0.3707883451,20980648.91,602013343.1,138827885.6,0.001
d49c0abeac,True,0,2842.5021002292633,0.6784285748377442,0.19103727519512176,0.061145386565476655,0.15182891869917514,0.12455807519145311,0.528857131069526,0.6442855388857425,49.60666287690401,25.082103852182627,0.013064805418252945,70.06325733661652,2949.5559711940587,4.196403436362743,combined,0.0027077621376141907,0.3079197918158024,0.5573149960488082,0.003658843723684549,3,0.00508621489489451,0.02293331850320101,9,3,0.024850073216483,0.004345063691958785,270.9642907,291087904,0.2052397209,13292674.93,392292591.7,119447336.3,0.001
d4ab3f8283,True,0,6909.343154191971,0.6344280999153853,0.26774511590600014,0.08488258866593242,0.1414432310499251,0.1909990218933672,0.6980822986457497,0.5856820994056762,51.19257666170597,38.06775152683258,2.030074132606387,201.10236439853907,3119.1657641902566,2.355233982205391,combined,0.0038536243231967094,0.30140800555236635,0.6224104536697269,0.0029524810694158076,11,0.012890078294556587,0.04202797882258892,11,11,0.00728220379166305,0.00466563999094069,373.1960861,473510816,0.2987776863,31418114.98,192959578.3,217483890,0.001
d51d30197f,True,0,6331.9017243385315,0.8315871031023562,0.1909858237206936,0.0820807119179517,0.13097908310592177,0.1480541106313467,0.6228537943214177,0.5327532782219351,47.365171797573566,37.49213179573417,4.002282941713929,57.047854121774435,3039.5338060334325,14.557009346783161,combined,0.003032548245601356,0.20397983970120548,0.7368477808311582,0.0041943883411586285,9,0.008874554435256869,0.027692449055612085,7,4,0.020685422069393097,0.008714854231104255,422.841347,103885920,0.225976864,8543819.801,357352897.3,224644943.8,0.001
d53be33084,True,0,4177.648160457611,0.7182601442560553,0.2561157502420247,0.06519807167351245,0.13324151197448375,0.17558601149357855,0.5379822496324778,0.6453263944014906,59.99921569600701,35.40960410609841,8.355453237891197,142.77348169963807,3884.55953868106,1.2044845074415207,combined,0.0015004067892208696,0.1950483678188175,0.6851822214201093,0.00421707541719079,6,0.003835464864503592,0.03492247253656387,5,4,0.010890340430662036,0.008968500241637228,450.3669269,807722752,0.5498221393,41177750.51,513422704.7,562083917.2,0.001
d5a37725a0,True,0,4423.483117103577,0.614040506258607,0.24948358509689572,0.07156043289229273,0.11699698232114315,0.08540681973099709,0.6263941911514848,0.5119631143286825,55.57270262390375,38.156873397529125,15.774507561698556,170.42312712501734,3013.400753028691,13.862946525216103,combined,0.0030453552883118393,0.20088088068179785,0.6423355435952545,0.0054407555095851426,10,0.012175916281063109,0.010123813077807426,7,7,0.003489113613963127,0.010635787716135381,223.4269894,125188688,0.1812702059,15809851.64,430611903.6,84099475.71,0.001
d5dfaa10fa,True,0,4646.454447031021,0.8276212472468614,0.22333058716729284,0.07731866559013724,0.18157867146655918,0.15845392947085202,0.393022372899577,0.6420104461722076,58.64095939323306,24.147841185331345,15.85967587865889,171.16550033725798,2798.9705810323358,1.4267060160636902,combined,0.003141423013061285,0.2758613816741854,0.6280508127063513,0.0033215069696307183,11,0.003374137428123504,0.04935482423752546,7,9,0.0051099762581288816,0.0031694132834672924,202.8620681,155516976,0.2833860185,42720469.55,179725193.6,207415050.6,0.001
d63f021a5c,True,0,9482.947879314423,0.846482288185507,0.2478982629440725,0.08577560699544846,0.12088863542303444,0.07644092212431133,0.5918474681209772,0.6332137899473309,49.54288424924016,37.511165998876095,0.31833935156464577,82.22478658519685,3389.972535893321,12.355341702699661,combined,0.00050823755543679,0.22796627948991954,0.5703191654756665,0.004180632182955742,9,0.012037612653337419,0.026618435755372045,11,10,0.01127228966075927,0.0018457465115934608,137.3688009,152604704,0.3827865838,20213484.77,473850899.2,218269690.7,0.001
d670ca2706,True,0,5287.96294426918,0.6389475016854703,0.27132245918735864,0.0760161955654621,0.17741009639576077,0.11895603006705643,0.45687896125018596,0.6092905439902097,52.33199382200837,25.296853873878717,16.235358830541372,42.68933446332812,2731.8744813092053,-6.605783350765705,combined,0.0004119471398182213,0.18245551500469445,0.7458841966465115,0.001823022708296776,5,0.002781069042161107,0.026465445011854175,7,9,0.009979704516008497,0.0014177696872502564,41.16577904,157498368,0.4292679238,28042177,321054962.4,138038534.2,0.001
d6d3ad7d23,True,0,4024.162608385086,0.6119806630536915,0.22660103460773826,0.08279577177017927,0.14551684269681575,0.09001524262130262,0.629302638489753,0.6171976186335086,59.374079182744026,21.432361993938684,5.059959713369608,88.17852576822042,2746.126134879887,9.298876464366913,combined,0.0027891189232468606,0.2402850348036736,0.5752889228984714,0.00613952743858099,8,0.011740054244175553,0.047185236513614656,9,7,0.01434324106387794,0.012017003381624817,343.8982112,430029248,0.09124609527,7877127.154,108571852.2,56640280.9,0.001
d6f84a69e4,True,0,8708.930790662766,0.7144857486709952,0.2144483494758606,0.08116763658821582,0.1553869658149779,0.14302817550487817,0.6244657740928232,0.6204013383481651,57.954482566565275,30.40446236729622,16.491489574313164,66.321787702851,2807.994983624667,14.496068350970745,combined,0.00031405614260584115,0.33105895306915045,0.7163069535046815,0.006727319670468569,3,0.014312195983249693,0.01814511016011238,11,6,0.00418051890656352,0.007454075885936618,97.19571267,718819520,0.3644720213,21275137.63,418627212.5,170396862.5,0.001
d70e227695,True,0,3713.843579530716,0.5687338894233108,0.2552255431376398,0.06354415507055819,0.14224643856287003,0.13281362047418954,0.36337094702757894,0.5930018975399435,43.90468766912818,35.66500090062618,16.85093153268099,123.73159913532436,2623.3628196641803,9.59967677295208,combined,0.0004417186394333839,0.2885022593196481,0.7307228833436966,0.007616500531136989,10,0.0029901065197773277,0.02079933453351259,5,5,0.014715619372203946,0.005516597097739577,79.7251503,719962432,0.7405030511,119749097,237084325.6,97808063.07,0.001
d74576d3ec,True,0,11770.69303894043,0.8369110435247421,0.18971209704875946,0.06283493399620056,0.16090367622673513,0.12666702936403457,0.4229711245279759,0.577601654175669,56.57853875309229,36.49423310533166,9.96227902919054,73.91539589315653,3901.1679529212415,-1.4987330883741379,combined,0.0009979036196134984,0.2858396223373711,0.6616748541593552,0.0033611771561205387,12,0.003427896113600582,0.03725466251373291,9,11,0.011563798303715884,0.006558996753767132,512.6992045,89107544,0.2482778226,22700002.12,700633560,477385897.3,0.001
d75acee377,True,0,4742.1813859939575,0.5563573360443116,0.21786804396659137,0.07169101039879024,0.12564990026876333,0.17656132094562055,0.601048212358728,0.5781394428107888,48.46925115212798,33.62325880676508,5.09074548818171,85.56101798638701,2848.593009635806,9.983705893158913,combined,0.004614372851233929,0.19791596865281463,0.6271795626729727,0.004933575198799372,7,0.009710162292234599,0.011252315491437912,11,11,0.013244359099306166,0.003646488869562745,276.8382695,320213696,0.2673339731,18425308.55,349066021.2,102927574.3,0.001
d8bfb4e825,True,0,4800.889135599136,0.563110198173672,0.2458971485681832,0.08821742573753,0.19801517045125366,0.09082650509662926,0.4993714400567114,0.5161304627545178,40.07588718086481,25.980620943009853,17.362720012664795,187.89696918893605,2829.920178744942,10.936713196337223,combined,0.004666360412165523,0.2055954436585307,0.5633513005450368,0.0029811330564320088,12,0.0056924360711127515,0.04085885971784592,9,10,0.013885063459165395,0.0035719208400696516,288.8193777,1253530752,0.6326022948,99343009.86,215959421.4,58627765.86,0.001
d9627790d7,True,0,8473.105168581009,0.8021021088585257,0.23994171723723412,0.07751030506566167,0.13771651564165951,0.0786733714863658,0.38067986099049445,0.5149451251607389,57.73512687534094,32.85157470032573,11.741831336170435,113.76229343470186,3541.5489254519343,-1.6846901029348373,combined,0.0017470032156445086,0.18147495782934128,0.5970135552808643,0.004805544464290142,10,0.008256419372744859,0.01892095793038607,11,4,0.01015511326584965,0.007027966203168034,414.7632552,105463616,0.1456976039,14343672.23,779412802.1,209740138.1,0.001
d9e548e625,True,0,1258.3718118667603,0.6615372397936881,0.2061053985916078,0.06543768374249338,0.1708131140097976,0.07427947404794395,0.532140547549352,0.5273921692278236,44.40661910921335,21.480054277926683,1.8744319472461939,99.29883288871497,3520.72468213737,10.097667008638382,combined,0.002611047105770558,0.2425814710278064,0.6414900897070765,0.006034291953593493,8,0.010771778441034257,0.028832508027553556,5,4,0.003860862676054239,0.005535358101129532,279.2456067,155848576,0.1920091139,14569889.56,625038678.5,114070214.4,0.001
d9e7b3aebd,True,0,3805.323883533478,0.6113073718734086,0.25829255480319263,0.07760148768313228,0.19178175507113338,0.07125642681494355,0.4915114297997206,0.5550992310512811,51.22198060154915,24.162347298115492,6.942406503483653,43.96097970753908,3433.679773006588,9.120441973209381,combined,0.0005412888067774474,0.23256245285272598,0.7380986772477627,0.004258452212810516,4,0.0058387785181403164,0.04356864448636771,7,9,0.007858009422197939,0.003472090659663081,146.9108221,151664464,0.5723243159,19985940.7,362465325.8,160606714.4,0.001
da27b8184e,True,0,12983.904996871948,0.7758311539888382,0.23162058416754008,0.06702248736284673,0.11315641682595015,0.1303806987591088,0.6208426068071276,0.5299012148287148,43.476232662796974,29.230662062764168,9.405168676748872,164.24895407631993,3642.725223209709,13.208119124174118,combined,0.002503741736616939,0.3494851168617606,0.7039182074368,0.006195467402040958,5,0.007002568587195128,0.038485722988843916,11,5,0.018972446138970554,0.009507338378578423,858.5180465,275184448,0.6212914837,32650554.69,316567221.1,330954146.5,0.001
dacc3b2dcc,True,0,2752.1173367500305,0.5817265375517309,0.27689354123547677,0.07464406401850283,0.14204983478412034,0.06642594551667572,0.42088049300946295,0.5136409939266742,52.261649649590254,29.777158796787262,8.262106161564589,92.0198879064992,2560.401880182326,6.355457819998264,combined,0.004898331850487739,0.3064037404581904,0.6931175163015724,0.005723590058088303,6,0.011351934517733753,0.02417977537959814,7,9,0.021522651085630062,0.01001294252462685,316.0555961,57894972,0.05565985128,8383861.038,206673795.9,34514747.72,0.001
dad43a8cff,True,0,4964.528200149536,0.8279150553047656,0.2168292166851461,0.08645212227478623,0.10836311737075449,0.10908573684282602,0.6328459341078996,0.5268844063859432,49.95553705841303,20.620430000126362,8.331467701122165,52.152378087863326,2548.055778257549,3.9426556453108788,combined,0.0029759069685824217,0.20034575001336632,0.7216797115281224,0.004141459445655346,7,0.002024768162984401,0.04539042394608259,9,11,0.011847337908111513,0.0034322470407932995,145.9537351,74332544,0.08332080144,9636944.987,77511289.57,102740274.3,0.001
dba0afc8cf,True,0,1778.2779157161713,0.7242787905037403,0.22306662678718567,0.08686706277541816,0.1429887636564672,0.18472069352865222,0.41341529488563533,0.5036262904293836,41.63142867386341,23.15294673666358,7.419077709317207,116.37805489636958,3000.8885553106666,14.013360179960728,combined,0.004563644396513701,0.2700199228245765,0.675825210288167,0.0028320477321743965,9,0.008673951972741633,0.011830472201108933,5,10,0.005960937498137355,0.013604026259854435,390.1414488,302518272,0.4294884093,39908639.6,554451191,200872014.5,0.001
dbb7e16bec,True,0,3638.8872079849243,0.7406733390875161,0.24546169044449928,0.0790700264275074,0.1998721968382597,0.1036877801641822,0.4078391270712018,0.566143871517852,56.617771070450544,31.56082572415471,11.2593033593148,87.43855670187622,3356.2428816221654,14.634048916399479,combined,0.0009263067915104329,0.33065090388990936,0.627593751065433,0.004154892116039991,4,0.013182831509504467,0.047594462335109715,9,4,0.013126142954453825,0.011615368088707327,461.3223629,203219488,1.843299605,22138505.3,349076466.5,246609363,0.001
dc0e2fa320,True,0,4167.396510839462,0.5540267051197589,0.2686218713596463,0.08222395406104624,0.13864942407235503,0.16876298487186434,0.5465113945771009,0.551420874055475,42.27911164984107,21.550911385565996,12.771062258630991,65.80995947122574,2922.6062414236367,3.9349591359496117,combined,0.0008519226747564972,0.2755872217938304,0.7107207560911775,0.0022001879796385766,4,0.004943900061305613,0.022543404921889304,5,12,0.007560056017711758,0.007338314894586801,111.5404083,4191985152,1.437637296,82430800.98,293678191,188515669.2,0.001
dc2abff200,True,0,8656.927972078323,0.8010416477918625,0.27124736106023195,0.06714924979023636,0.105388742685318,0.15182906626723708,0.36561683989129956,0.5722824940923601,54.48496723547578,37.27768545970321,15.619104327633977,84.3150051087141,2823.7119810655713,3.65897686034441,combined,0.0006290086989291011,0.33343757112510497,0.5725033860653639,0.0024112999841570852,11,0.012870084123685956,0.021659088656306266,7,10,0.011478368188254534,0.011040989669039845,191.375935,80453912,0.06734160038,7136598.851,259084436.9,186270232.7,0.001
dc2cf39760,True,0,4972.042149305344,0.8162113863043488,0.27801307637244466,0.06657425911165774,0.19228548873215914,0.06639814916998149,0.5283570348750799,0.5782729147002101,53.16836569458246,28.580587692558765,7.099135218188167,127.54802513122559,3375.735603738576,11.386233747005463,combined,0.004088046337198467,0.19875991508364677,0.5996175359934569,0.0023129670433700085,14,0.0032588338013738393,0.02753205616027117,5,12,0.007094308543950319,0.010091759389266371,583.6158037,889928576,0.3931002459,58522131.05,781936551.5,161202673.3,0.001
dc3ba05f06,True,0,12889.130345344543,0.7461204960010945,0.19750987712293863,0.06376635633409022,0.14405495636165144,0.1647787286434323,0.5726710321847349,0.581312220590189,54.32969208806753,30.842560660094023,11.802998693659902,159.8959651971236,3528.168805409223,-0.3738468810915947,combined,0.0006209886629134416,0.3093003475107252,0.6329803843051195,0.0061067298494279386,13,0.012087092607747763,0.012072939276695251,9,7,0.00999949683342129,0.011786005534231661,426.9918796,113427552,0.5404535444,33639112.01,929934802.9,320402709.6,0.001
dc64965793,True,0,4549.602226734161,0.6537362438626587,0.18595610635355114,0.06150802541524172,0.1395099605433643,0.16779934959486129,0.3661206051241606,0.5052507020067424,48.36466083303094,38.90573747456074,13.147292397916317,135.33639399707317,3900.0973450019956,-3.4480440467596054,combined,0.002000328491255641,0.2197991438768804,0.5828727494925261,0.0037571766644716263,6,0.010927784396801143,0.026317881569266323,9,6,0.017776336912997064,0.003436615439131856,446.8298248,427269920,0.4576566273,24593793.42,707777625.6,357847628.1,0.001
dc8b766c88,True,0,4855.687851905823,0.6917587560601532,0.2271086034551263,0.0698236345499754,0.10194167895242573,0.18056746707297866,0.6987196177244186,0.5883787061553448,59.80317998677492,26.13444296643138,11.388346983119845,87.96766746044159,3945.645739790052,3.703850530087948,combined,0.0011320191222243012,0.25302187661640346,0.6425990331918001,0.004735587786138058,3,0.004265853925142437,0.011805990226566792,9,11,0.00863445352204144,0.00567688201367855,381.9146433,264859344,1.863374955,54966807.08,835747131.2,538486770.5,0.001
dcd284cee2,True,0,2069.800143957138,0.6425294451415539,0.24925928657874466,0.062364313406869765,0.15833947733044626,0.10660042096860708,0.6934864984825253,0.6312679305672646,44.7802141495049,39.15169635787606,7.335127383470535,116.69525199662894,2792.3461897298694,1.6996408328413963,combined,0.004549558217450976,0.18574219218455254,0.691288254968822,0.005887799205631018,9,0.006665177513379604,0.047599565722048286,7,3,0.004704033652320505,0.007227557029575109,250.7746559,271402912,0.3492939922,19949648.84,127369484.4,78210322.92,0.001
dd0d92a9bc,True,0,3724.159426212311,0.6499055640771986,0.19932066502049564,0.06908402348868549,0.12690217643976212,0.19923132206313315,0.3594097659923136,0.5878726909402758,53.03629828616977,37.17069344595075,3.6694068387150764,174.9004687126726,3504.3581961654127,-6.782435178756714,combined,0.0015242756610736252,0.31604605112224815,0.693380406871438,0.004452756804972887,13,0.00512938563991338,0.022736857086420058,7,4,0.013500211291015148,0.004580648984760046,269.04847,870542912,0.3867942461,52192206.78,510136063.1,311688641.9,0.001
ddb2462e3d,True,0,1451.1867916584015,0.8456633703783154,0.18739815849810837,0.07679019028320908,0.16681279661133885,0.0952219829428941,0.3871688787825405,0.5687484981957823,40.194944981485605,35.56340582668781,2.3767015021294355,134.62742923758924,2703.499115537852,12.15804734826088,combined,0.0026844254345633088,0.2423086170107126,0.7082784537225961,0.006175093020498752,14,0.006126449332572519,0.022725340016186237,3,4,0.01775813838187605,0.013863325444981454,255.9405153,463832512,4.145254578,55409552.54,401917310.2,92079396.41,0.001
dddbb50ce3,True,0,1912.0220413208008,0.6330496744252742,0.18166150107979773,0.08530438508838414,0.12335373191162945,0.17151215900667013,0.5229879131540656,0.5792080431245268,51.503104604780674,35.478702150285244,15.854068201035261,121.9318071352318,2928.610282484442,15.549219615757465,combined,0.004011162050906569,0.3287477552704513,0.5751309301704168,0.005068560887873173,13,0.00839141132310033,0.018216895572841167,5,5,0.0037406249791383742,0.0024871233589947223,189.3509893,899954944,0.3204919032,49548820.99,329240428.9,119816175.5,0.001
de43c3ee0f,True,0,4399.383652210236,0.62671353565529,0.2087779474630952,0.08875069862231612,0.19204740803688766,0.07755272276699543,0.6787482619285583,0.5945723203010858,55.023061726242304,22.904999163001776,4.581757066771388,113.01880585961044,2557.89129761979,-6.995671845972538,combined,0.0046211945893242954,0.3036308330763131,0.6493229134008288,0.002739987539499998,14,0.009923315669875591,0.01570226240903139,11,5,0.017133449726738036,0.00654092956893146,294.0378579,184091072,0.1961412975,11578053.79,399399998.8,31479121.82,0.001
de762877ae,True,0,3404.2471373081207,0.7741816245019436,0.2586622767336667,0.07310969173908233,0.13089810824021697,0.08149002650752665,0.5167777572758495,0.6319386405404657,50.42580932378769,30.655740536749363,12.206696631386876,125.37308774795383,3846.0877262987196,6.811480067670345,combined,0.001099390210956335,0.2737958698254078,0.6194426881149412,0.004317228498309851,5,0.013249273024499415,0.023563770838081838,5,5,0.0028353721015155317,0.0029762193746864793,174.0524474,169782064,0.8753928475,29930058.43,790965382,297263074.4,0.001
dec5fbcea9,True,0,1627.9651637077332,0.5996594347059727,0.20361154546961188,0.08293060113675892,0.15100100934505464,0.051630358397960666,0.5107164429035037,0.6469178459607066,55.3363517858088,28.65553142502904,17.110255362465978,147.3301698025316,2781.968875322491,0.23467495292425156,combined,0.001568111528083682,0.32150261611677705,0.6895531775429845,0.006971764498949051,4,0.009080102731939405,0.04424007467925549,3,10,0.008567052887752651,0.0034462082926183936,101.4457742,145337152,0.3803223564,20924754.54,134668696.7,34255745.01,0.001
df514265ca,True,0,1943.142516374588,0.7228938564658165,0.18587161602452396,0.07022985303774476,0.13318444676697255,0.14849446704611186,0.6922293775714934,0.6005985634867101,44.33387018740177,20.692481622099876,9.772216776385903,130.3456742959097,2816.555663011968,15.263073466718197,combined,0.003931104703154415,0.30152696228586134,0.7385740974918008,0.005279768271744252,8,0.002580289717298001,0.01723622005432844,5,7,0.008447312851436437,0.013211694704368709,283.9624647,1237108992,1.732318952,171283148.1,364242432.8,122089440.8,0.001
df72c870ff,True,0,4661.180021286011,0.8068124649114907,0.23922351498156788,0.0794830794353038,0.15187069047242405,0.17808715575374667,0.6272703347727656,0.5534372076392173,54.939743150025606,34.71194088459015,13.489052563905716,77.91319727618247,3715.417256113142,1.4461443647742271,combined,0.001987265538983047,0.2623037351388484,0.5700181744992734,0.0028749240837991235,13,0.006375444574747235,0.013956538401544094,7,5,0.007242552860639989,0.001443588713183999,295.2318933,159035856,0.3179248216,25360925.25,1150101060,567209739.7,0.001
dfd3dba84d,True,0,4974.910554885864,0.6431927065365016,0.20452578619122505,0.06596615569666028,0.18069629520177843,0.1796985629480332,0.5268878656439483,0.5994404366239905,56.60275176167488,37.56358379498124,15.392539037391543,164.5388442343101,3622.2789981402457,2.735627233982086,combined,0.002186752120219171,0.2780813572928309,0.7221814071759581,0.003405261728912592,4,0.013095616734120994,0.04283748082816601,5,8,0.015773735837079583,0.0096651764344424,569.8100838,1772606336,2.168575489,83239900.5,411720682.6,330390324,0.001
dff23f6b99,True,0,2609.643884897232,0.7578862771391869,0.27932127539068463,0.0734159950632602,0.17610095739364626,0.129123252350837,0.618499209638685,0.5495762781240046,47.04280933365226,20.53553480654955,15.290616184473038,139.89081740099937,3895.0863177888095,10.108304649591446,combined,0.004746363696921617,0.3177501855790615,0.627647409401834,0.007918903256207704,4,0.013704505920410155,0.041679440923035146,9,5,0.00818184428382665,0.0017352007050067185,772.1176041,598190080,1.025893532,49033204.57,607191596.7,397101242.2,0.001
dff3595f35,True,0,6371.399927854538,0.7841089321300387,0.2337306164391339,0.08288767822086811,0.13485537711530926,0.07439598292112351,0.5309996030759065,0.5985114976763726,54.10857567563653,37.3759856633842,14.255613232031465,138.0635499097407,2863.51152183488,-2.8141807466745377,combined,0.0005439799279905855,0.3401351766008883,0.5521852647885681,0.007680212389677763,13,0.0019595937905833127,0.04195318464189768,7,8,0.013093744720332324,0.004035357877612113,129.5641444,333187840,0.3268591602,37713135.66,172934166.6,112168862.8,0.001
e04161ba54,True,0,10369.37583565712,0.6749938609078526,0.2288422584719956,0.08200866292230785,0.17434123922139405,0.07975999093614519,0.46877972953952846,0.5537578275892884,46.9872959330678,27.62070346623659,15.98293468169868,83.17987133469433,2779.8716058023274,5.5896686390042305,combined,0.0035101220664568245,0.33949881651438774,0.6195721643045545,0.005824066070467234,13,0.012915142079349606,0.028631086125969887,11,9,0.015431778808124363,0.0012254058625549079,184.4582091,117542584,0.04610189259,11379270.49,322595140.6,55922417.71,0.001
e046be8364,True,0,4318.928827524185,0.6428226832300424,0.23074541019275785,0.07199538736604154,0.13160230834037068,0.160943215014413,0.40833074986003337,0.5373429654631764,53.504392579197884,35.60635132715106,17.973840583115816,215.12622254248708,2563.386262394488,3.6807157397270203,combined,0.00464107118183747,0.2692280329670757,0.560152904689312,0.005175155260413886,7,0.005483715203125029,0.04640776369720698,9,6,0.009288476605899633,0.007682758757844566,234.6764927,399364384,0.3637338667,40217991.11,80591874.21,91378103.8,0.001
e05bd3e3b4,True,0,2314.411961555481,0.7494256625883281,0.2478595050238073,0.06630461314693092,0.1809807081706822,0.13691347530111672,0.3558002343866974,0.5760407107882202,40.234176218509674,30.61916947364807,0.8621822074055672,39.437848194502294,3060.9242762438953,1.2996184155344963,combined,0.0027600428582169115,0.20152324001304806,0.5806422391906381,0.0049420469224452975,5,0.01071505794301629,0.01242552775889635,3,11,0.01913792408257723,0.005186458194628357,298.4171874,58149016,0.05913875179,6408100.956,774534837.7,202842386.3,0.001
e154d4ddc6,True,0,6675.307375431061,0.7881712153553962,0.2130571472644806,0.08794735953211784,0.1380478819832206,0.09607427469454707,0.488590813614428,0.5434867192991077,43.40030847117305,28.233381919562817,6.3853878658264875,178.85364182386547,3130.137883592397,12.373349539935589,combined,0.004016984873265028,0.2886182658281177,0.6253725251182914,0.0037340608842670914,12,0.011211968519724905,0.03138134233653545,11,6,0.013495785960927606,0.002791197955608368,317.1729239,548033024,0.3120350102,45056510.46,353231752.7,127234797.7,0.001
e15617a622,True,0,4007.935648202896,0.8131282499060035,0.242260018941015,0.06542551123537123,0.10081986645236612,0.1176960982847959,0.5749631182290613,0.5911202551331372,40.10872144252062,25.1233390532434,3.571926763281226,103.44700797926635,2905.64095787704,1.9282133653759956,combined,0.0017959005714394151,0.2807402161695063,0.5609646409749985,0.006240072289854288,6,0.002473318548873067,0.03165594268590212,7,10,0.024185112438164652,0.0075484836865216485,323.7856449,298424608,0.3450078202,33000445.92,187385899.5,172380816.8,0.001
e2e11dbaf0,True,0,6394.030291557312,0.7532868972048163,0.20014161664992572,0.06110394026152789,0.17626254605129363,0.19605586347170179,0.6006090102717281,0.5041977650951595,51.45560193806887,35.877066012471914,2.6261868719011545,152.77722008060664,2806.577490642667,0.5467860475182533,combined,0.0024763444740325212,0.25356536857783796,0.5993803946301342,0.0015634350463747978,7,0.013278465885668993,0.029287530407309532,11,5,0.010802093101665378,0.004693231642246247,220.4719891,1031284288,0.9417043638,41393110.62,348418419.7,217359654,0.001
e31406349b,True,0,5500.943469285965,0.672479731682688,0.20686415687203408,0.07749075067229569,0.184321204200387,0.11212921468541028,0.42623548130504785,0.6012144241016358,57.03175615519285,39.36705345287919,10.026895724236965,89.30139750894159,3032.091128639877,14.096102975308895,combined,0.002104564403276891,0.31527921110391616,0.6056609496474267,0.007693737395107746,11,0.004755075182765722,0.04172252207994461,7,10,0.018586472397670147,0.005124005123972893,316.34554,62444476,0.05193305246,9452562.087,276473720.3,126070573.6,0.001
e34ab8e974,True,0,3025.808090686798,0.659343184158206,0.189366275370121,0.06870297783985733,0.16198551496490837,0.1418949644081295,0.5062895896378904,0.6400885351467878,40.03699330613017,20.964205749332905,15.425335010513663,201.47310810908675,2906.0888127423823,3.7931279689073563,combined,0.00459248322956264,0.2405702797975391,0.7474319707602263,0.003551604004949331,3,0.011125212955288588,0.034304145574569705,9,5,0.015469738896936178,0.008478088105097412,405.8588536,1409614208,1.249331562,51965349.71,265104529.2,110121202.5,0.001
e34e3d92fc,True,0,10034.219913005829,0.7540843369439244,0.2322827871143818,0.060132635235786436,0.19432959062978628,0.06656426088884473,0.5854255605489015,0.6087498743552715,59.405456464737654,25.674922987818718,17.590078013017774,44.46276533510536,3714.0791565179825,-2.974593073129654,combined,0.0013954616237431764,0.3169885332323611,0.607599924877286,0.005886823659390211,10,0.008277449018787592,0.04589872371405363,9,10,0.02030135962925851,0.013437205005437134,1211.927717,57702636,0.03216889728,3519581.994,504012508.9,180515721.6,0.001
e3810795b9,True,0,2551.8601212501526,0.8168767808936537,0.2637081131525338,0.07976515358313918,0.10266686864197255,0.15688845957629383,0.6462836513761431,0.5084142809268087,56.904358360916376,33.62238869071007,2.8025817777961493,95.3475586809218,3571.002797689289,-3.7216730415821075,combined,0.0038767863403074442,0.22855222419835625,0.5881712913513184,0.0022049261286854745,5,0.00994930066773668,0.020803388804197312,9,5,0.02286959403567016,0.013327503781765698,1153.507057,364123328,0.4644696958,21832073.15,525318962.6,429431319.4,0.001
e3da9211d7,True,0,3484.612248659134,0.551643876451999,0.20834677742794155,0.07021658931858837,0.14985003666952254,0.10621200818568469,0.3931722033768892,0.6107527618296444,51.793402656912804,27.592700384557247,13.363305643200874,77.1724824719131,3507.595823612064,13.888839699327946,combined,0.001854407417960465,0.34259675449691707,0.5595969708636404,0.00590117639452219,13,0.01107366572180763,0.04535541333258152,5,12,0.002748425955884159,0.009723866511136294,242.7512227,86295872,0.1358613204,15602031.1,230264404.2,110619799.1,0.001
e3dfa784aa,True,0,2468.1216423511505,0.7677880783565343,0.22059637878090144,0.06387133092619479,0.1526645046658814,0.12815208607353273,0.3870501950383186,0.6080981799867005,50.378831904381514,39.245306607335806,1.3675591684877872,102.75759772118181,3562.913223169744,9.81659023463726,combined,0.0041917758665978916,0.23140291593968867,0.7443646274507045,0.006931949446350337,9,0.008530160218477249,0.019313333854079247,5,10,0.015786477130837737,0.00280254078656435,489.0421556,67747208,0.1028892681,8261150.337,853876762.4,254908832,0.001
e471e82bc9,True,0,5403.0731954574585,0.6384043979458511,0.2571152332425118,0.06282530824653804,0.11746911136433483,0.17670765486545864,0.37861446356400846,0.5288858921267092,58.53250551968813,30.021269749850035,11.657568264752626,71.49444199353456,2524.5228349231184,14.284983955323696,combined,0.0004945839372463524,0.23773120735771952,0.7420959709212184,0.0017113606102764608,14,0.009577007072512059,0.02444350440055132,11,7,0.014233932107686996,0.004552710443735122,90.0485887,112846600,0.1960241385,8971379.489,160214604.6,110216213.1,0.001
e4cb440293,True,0,3242.583558320999,0.7340683898888528,0.23275050690397622,0.06355744874104857,0.12784553924575448,0.12185594756156208,0.6726806910242885,0.5797185983974487,51.28640120849013,32.612855695188046,15.424151318147779,71.79002886172384,3302.683090325445,8.02043130993843,combined,0.0030692524851299824,0.3292457047756761,0.5705202080309392,0.0068884717032313345,5,0.011504390025045722,0.03141860172152519,5,9,0.019435876116156575,0.0020048458352684975,291.3629064,225765424,0.2454197669,11185721.11,354345940.7,201261730.3,0.001
e4d2398318,True,0,3548.5787286758423,0.712154061626643,0.26520218878984453,0.07251295818015932,0.16819270001724362,0.12707719583995641,0.6793470538221299,0.5186896181665361,51.607976239174604,24.421349372714758,1.639018652960658,87.23174801375717,2921.536105684936,-3.5554249435663223,combined,0.004783341696299613,0.2586544909141958,0.6466239767149091,0.003993910028040409,8,0.003611655715852976,0.026936122700572017,7,7,0.009951331692747771,0.0039271519109606735,326.2157251,481907136,0.2509488277,23351638.97,391239927.3,149518108.2,0.001
e50a72bde5,True,0,12199.706382513046,0.6325317719951272,0.25319542514160276,0.07539336760528385,0.1647383109666407,0.15278746034018698,0.6416191300842911,0.5100429662968964,58.390364311635494,37.59342409670353,13.794606378301978,64.45605771709234,3979.4515604153275,14.984266646206379,combined,0.0014856441026553512,0.3141827439982444,0.7380383381620049,0.0030758636564016343,10,0.0024900809805840254,0.012458554655313491,11,12,0.021680962335318327,0.014969546042382716,1639.411037,1653062912,0.8849540194,75825836.12,1356683832,477011137.4,0.001
e51197eda9,True,0,8751.953214883804,0.849251390993595,0.2582633686438203,0.08409950106404722,0.18559710048139097,0.09062340138480068,0.5552226745523512,0.6484230702277274,56.54671238735318,35.96813244745135,5.817498218268156,38.52160790283233,2919.969551730901,3.8301993384957314,combined,0.003026289763301611,0.3100128154549747,0.5840100226923823,0.004753828631341457,5,0.014419456402771175,0.03265028186142445,7,8,0.017220746824517845,0.01319333587400615,555.4886648,14157235,0.03106430157,1537073.612,423267337.1,147825629.8,0.001
e58d1fa5f2,True,0,3518.2279007434845,0.752982559800148,0.2172846081852913,0.06793998987413942,0.1505147123709321,0.06185696073807777,0.39515346586704253,0.5290087852161378,43.26698711141944,25.30818609520793,9.657555341720581,138.85816620662808,3496.925008483231,6.688736237585545,combined,0.0011482605461962522,0.23334549504332242,0.681770701520145,0.004606163939088583,7,0.0033860415830276906,0.015668608397245407,5,6,0.02048516929615289,0.012740290794521568,551.0912738,441862752,1.118547127,103085608.6,868943991.9,127538670.6,0.001
e5db6fa9cc,True,0,4044.2182247638702,0.6500729654915631,0.24365879764780404,0.07611391031183302,0.11884549595415593,0.07998785478994251,0.6889553426299244,0.5798266643192619,53.62660638988018,24.947311002761126,5.785789394751191,206.4215885270387,2860.643601976335,13.145185738801956,combined,0.003909443112555892,0.2732507515512407,0.6314611552283168,0.0026833393052220346,7,0.0060272886729799205,0.024959885254502295,11,3,0.015716591535136104,0.013382558094337582,503.7059244,325836288,0.3317131911,30185665.32,242383689.2,55500619.22,0.001
e607a220ef,True,0,3414.4838151931763,0.6068309533409775,0.22514039075002074,0.07205340483225882,0.16255234414711595,0.10730004529468716,0.435486837150529,0.5724065357819199,49.80904124677181,22.38889029249549,17.064672192558646,125.40140820667148,3397.6755454204977,-6.755589909851551,combined,0.001278110381681472,0.32988534661941227,0.6011885490268469,0.005257104369997979,5,0.007272431901656091,0.017915683649480343,7,8,0.006035837249830365,0.0028457115869969128,152.4774714,64126824,0.3917361708,21076766.4,701857980,168168455.9,0.001
e65155c54d,True,0,5941.804153442383,0.7882854246534408,0.24708994209766388,0.0713471632450819,0.1343463477678597,0.11461621364578606,0.35290084979496894,0.5570452012121677,51.894582603126764,20.405488945543766,10.17478265427053,79.03511471487582,3080.631780438125,14.841312192380428,combined,0.0006853989688679576,0.3272146857343614,0.5813710834831,0.0023526599280536175,7,0.0060205038450658315,0.044039700999856,7,6,0.02024930807482451,0.0022545355949550863,115.9908263,169489936,0.3697110336,22986413.77,195038550.6,218208502.6,0.001
e6f63c5306,True,0,4328.929423093796,0.5973556060343981,0.23868595317006114,0.06482214809395373,0.16249535400420428,0.13882304299622777,0.6639688621275126,0.5096585561521352,46.2178111448884,22.206943593919277,17.504725327715278,158.6926394496113,3741.9602456502616,10.177014149725437,combined,0.0005885760211385787,0.2957063413597643,0.6400896007195115,0.0034956180483102796,13,0.008011108806822449,0.026427999213337897,3,10,0.013201804394833743,0.01154617599584162,350.5789255,216037152,2.870946301,53017164.58,703037519.3,290754372.9,0.001
e75df335f3,True,0,5084.650949239731,0.7731718362309039,0.19641572639346122,0.06043285301886499,0.13388538211584092,0.10919261407107116,0.5549657916650176,0.5926996074151247,56.85045853257179,21.667634062469006,12.594842484220862,118.42533346638083,3939.2183497548103,-0.5423794388771057,combined,0.004752689956035465,0.20704866918735204,0.6810596505180001,0.0010593925714492798,10,0.009529906719457358,0.01678889900445938,9,9,0.005087577011436225,0.006172560537233948,688.3466837,713424384,1.202379367,26344242.47,1077456751,274036634.6,0.001
e7bd397106,True,0,7741.883537054062,0.7666735749691724,0.2317747393809259,0.06907017024233937,0.16228680703788997,0.1753053381573409,0.6877801208756864,0.6168329875450581,56.72043425962329,28.39210344478488,0.9691189974546432,109.67922369018197,3469.6453544311225,2.1698077991604805,combined,0.0005013256116770208,0.334678812995553,0.5561835765838623,0.005699219654500484,4,0.011827762089204042,0.020961285047233106,11,6,0.018026903209276496,0.005936076564714312,417.5136623,232096544,4.62287907,61435120.18,797045678,448334925.9,0.001
e8645d49f3,True,0,4594.61395072937,0.6269685897044838,0.1838728049956262,0.06554282273165882,0.12631528144702317,0.11558237592689694,0.43338923165574667,0.5164219446945936,40.92447256669402,28.62738350406289,12.23624674603343,149.81251086760312,3555.652208160609,-3.6545838192105293,combined,0.0038136211684904994,0.3193796570505947,0.731167952902615,0.007007154094427824,4,0.013431399060878903,0.022242176458239556,9,9,0.02111879859864712,0.0110149809718132,880.6849849,559639232,0.1995532492,15630722.98,530262769.2,144913821.9,0.001
e87094eb19,True,0,3355.1698348522186,0.5674502775073051,0.2489322851598263,0.08136671517044305,0.10053837327286602,0.0596394366119057,0.37851409893482924,0.6478852547705174,48.40355023741722,33.8392972946167,10.649467332288623,40.4390484476462,3366.890978999436,4.443527020514011,combined,0.0019250539612025023,0.2267017697263509,0.7060174020007253,0.0027543027505278588,9,0.0054952202453278,0.01853270046412945,9,9,0.019091821771115063,0.008612749194726347,454.1564815,445293920,0.2525584685,28079966.7,359655364,86331438.18,0.001
e8e11ce552,True,0,3518.576298713684,0.836411318089813,0.24562090339139106,0.0689667119923979,0.10218835528939962,0.18291089688427747,0.5668105305172503,0.5108352433424443,53.47056683152914,39.078045170754194,11.875614004209638,139.54950689524412,3030.1256477832794,-0.9440225809812546,combined,0.003470781858637929,0.27201110781170423,0.6237643947824836,0.005194358804076911,10,0.011039804081898183,0.03332312908023596,7,5,0.016566789030097423,0.008103909423574805,409.9418801,303796096,0.2545933922,17966690.86,202097137.5,285755443.5,0.001
e92b72bb49,True,0,8009.326348781586,0.7422125521115959,0.2403932097554207,0.0647358441632241,0.12598781604319811,0.07278369842097164,0.6037903909105807,0.5307396392803639,57.317489590495825,20.728312879800797,8.485645333305001,51.21073198039085,2992.7396648563445,-2.008558750152588,combined,0.0019956386018544436,0.2452234710007906,0.5724415240809322,0.0013438895061612128,4,0.009468809019774198,0.03311799366027117,11,11,0.02385539970640093,0.006570871751755475,412.131875,42052704,0.153128075,4102566.772,245831628.2,102164199.5,0.001
e94c27b712,True,0,7186.845874786377,0.7940226406790316,0.22208044772967697,0.08664841049350798,0.11819336079061032,0.15343377045355738,0.4201135564129799,0.599474475812167,55.63855716958642,27.547972202301025,2.524587493389845,63.716295193880796,2900.6005353294313,9.695729047060013,combined,0.004506210571993142,0.25571560590527953,0.6904270181432366,0.00514465469494462,11,0.002205798814538866,0.012945915013551712,11,8,0.005749142546206712,0.014349163617938757,441.1996878,63440664,0.06755626828,12306076.75,423058106.1,185584673.4,0.001
e95ac92697,True,0,5873.843873023987,0.6732637237757444,0.23429794285446406,0.07237708644010127,0.11441835509613157,0.13855680651031438,0.5264798301737755,0.5518124924972654,59.390674997121096,33.227776791900396,14.839593652635813,124.82119661569595,3117.6563636399806,12.500349253416061,combined,0.0036739871125668288,0.21946628854610026,0.6931791875511408,0.004542760065197945,13,0.014700605602003633,0.030573047846555713,11,12,0.008061181541532278,0.007482947450131177,385.9474603,277710752,0.1686267091,15819043.26,246400723.7,132979603.2,0.001
e987d5889f,True,0,4583.12119269371,0.7734297624789178,0.2215157993324101,0.0855080577917397,0.19932682598009707,0.07222259021364152,0.4721925060264766,0.5207013428211212,42.20254357904196,27.35158547759056,6.472895119339228,185.09844999667257,2924.3242032825947,2.067815214395523,combined,0.0033609127277508376,0.2247948680166155,0.5992389312013984,0.004890633642673493,7,0.013615570160094648,0.02020869355648756,7,7,0.01052404905576259,0.008705184828490017,344.1037227,705334720,0.3467915084,33355667.63,627158405,89633205.1,0.001
e99e5cafd8,True,0,3109.4801619052887,0.623052843939513,0.20682509496808052,0.07447182599455118,0.11793619226664305,0.1739201996009797,0.5292308038566261,0.620781070413068,52.722452115267515,31.263893004506826,9.447905201464891,141.39930355362594,3358.929429668933,-0.3489025831222534,combined,0.0046491110816597936,0.28883608043193815,0.6453248567879201,0.001655479393899441,3,0.005973449005745351,0.03731961991637945,7,9,0.010751911549828946,0.00146899051964283,316.3806113,698175744,0.6614910763,53666887.34,227788191.6,208669599,0.001
e9f79acfc6,True,0,6057.471439838409,0.645758611895144,0.2592342712171376,0.07212473781779408,0.16521461633965373,0.19755877112038434,0.5515607108362018,0.5076227202545851,52.454188261181116,34.63776355609298,5.2774286437779665,47.527333908714354,2598.496536258608,5.8557567819952965,combined,0.0011619329032488167,0.1863183764833957,0.6734390612691641,0.007919906107336283,6,0.0018213914120569826,0.04497848626226187,5,11,0.015062828280963003,0.009749536493793128,204.6524047,2084128384,0.4024884689,65177050.76,120710974.2,166705121.4,0.001
ea4e5dae6b,True,0,2086.720132112503,0.7684014140628278,0.23698975445702675,0.08851755584590137,0.1111011827364564,0.06906231069006026,0.6301697297953068,0.6099704156629742,42.931516990065575,24.886559583246708,2.4737011771649122,37.382295571267605,3928.5306381061673,14.905921153724194,combined,0.004025046685431153,0.26909307450056075,0.5675811095163227,0.007485740575194359,9,0.010330866089556365,0.042351830005645755,5,8,0.009144629258662463,0.005505150819197296,618.8850596,49549024,0.03337033133,2575578.396,322774011.6,145472692.7,0.001
ea91ab6770,True,0,6440.2490973472595,0.7906249649822712,0.1963789376616478,0.08234793780371547,0.1455896050669253,0.11740207104012372,0.4296143631916493,0.605328757269308,58.204365614801645,34.41711874678731,7.695256255567074,72.82006855867803,2596.5309659950435,-3.1975466459989548,combined,0.004413430920056999,0.22830010186880825,0.6557293647900224,0.004963027831912041,4,0.00905559464218095,0.03025295972824097,9,7,0.014564867217093706,0.005672937471419572,257.7855576,49713628,0.03339816314,3534171.649,224484818.6,99285893.59,0.001
eab0df5530,True,0,2207.4947485923767,0.7115405828692019,0.19722399806603788,0.08163138158619404,0.12037918735295534,0.07249182392843068,0.4034123174846172,0.516533282911405,44.20215807855129,38.773387260735035,2.747171077877283,121.66758127510548,2507.9456055536866,1.4892164394259453,combined,0.0046544607444666325,0.3056323568336665,0.6671024594455958,0.0027756613753736016,8,0.0020369250574149194,0.03389888495206833,7,4,0.014799485025927425,0.004886838624253868,161.8710698,221450320,0.1534579714,26155145.71,127650135.1,40282627.61,0.001
eafdcfee6c,True,0,2895.8725430965424,0.7760203220881522,0.2281541955843568,0.08124179801903665,0.109039353299886,0.14948969217948616,0.5706071182154119,0.514293140778318,52.47829582542181,22.066832780838013,5.600298481062055,33.451240359805524,3692.8742937743664,10.824931263923645,combined,0.0033568652604706586,0.26572980483062564,0.6604441585019231,0.0071193775385618215,11,0.008555362090934068,0.04613439470529557,5,5,0.0027207550797611474,0.010495200177654623,468.1320543,21515676,0.06827185518,4440544.825,215617575.5,357229766.7,0.001
eb0cdb62d3,True,0,3547.8099279403687,0.6789871130138636,0.27151699310168625,0.08573301773518324,0.11175523679703475,0.1782280628103763,0.466423611016944,0.644097837759182,57.161781061440706,30.76852284371853,3.4065259974449873,138.82918448653072,2559.038816485554,10.77601782977581,combined,0.0031315226125530897,0.18788593391887842,0.7305340612307191,0.0031085098415613173,3,0.00688648446276784,0.035987683944404124,9,6,0.005650611895136535,0.00536090987548232,144.3054107,155133792,0.4087830861,28155207.24,105473768.4,143815080.5,0.001
eb7a6d4d6d,True,0,9620.402909994125,0.7252425358630716,0.23513618560507896,0.07607523936778307,0.14674587324261668,0.15625560758635404,0.6158572777174413,0.5709936114959419,45.48736862838268,34.172259252518415,8.384589973837137,123.17701324168593,2906.6592934541404,-2.6802944391965866,combined,0.0012035208596847952,0.20260538679547607,0.6235755573958159,0.0025006503410637377,4,0.012390126281417906,0.02844422522932291,9,6,0.0026316158901900054,0.009575408976525066,125.0844569,186589664,0.5003849949,12469969.34,314365443.9,214886158,0.001
ebeb221892,True,0,2612.3851068019867,0.7322628131136298,0.19622266918420792,0.0694394868146628,0.15566948456689716,0.16864618095569314,0.5453450406435877,0.6226751715410501,51.395671889185905,37.44215069338679,7.151420909911394,49.47667869832367,3766.3997169584036,4.8512251153588295,combined,0.002331378233525902,0.20185671787708998,0.6956530036404729,0.004384438413381576,10,0.013637844757642596,0.04566416319459677,5,6,0.009383680173195899,0.0022323578484356402,352.3210497,43747256,0.07721034952,6197557.444,380155765.8,376307277.8,0.001
ec1e9907cc,True,0,2486.0382680892944,0.5668056323193014,0.1859918244369328,0.08658753630705178,0.16213860670104624,0.11591445072554053,0.611220700899139,0.5623505473602564,41.54543496668339,31.735269613564014,12.53313596919179,91.6491312617436,2726.5807003714144,4.996209062635899,combined,0.004159260018821806,0.23560696950182317,0.5680947352200747,0.004465309429168701,14,0.013084047268610448,0.012139546014368535,5,7,0.012639534220099448,0.007095148565247654,222.0542268,53364396,0.09151270286,8176313.043,402816234.4,46457062.24,0.001
ec41f0a4b5,True,0,6615.999333620071,0.6071919213980437,0.25995386067777876,0.06590974017977715,0.12434340519830585,0.0510419458616525,0.554118724912405,0.6392327422741801,40.45610427856445,24.492597300559282,15.185531090945005,60.93352946266532,2760.294996201992,-7.6845565512776375,combined,0.0038239417554810644,0.34226649284362787,0.6633787939324975,0.003312739981710911,7,0.014848033488728105,0.011486570835113525,7,6,0.022549946030601856,0.011800798917189239,377.4089293,8366450.5,0.005880379456,1558994.649,328381005.7,28918579.08,0.001
ec765ce9f5,True,0,9915.040121078491,0.6880579206161201,0.23822896780446173,0.06147291664034128,0.19730548085644842,0.10865764440968634,0.6340111615136266,0.6004848407581449,59.03294900432229,35.891552940011024,11.701110122725368,62.97511758748442,3390.939451288432,4.864768840372562,combined,0.004438514920230955,0.29802643970586357,0.6844464743509888,0.0023877699971199037,13,0.010706758589018137,0.02351111598312855,11,6,0.0022101589888334273,0.0049972971510142085,463.6446605,380255392,0.1140365054,9233188.488,809781337.8,172172842.2,0.001
ecbfebba17,True,0,2943.7577555179596,0.6034809653647244,0.2358490854687989,0.07309364612214267,0.1392442246899009,0.1638405926525593,0.5636196881532669,0.6450754575431348,42.89029613137245,37.62402296066284,10.788291446864605,68.7694400306791,3204.8523370176554,5.185647942125797,combined,0.003731440012995154,0.3173922629933804,0.6796560699120164,0.0032514112792909142,11,0.008209381054155529,0.034184256345033644,7,9,0.008365626832470299,0.0065191539693623774,348.8356145,126378272,0.1268472738,13629186.97,272666704.8,175150109.3,0.001
ece0329e54,True,0,5369.531650543213,0.623310771305114,0.1819255076535046,0.0789132081437856,0.1519827029667795,0.13647406771779064,0.4587915749754756,0.5675374829210341,48.224544543772936,37.14253718033433,7.414053177461028,175.64972939062864,2777.504399884492,3.010873645544052,combined,0.0036939088516868652,0.3129246057011187,0.7271581668406725,0.004572494243085384,13,0.0036716672591865064,0.040780920535326004,5,5,0.004680024275556207,0.012970372347161172,216.3987687,391364032,0.9844910261,101633331.1,159763923.7,85951471.54,0.001
ececcfd33c,True,0,3522.5609884262085,0.6692222899757325,0.2461320104263723,0.08367395759560167,0.11650218684226275,0.17232942474074664,0.3601329521741718,0.585011295415461,56.63255350664258,28.909247629344463,9.634758241474628,61.767223639413714,2807.524067349732,-5.152660988271236,combined,0.003502688669320196,0.1959253549017012,0.6731911746785044,0.002783574703335762,7,0.010325862759724259,0.03358420815318823,11,4,0.023838937278836965,0.005811594409868121,334.3259723,59088588,0.0354019711,4283223.185,161732815.2,145693067.7,0.001
ed5fe46f5c,True,0,3709.0539331436157,0.6802804482169449,0.183586926497519,0.08155962715856731,0.1030053430236876,0.13110688938759268,0.6031930176075548,0.5814190169330686,50.73956312611699,21.634045094251633,3.2897504959255457,132.09581470116973,2652.5355614721775,-5.542549483478069,combined,0.0015340422194451094,0.2958105420600623,0.5689155103638769,0.0018725974611937999,10,0.003223044428508729,0.04436414681375027,7,10,0.0023327024010941387,0.00390046982653439,60.73346075,419565504,0.2638545238,35659306.94,71589945.99,99822780.21,0.001
ed6c0bca58,True,0,13679.381410360336,0.6201099887490273,0.19896344115957618,0.07397884134203195,0.1578300182707608,0.11319882641546429,0.49873244552873075,0.5184059246908873,48.96497778594494,37.91395576670766,5.328178703784943,73.86143053788692,3480.6346148252487,12.565754294395447,combined,0.0003193188213743269,0.3484615718014538,0.5962870679795742,0.004707169231772423,8,0.010573602941818534,0.010319469384849072,11,11,0.024223000147379936,0.004145761381834746,343.2378489,200369232,0.8569850533,36788035.15,918302752.1,186995602.5,0.001
ed77734d7e,True,0,4818.351988792419,0.8433340257965027,0.23658948589116335,0.06950737226754426,0.15325134554877878,0.0971013252157718,0.3979153084568679,0.5983209717087448,49.00236139073968,29.57416070625186,15.471389427781105,127.35944316722453,2979.6150056645274,-5.787701420485973,combined,0.002449270179960877,0.3133924099989235,0.6296215983107687,0.0015924578554928303,9,0.00894980515865609,0.011439142487943173,9,5,0.023528907941654326,0.010226173646748066,513.791051,167205120,0.1238024038,16901595.22,672747972.1,150819125.6,0.001
ed874e3c16,True,0,4456.8936495780945,0.5535376660525799,0.19162032652646302,0.06598172315396368,0.1330009397119284,0.18730448153801266,0.6685241532512008,0.5730563780292869,53.66523148491979,29.963864479213953,8.984405469149351,193.13680557440966,2878.2249679788947,0.03712301701307297,combined,0.0038346893661655485,0.34058304970152675,0.65460594445467,0.00391287168264389,9,0.010615691440645605,0.010201742127537728,11,12,0.014313620972447098,0.004819364121183753,293.1091931,328289504,0.4731137015,30029501.26,396154404.2,104199341.9,0.001
ed8be49bfd,True,0,2875.738850593567,0.6226075885817409,0.19295085223391653,0.07279342588037252,0.17644625129178168,0.1595911457203329,0.5768237242475152,0.6219962299801409,40.87485043331981,34.72089845687151,14.652759220451117,90.16490422654897,2891.6842956095934,15.128205247223377,combined,0.00242581745442003,0.20662232303991912,0.6090279195457697,0.007403786107897758,11,0.006983296978287399,0.023196971379220485,3,10,0.01774095280095935,0.012871214028447864,331.1602577,83436208,0.109866775,13008105.8,404191652.1,118958993.7,0.001
ed9bde3df6,True,0,5119.2924745082855,0.6609028934501112,0.19194456731900572,0.06266452800482511,0.11977169988676906,0.06514672948978842,0.616456151753664,0.6169936441816389,41.47570591419935,33.19315193220973,2.344906512647867,43.16644748300314,2567.1833930537105,-5.24589229375124,combined,0.0011510212651453912,0.3382730334810913,0.6208088204264641,0.0010533643871545792,9,0.007891242679674178,0.01969831056892872,5,7,0.024278029225766662,0.012161642717197538,205.7624348,108881384,0.3316524811,11227184.13,210445290.8,30723673.46,0.001
edabb4ecae,True,0,11178.104348421097,0.8089984937570989,0.2324171829223633,0.08204772119410336,0.1825947904959321,0.05602594800293446,0.3553187330719083,0.5869712178129702,55.52987236529589,37.925135400146246,2.5648910365998745,93.7958435760811,2751.450106035918,-1.1390058547258377,combined,0.001055143660400063,0.2957373747695237,0.6321733746677637,0.001977806171029806,5,0.009490663495380431,0.02237115304917097,9,3,0.01082300559990108,0.013717323714867231,245.0071462,101664640,0.2003714849,11127929.24,463467656.3,81674019.01,0.001
ee0dcb9dce,True,0,4299.7837471961975,0.7880038144998253,0.2577874307706952,0.06497999249026179,0.10840915758162738,0.12690405072644356,0.5527954957913607,0.5515333566814661,42.749289348721504,31.091482304036617,4.268996726721525,202.42839980591089,3984.9612787365913,-3.113137997686863,combined,0.001700145388673991,0.3308323485869914,0.6997856747359037,0.0056169416323304175,7,0.010419071027543395,0.031082399487495423,9,6,0.011284981880336999,0.008209745248779654,626.8780077,416731488,1.160627025,60825176.37,533434949.7,481331527.9,0.001
ee2f04d6af,True,0,3379.8207955360413,0.663135379832238,0.2183941908366978,0.07717096455395221,0.10534201515838504,0.054937035543844104,0.4422196103259921,0.6255759367253632,49.73809149116278,22.53741528838873,6.878773307427764,63.34628812689334,3560.0022692233324,6.486866928637028,combined,0.003993119078595192,0.24133841554634272,0.5594195924699307,0.0013952212870121002,7,0.012465247755870223,0.010162255018949509,9,8,0.017582732031121852,0.008146430684253574,659.4383358,224341616,0.1232936926,15072789.76,656723919.2,57751419.92,0.001
ee467fd289,True,0,9693.798622846603,0.671039898134768,0.26154493635520343,0.06733229281380772,0.19191272677853705,0.16772966678254309,0.5834556523244827,0.6285903521347791,52.193912621587515,33.683641236275434,0.835691537708044,154.31639446038753,3980.869343969971,-1.8163666501641273,combined,0.0013072577252984047,0.2275991454068571,0.5713742107152939,0.005115468224138022,14,0.004844011521432549,0.020144259557127953,9,11,0.01661768071167171,0.012101035809144376,1126.180128,447715648,0.5798763354,41691997.41,1358232680,507486424.7,0.001
ee71968160,True,0,5151.313440799713,0.605190502293408,0.24077666496858002,0.08455265941098332,0.19039319213479758,0.08228944493457677,0.5794961258769035,0.5816369830165058,56.835506316274405,34.09702280536294,12.904803385958076,132.53369867242873,2775.263397488743,-6.073847211897373,combined,0.002557432424183935,0.28633810128085313,0.6911116261035204,0.0013817929215729236,5,0.0029549372904002667,0.01311323519796133,9,7,0.018822225595824423,0.006949142610654234,282.8854134,230061504,0.2433268929,21591355.55,530540123.9,76870638.15,0.001
ee7709d51c,True,0,4215.230264425278,0.709776150342077,0.22387279516085984,0.07503499807789922,0.17030976777896284,0.0633775340858847,0.4823446293827146,0.6436350797303021,42.44557663798332,25.811201110482216,2.0311569068580866,71.41908467095345,3461.4935889840126,9.378125101327896,combined,0.003799144611787051,0.18886799660511314,0.6955992797389626,0.0076949599727988245,9,0.013144179021008312,0.04474942870438099,7,7,0.01181200254894793,0.012916172631084917,736.8397359,152863200,0.1038915445,7868977.622,338830738.5,72819789.28,0.001
ee8420d24d,True,0,3751.978280544281,0.6339968828484416,0.2345961237512529,0.0882622900698334,0.13750816537067295,0.11716834041289986,0.3566336533986032,0.6210679118521512,49.57563927397132,36.5492282435298,5.8892242927104235,156.31892915908247,3667.7456526085734,14.384286865592003,combined,0.0016873068562708795,0.22575924043543635,0.6067133624106646,0.004386218783259392,8,0.004492503633722663,0.013455358892679214,5,9,0.01530025567766279,0.014378697043284771,586.8846511,1.491671347e+10,1.78387257,253765645.8,849513316.4,232155185.6,0.001
eed1daabac,True,0,2114.0745804309845,0.6283219035714865,0.19723715206608175,0.08660309655591845,0.10233961017802358,0.09186107949353756,0.6433218442369252,0.6121744126547128,48.252499643713236,20.73728445917368,1.6222681906074286,116.8904441492632,3775.479662232101,8.274985954165459,combined,0.0024382426988333464,0.2131190353538841,0.6114514531567693,0.005760307011753321,6,0.010601122192572802,0.04481631238013506,7,3,0.01117972652427852,0.010888252163305877,523.8651858,1252744320,2.507051907,75724213.08,182904440.4,142751131.5,0.001
ef9c6c2cc1,True,0,7736.9436230659485,0.7278889245353639,0.20950856611132623,0.0648105745576322,0.11589002208784223,0.17037436133250594,0.618092806590721,0.596842743176967,49.26432628184557,26.199428662657738,14.664729634299874,149.46389455534518,2833.8140728883445,1.8493515253067017,combined,0.0009458476821891963,0.24886290383525192,0.5564546976238489,0.0018317338526248933,12,0.011987284307833761,0.034256335757672784,7,6,0.016281669348478318,0.013552680440247059,271.6377818,249836016,0.676135826,35424517.54,173389406.2,170549514.7,0.001
efcc84e13c,True,0,11257.486706018448,0.6450687376782298,0.27002353940159085,0.0890363931376487,0.12983546601608398,0.10054936734959484,0.6257242301478981,0.5789822477847337,58.713312186300755,29.439715463668108,0.5719092730432749,79.74208134133369,2801.4554786495864,2.5587953850626945,combined,0.0009324939426966011,0.24167189341038464,0.6635554119944572,0.00780645871758461,14,0.008644516933243722,0.046687013134360314,9,5,0.007895674637518824,0.01284855718165636,209.2234846,28294752,0.06852808543,5625977.204,103859596,105299888.5,0.001
efe9ccdcb2,True,0,4595.109379529953,0.5505990428850055,0.2720754392631352,0.08640919807367026,0.18076485497877004,0.09672028836794198,0.4362162811681628,0.5746997321490198,41.22760597616434,34.32215370237827,5.597089787945151,232.65899184718728,2536.047567613423,-5.00954432785511,combined,0.004294899611175061,0.21889031735248862,0.634121254645288,0.003306562364846468,9,0.009039750393480062,0.04841629639267922,11,9,0.01062240388803184,0.0040219778828322885,193.7532601,762744128,0.41258572,56356830.68,93225040.03,49880728.45,0.001
f1310cfdec,True,0,9604.749810695648,0.7342392150312662,0.1880200326628983,0.08559006281197071,0.1201794837601483,0.15737214987166226,0.3897261418402195,0.5877657509874552,51.9341205060482,25.462182573974133,13.305287182331085,92.50530994217843,2676.332379691303,-1.2900049686431885,combined,0.0006100740132853389,0.28628408496268093,0.7043208526447415,0.0015712649978697302,9,0.010609318398870526,0.031122081354260443,7,9,0.021651510244235395,0.010695670647546649,233.6509876,55044260,0.1716598977,10824977.95,175021316.5,134476339.8,0.001
f1915ecca7,True,0,3973.022387742996,0.6562415016815066,0.2014654341340065,0.06402184752747417,0.10494656385853887,0.13542255978100004,0.4961647490505129,0.6499736035708339,58.163759876042604,28.09086149558425,15.130665449425578,34.60190326720476,3414.051400963217,-0.8954810798168182,combined,0.002944824597798288,0.18031022786162793,0.5907231910154224,0.0021107372008264064,4,0.006089858000166714,0.04317638948559761,9,6,0.013726638874039054,0.006467043962329625,397.0323391,81973168,0.05175047389,2634681.357,161181490.5,195146903.1,0.001
f1f278a56f,True,0,4150.031062841415,0.7371054414659739,0.2371858142502606,0.07879613122902811,0.1766965330578387,0.1343397398479283,0.645183785399422,0.6434225523844361,47.80982717871666,39.108495619148016,17.278082337230444,130.15050801169127,3802.5384014472365,-3.23770047724247,combined,0.0018932378902100026,0.27461700006388123,0.558736533485353,0.005187094369530678,11,0.012949058436322956,0.01003904726356268,11,6,0.007746689752675593,0.0024485581405460834,367.1486697,213439408,0.4589625556,26841110.04,1529489224,361203983.8,0.001
f2fd26f76a,True,0,5964.51981139183,0.7749912104569375,0.22619392827153206,0.06696331822313369,0.18180331038311126,0.1002162266522646,0.637404356105253,0.5698033477179706,59.77893702685833,33.70789363980293,9.620039217174053,61.02474695350975,2973.9460730925202,5.865650556981564,combined,0.003260246137809008,0.2814816181361675,0.6566176746040583,0.006034827885776759,6,0.005647314006462694,0.027170692756772044,9,11,0.019350096419453622,0.011521128706634045,657.332474,316195840,0.2004792989,17255693.9,481833305.8,142098832.4,0.001
f2fdf1e065,True,0,8590.62768292427,0.8270824529230594,0.20590032387524843,0.060407010773196816,0.12276087077334524,0.062030141334980735,0.4453108935151249,0.5712394332978874,52.37933188676834,39.26717299968004,11.435560869053006,145.71397423557937,2598.0431605130434,4.74076721072197,combined,0.00305889715179801,0.3108359334617853,0.6349575534462929,0.003433202501386404,8,0.010090974222868681,0.04231334991753102,11,7,0.023778517087921502,0.0063043204266577954,293.9470921,139904448,0.03945659486,6461210.027,115590861.3,51893243.31,0.001
f308cf721e,True,0,3716.3561747074127,0.7230566355399788,0.2411489652656019,0.07726247113198041,0.11253020465373993,0.10948452684096993,0.36552448482252653,0.6069079296197742,44.985284488648176,38.45906652510166,16.636875294148922,54.31928211543709,3442.7028610371053,-6.000847764313221,combined,0.0015474254000931978,0.344488743590191,0.5864139720797539,0.003396453113108873,11,0.0017882725512608885,0.01507172841578722,7,7,0.010572224392555655,0.0078004072569310655,284.6384233,125649512,0.03072288442,6368805.662,584895542.7,239592092.8,0.001
f34172724b,True,0,2660.2987463474274,0.5823818042874337,0.20780397832393646,0.06471835054457187,0.19603001968935133,0.12266859542578461,0.5579153465107083,0.5757564920466394,57.86443358287215,27.048176415264606,5.680805554613471,40.068306353874505,3619.655864778906,6.157976783812046,combined,0.0023701629551127553,0.2940280558075756,0.6309883028268815,0.0037286894723773,6,0.00375321024376899,0.02529950022697449,7,7,0.0035367639791220426,0.004530494755133986,307.0526939,143856544,0.3951770581,25985441.36,823152109.2,202995508.8,0.001
f4366123fd,True,0,5601.834047079086,0.5643048917874695,0.21534075040370226,0.0757930311653763,0.1706877641379833,0.16587871136143806,0.44908879636786875,0.600641788681969,43.424893487244844,30.669083911925554,8.15369874984026,207.42557650618255,3705.957656726241,-2.9016180112957954,combined,0.0015869946107268332,0.2375850974395871,0.673842460475862,0.0033203118577599523,10,0.011782633184920996,0.04730326000601053,7,7,0.024210686169564725,0.010906786896288392,755.4206223,850814912,1.170259493,82759821.17,293246541.3,241723949.1,0.001
f4441e12d3,True,0,7041.718554496765,0.6110761246643961,0.24428086012601855,0.08585162638686597,0.1658632826060057,0.16791926277801394,0.6805754316505044,0.5613061521667987,44.12745909765363,34.809275325387716,14.53689295426011,247.67440981324762,2506.954181473702,2.6034070253372192,combined,0.0018716581141576172,0.2555105606745928,0.6307442255318165,0.00728367835059762,5,0.010721868520136922,0.03154365498572588,9,9,0.023333726302720605,0.01106618863530457,316.7639738,3951092224,0.9572811425,126193819.5,182732172.1,104600403.7,0.001
f4bc5386fe,True,0,6190.050444841385,0.8167202692478894,0.2072588892839849,0.0727352837473154,0.14461028277873994,0.12262316746637227,0.40707889618352056,0.5114821991417557,56.31555315107107,25.841792821884155,4.622340951114893,62.23210211098194,2688.5304739698768,10.076939880847931,combined,0.0015648233108222485,0.18643067407421768,0.7367925250902772,0.007631445498019457,9,0.010844371464103459,0.021737103536725047,11,5,0.023642108730971813,0.004636675449088216,234.2751225,162487616,0.06109091952,8242264.464,333352952.2,129212181.4,0.001
f4dd151760,True,0,7531.552322387695,0.6891078587621451,0.2490833170898259,0.08260185328312218,0.17489421581849457,0.09484231974929572,0.40169068216346204,0.5047083491459489,51.400050427764654,33.46944099292159,2.214532647281885,202.86599397007376,3938.6844811961055,-6.971300780773163,combined,0.001080031482502818,0.2341414734814316,0.5541812816634775,0.003179532255232334,11,0.013326252603437751,0.04108521435409784,11,11,0.01787655018083751,0.0050960549525916575,614.1155974,6458141184,0.5421235484,76448042.48,591206231.7,260129415.8,0.001
f52153e07a,True,0,4544.67350769043,0.6421302438713611,0.2105381870828569,0.0781070030014962,0.16399447647854687,0.08778482042253019,0.5639541042502969,0.6191904616542161,51.165089812129736,31.989696938544512,11.405832387506962,243.9691313058138,2836.7274408228695,-0.7333944514393806,combined,0.0013648384185507892,0.2587056374363601,0.7472806129604578,0.007423503515869379,3,0.008902642469387502,0.035262883789837364,9,4,0.01735917531978339,0.0049273312222212545,191.8360916,872496448,1.694382078,65456721.44,242403064.7,79209090.15,0.001
f55f842936,True,0,9686.337215185165,0.6956756590865553,0.2736901599168778,0.0660406571533531,0.16435518627986312,0.0820988118182868,0.6956817621365189,0.533122273767367,49.98025732114911,33.0348508246243,8.074241174384952,39.10273438692093,3738.7441652826965,-4.588193476200104,combined,0.0007717974451370538,0.27975971915759146,0.7067347463220358,0.003819058250635862,13,0.008784179133363068,0.04420043095946312,9,5,0.02400970917195082,0.0026483203191310168,319.5990064,76885256,0.07883918446,6184062.541,413431430.7,260377839.1,0.001
f5cf2811cb,True,0,4003.949310064316,0.6008202866651118,0.2671401192620397,0.08059739543125033,0.16062998836860062,0.0983118641190231,0.5600123972166329,0.5783066124655306,51.76360094919801,39.0595362521708,16.726645996794105,154.10383207071573,2687.602359801531,4.530031144618988,combined,0.0031663099247030914,0.25475794360972936,0.6105577910318971,0.005729710181802511,9,0.012110729159787297,0.03603454422205687,11,6,0.01080815345235169,0.0057057997472584245,227.455503,266454160,0.1144666105,13815565.88,184354702.7,70457799.95,0.001
f5e38d4ab0,True,0,2325.077188014984,0.6950312100350857,0.19941120028495787,0.08498364041559398,0.10007774364203215,0.06593343256972731,0.5293524069245904,0.5017817340325564,42.85140851512551,32.60151870548725,12.717956079170108,109.54923227336258,2531.020926311612,-2.6960354298353195,combined,0.0038061399721540513,0.2990968142449856,0.6065117496997119,0.004271880591660738,8,0.008579452196136117,0.040656552761793134,7,6,0.009861182401888073,0.011681481501087547,198.743271,30729002,0.01803050959,3920327.266,73043667.78,31015319.87,0.001
f5f9a5c4c1,True,0,4598.358286142349,0.8260828601196408,0.21878149557858706,0.07258806687779724,0.16572802355512978,0.06498752976767719,0.4772270685527473,0.5617913838941604,49.253733567893505,32.29280089959502,12.301227802410722,90.5182791147381,3707.2683181613684,8.677890673279762,combined,0.0046975576454773545,0.2851078256219625,0.67824796307832,0.0013291940651834011,8,0.005054061239585281,0.030167185291647913,9,4,0.022579398807138204,0.008641660396009682,1098.89093,197769392,0.1171583057,13341666.13,801638712.4,150820511.4,0.001
f64223a4cc,True,0,5927.021116733551,0.5721014657057822,0.2730279986932874,0.061084615141153334,0.14547457564622165,0.1458831302355975,0.5564406157005578,0.6043491452466696,53.408938981592655,31.903085131198168,0.9310265835374594,155.38261578511447,3808.7476063519716,14.853934824466705,combined,0.0019535535337403417,0.2910893162991851,0.6032453000545502,0.0035092267587780953,8,0.006719928209669887,0.031473708860576155,9,11,0.013825982430018485,0.006624321388080716,562.1190366,884033664,2.121522504,129398559.5,521748998.5,323905615.4,0.001
f6e515cc1f,True,0,4153.185109138489,0.5561945754103363,0.275098327100277,0.07966112681664526,0.1208158670924604,0.06546025485731662,0.4465024792589247,0.5894270291086287,47.880540639162064,25.857855267822742,3.234472833573818,105.84625605493784,3517.2328636981547,-0.2527301460504532,combined,0.002297192670404911,0.23995382193475961,0.6976864611729979,0.003104285643994808,13,0.008815922058653086,0.0109726632386446,9,10,0.011123661640100181,0.009063326943665743,442.0021342,397896320,0.3481614545,40496461.88,636156533.4,106647831.9,0.001
f6edc09399,True,0,4940.865025520325,0.7208694474771619,0.25876693382859234,0.08899443134665488,0.10467079365625978,0.17202026201412085,0.6948056967463344,0.5702358842361719,40.610775388777256,38.97491304203868,3.187259081751108,156.5994343366474,2942.9606636986136,7.897467829287052,combined,0.004263086936902255,0.341182571714744,0.6806209029629826,0.004614394780248403,10,0.00298329574149102,0.04054276216775179,11,7,0.02196330258902162,0.010080470589920877,610.0387441,536761664,0.3190524859,48724995.63,125826787.5,202745409.5,0.001
f752bbb92a,True,0,3575.23726606369,0.5811848872341216,0.2441780165024102,0.06798911883495748,0.19235881734639407,0.07621829668059946,0.5086250678636133,0.6490187452640385,54.25505032762885,35.550323985517025,5.515269102528691,33.34450869075954,3525.7012471556664,-1.488119050860405,combined,0.0034174354785121977,0.18943123309873044,0.6691693060100079,0.0015899178303778172,10,0.007205616042483598,0.014427940733730793,7,12,0.007214860735461116,0.004184112951159477,384.5190691,41709488,0.04333072781,3962224.341,1029280175,111600744.9,0.001
f780eebeab,True,0,9311.709608793259,0.5748774341307581,0.2609311525896192,0.07140531968325377,0.19001028388738633,0.15239215595647693,0.5445206739474088,0.5954877553042024,45.28452314436436,39.031876772642136,0.10031862370669842,106.96806880738586,2511.3017167896032,10.541055426001549,combined,0.0009577467545866967,0.3473651452269405,0.6599175127223135,0.0021250416830182074,8,0.008431369590573013,0.04104575540870428,7,9,0.0153676343774423,0.008744633484631776,148.431124,220400208,0.1368621981,18536047.36,142864369.4,102219095.9,0.001
f79147f6d8,True,0,7657.934174537659,0.8410759665071964,0.2460439423285425,0.07496275512501598,0.18822968965396286,0.055053993687033655,0.44045778214931486,0.5473497867584228,58.775825668126345,38.50675165653229,12.498968264088035,51.675457464531064,2715.838380623609,2.205843411386013,combined,0.003705870811548084,0.3415509853791445,0.6467589020729065,0.0033755655512213707,12,0.0070131899211555715,0.038290333338081836,11,4,0.019496178002096715,0.0136745089571923,602.4753084,15365253,0.00733678667,1369862.661,280668036.1,60079403.64,0.001
f8088bb706,True,0,3459.9850401878357,0.7169246246106923,0.2182764850743115,0.07806833395734429,0.18917025467380882,0.1660301882773638,0.5822653410956263,0.5342733669560402,48.027171697467566,21.504868548363447,9.510152449831367,112.75333871971816,2884.434038773179,5.939657665789127,combined,0.004051055302470923,0.3240270720887929,0.7085354408249259,0.004990814672410488,7,0.002725221703760326,0.0312670686095953,7,6,0.00679264051746577,0.004141611509025096,281.1983431,1600038784,0.6000931438,82150279.83,375506429.8,175785437,0.001
f881dc13ff,True,0,3355.3938748836517,0.6526138391345739,0.265733615513891,0.07465779343619942,0.1942560593597591,0.07521260436624289,0.4734055173117667,0.6138897986151278,58.01609944552183,37.69409880042076,14.67247293703258,116.4137304732576,3937.264129985124,9.826471850275993,combined,0.0019929208846762776,0.3262446052301675,0.7364795506000519,0.0052156505145132545,13,0.012359378761611878,0.031505283527076246,9,10,0.02006253690645099,0.007968130046501754,978.7295228,9154463744,5.303811208,129148421.4,934051492.5,190136049.1,0.001
f9437d7aa6,True,0,3992.2385737895966,0.6978604158386588,0.2530330458842218,0.07027277561835944,0.15599531065672637,0.12701980760321024,0.36605866467580195,0.6460016551893204,45.59628792107105,34.413695968687534,12.59365932829678,154.86922069545835,2828.5799780860543,6.31048546731472,combined,0.002900134972296655,0.27774755517952143,0.6009374333545566,0.005766495726257563,9,0.009276451759971677,0.019051045328378678,7,4,0.012568084612488746,0.011744240142405032,304.8348259,7488345088,0.1022490964,87269785.38,407660739.6,118656562,0.001
f981bc68e2,True,0,2998.055840730667,0.5632042355835438,0.21430499704554679,0.07481247754767537,0.17983560226857664,0.10934496521949769,0.36367479008622466,0.5286635808646679,54.00348737835884,22.568013556301594,4.256790228188038,71.04659949056804,2786.319271661341,13.284558661282063,combined,0.001242870128341019,0.23888346259482204,0.6197609998285771,0.0013321738116443159,6,0.010046768995933235,0.03319500550627708,5,11,0.006370636217296124,0.002379141133278608,68.36791577,190795136,0.1750943922,18008842.53,252685854.6,82954405.93,0.001
f9df2e5151,True,0,2926.9432380199432,0.5964605766348541,0.18086759692057966,0.07534728398546577,0.16383613748475911,0.08131828089244664,0.5149491301737725,0.5607620645314455,40.74285252019763,25.389649495482445,8.827714489772916,108.64489690959454,3188.598468899727,2.092492140829563,combined,0.001973021832667291,0.20267757880501447,0.5868822494521737,0.002254157666116953,11,0.007915477674454451,0.04543569251894951,5,8,0.011209145220927894,0.004571068439632654,183.4795653,164056688,0.412293091,22833532.72,207633782.8,76126209.35,0.001
fa1db30f36,True,0,2263.5841448307037,0.6876774992793798,0.1964815217256546,0.07032930222339928,0.1403959452174604,0.05239428505301476,0.48731987872160965,0.5360057982150466,50.920408833771944,38.475281558930874,9.219785068184137,126.80837295297533,2765.6345646828413,4.668761946260929,combined,0.002280310220643878,0.2891267170198262,0.6473081063479186,0.007981785534322262,9,0.004821911158505827,0.027081326432526115,5,8,0.02015112559124827,0.01047972656227648,284.5040473,121362896,0.2728729194,26447726.4,262311754.4,33395785.57,0.001
fa95bc9738,True,0,3314.1367223262787,0.5545251542702317,0.21671647300943733,0.08731287203729152,0.19863694356754424,0.15004347460344436,0.3998207930475473,0.6135604025330395,47.926298808306456,24.12375858053565,10.188792971894145,123.92050041258335,3984.059768728912,2.6249385699629784,combined,0.0030304053619503975,0.28234459473751483,0.5727614652365447,0.007744112539291382,8,0.012529386326204985,0.026785607375204565,9,4,0.024074799528345465,0.00929339549690485,1155.840104,214834112,0.3202597376,21010521.66,1006920684,232477427.4,0.001
faa58d75c3,True,0,2801.819455385208,0.7525328039191663,0.27856719970703125,0.08879359415732324,0.11877272166311742,0.052598701789975166,0.35219308752566575,0.642956023477018,53.79494050517678,31.68359139934182,8.494140123948455,171.5537242256105,2546.6039865277708,1.9554059356451035,combined,0.003293032817076892,0.28500346311368047,0.7119597623124718,0.003814188331365585,3,0.0028021895522251728,0.018103330209851266,9,3,0.01584275870397687,0.007913295146077871,220.3206839,473990080,0.5934347629,92002725.35,238601601.9,45351378.35,0.001
fab7dc517a,True,0,4933.939053535461,0.5717650759033859,0.2310803312063217,0.06795951744541526,0.12109380783513189,0.0962052324321121,0.35096471034921706,0.5777809138875455,41.31427442654967,21.29520768299699,11.337463852018118,115.90924038365483,2881.8389596417546,-3.100788950920105,combined,0.00034921920811757445,0.28217083085328337,0.7154083684086799,0.00789140174910426,6,0.009852870392147451,0.043491984345018865,7,10,0.00630380498059094,0.014343150449916717,140.5032283,230328192,0.9165097979,37850851.51,102944550,87255848.01,0.001
fb6f1cdf9c,True,0,5038.200863361359,0.6246493089944125,0.2704477082192898,0.0840287364833057,0.16121387332677842,0.16436437470838428,0.5735584661830216,0.5072380944155157,44.65665804222226,25.49333767965436,8.42292113788426,169.0196821000427,2870.7723636180162,7.657152943313122,combined,0.002095853957720101,0.2528354685939848,0.5733411144465208,0.007608612201362848,8,0.007387738596182317,0.03894743595272303,9,10,0.0069208897296339274,0.00976806142181158,268.1832427,183302960,0.369369584,34319408.5,202712251.8,168389742.7,0.001
fb79d2906a,True,0,8548.479480981827,0.7991998106241226,0.2235464351437986,0.06834747847169638,0.19773648716509343,0.13732027839869262,0.6145789314061403,0.5154255089350045,45.18518829718232,28.465357087552547,10.591898677870631,39.91004075855017,3949.734696187079,-7.1554179564118385,combined,0.0019121770493686198,0.31379138051532207,0.714370658248663,0.00602708827778697,9,0.01005506515642628,0.042119032554328445,11,7,0.014596312135457992,0.0025683060884475707,568.214867,256433008,0.3373046561,16709272.83,756293309.2,501701883.7,0.001
fbe5a292e6,True,0,4622.413015365601,0.7902256396599114,0.2699095254018903,0.06778420055285096,0.15292979776859283,0.13328507668338718,0.5426699876319616,0.5416443219408393,55.876127518713474,37.988034915179014,3.4381856359541416,33.64676718506962,2710.1874984800816,-7.79952322691679,combined,0.0012822443996556103,0.3024453916866332,0.643113468401134,0.0072138142958283425,8,0.005332615766208619,0.04143721714615822,9,5,0.012079977734014391,0.006718292437493801,196.9575432,31372614,0.02361847772,2791082.078,175959919.4,180870456.4,0.001
fc006fbf9d,True,0,10371.510501384735,0.7504669411107898,0.21080796170979738,0.07050463342107832,0.18395076859742404,0.16538968347013,0.6674040726851671,0.6493396510370075,46.26084163784981,22.09499217569828,1.3338195942342281,46.2676121853292,2966.5576769039035,8.618414610624313,combined,0.0020065191442146897,0.26893478686921296,0.7188339697197079,0.0073094268999993805,10,0.013745691436808555,0.027847870290279388,11,7,0.01546019472926855,0.0039657029695808884,282.6925219,141490384,0.115731941,9154818.785,461280179.2,195793292.2,0.001
fc34711acd,True,0,4384.230749368668,0.6545109353959561,0.25538207983598116,0.08812562249600887,0.1586192572489381,0.08054419229738415,0.6085549886804074,0.6477441688999535,45.71400601416826,33.69487825781107,16.27193135395646,106.33504118677229,3796.8806293793023,-7.850828342139721,combined,0.0028165129291825,0.3149457345064729,0.7206350348889827,0.0015079428508877756,4,0.0076790094464086,0.015119609907269477,9,4,0.009587236146442593,0.0019529071804136036,349.1922342,468864512,0.3875805753,28466837.52,1075529438,200945795.3,0.001
fc4213fdd3,True,0,3492.3457741737366,0.7506348521448671,0.26646982908248906,0.07847476447932422,0.1632964139804244,0.05553731084801257,0.38436431679874655,0.6330709908157588,46.92061519250274,39.86676476895809,8.199856800958514,118.05416292697191,3773.083811160177,0.64401775598526,combined,0.004316474992502481,0.31106634818948803,0.5561289705336094,0.0018235854089260102,4,0.014643587856553494,0.02937722407281399,7,7,0.014710841504856943,0.009158667558804155,874.1261874,163043952,0.141242536,13600182.59,787785044.6,134083337.6,0.001
fca9fe8eee,True,0,9729.094750881195,0.7534710001200438,0.22524228712543845,0.08477840250357985,0.14209389649331572,0.15879283593967558,0.5192295941524208,0.6091573730111122,46.972476467490196,30.03687435761094,14.235770769417286,110.04997871816158,3306.25862441957,3.978739984333515,combined,0.0009372549180872737,0.1833414422161877,0.6812127472832799,0.0044962554022669795,10,0.01007609603460878,0.012709775753319264,9,9,0.004629845465533435,0.00898285879008472,213.3464739,359907424,0.1676288316,17897387.86,744774392,301492009.8,0.001
fcd65d4db2,True,0,5692.651918411255,0.601319902855903,0.2752011910267175,0.06743574374355375,0.1443932385183871,0.1999358118046075,0.6170856555458157,0.508452842431143,58.006856329739094,23.78883434459567,12.29125296883285,176.12664193008095,2521.8313513323665,1.6374563872814178,combined,0.0029551216441206633,0.2051060254871845,0.6022301575168968,0.005623437003791332,6,0.00531479080254212,0.03305557169020176,7,8,0.018077795490622522,0.0019488269072026013,146.3924919,323937664,0.08464738645,22972816.59,141866409.4,130802712.1,0.001
fcdcbbeb03,True,0,3995.2951154708862,0.6316186854615807,0.19310195475816727,0.06323794682510198,0.14898934895172716,0.1859317244496197,0.5536373888608068,0.5212994701229036,58.85066293179989,32.58828001096845,6.217791309580207,144.74454868305475,2714.66650813818,3.3384348452091217,combined,0.000322218862734735,0.2223420320264995,0.6573473434895277,0.007864026808738708,10,0.012283118764869868,0.03564213007688522,5,10,0.016532197130843997,0.0023536653723567726,85.43143586,866367552,4.826993611,98670953.38,176015404.2,133096152.6,0.001
fce97432ff,True,0,4809.825138807297,0.7063685529865324,0.2416600871086121,0.08613731911405921,0.13051197836175563,0.15084213921800257,0.4599272597115487,0.6174996240530163,41.37987120077014,36.21521441265941,1.9333049599081278,99.82773993350565,3687.549041584134,-0.8091159611940384,combined,0.0024053255303762852,0.3188489458616823,0.6256234470754862,0.0027896039605140683,8,0.005200137770734727,0.03055848408490419,5,11,0.00547891204804182,0.011798967188224194,431.78629,1942781952,0.556471712,74610943.03,501274417.3,371270303.9,0.001
fd120c85ad,True,0,4639.3690049648285,0.646513479668647,0.2564637785032392,0.06697715733200311,0.10419966271147132,0.12432560212910176,0.3990113557782024,0.5221116494387388,51.08987532556057,22.48713206499815,12.460398316383362,219.58145370800048,3056.4205860719085,14.816728338599205,combined,0.004585012591071427,0.30543219085782763,0.5938129723072052,0.005017148573696614,11,0.012135776537004858,0.029105605371296403,9,9,0.023876700599677864,0.012995592774823306,701.9787859,690722944,0.5841479225,77672841.91,210305038.9,99155727.72,0.001
fd6886b90c,True,0,2727.678840637207,0.593897641543299,0.27070898862555626,0.08090631960891187,0.10898225456476213,0.18169986596331,0.3992445307318121,0.5281713990028948,45.76305132359266,29.787642899900675,10.762081135064363,165.4396180426702,2755.7812547311187,12.389846555888653,combined,0.001580176299996674,0.2137089263089001,0.6421963883563876,0.002131117147952318,10,0.01418754448927939,0.019208693616092204,3,5,0.00627172805275768,0.007965798707678913,90.4603975,1968536960,0.403501375,84067732.75,215854824.6,133471404.4,0.001
fdc4f3ac27,True,0,6109.451200008392,0.6189010774716736,0.20516990154981612,0.08614889265038073,0.19738320913165808,0.1947211891412735,0.5056297465227544,0.5736553213093429,43.17697761580348,32.25951725617051,3.593240534886718,104.18958813883364,2697.074608877301,13.410153858363628,combined,0.002029654153902084,0.19633536905050278,0.5717768514528871,0.0025379127353429795,7,0.014765289695933461,0.02774243324995041,7,7,0.019688177916221322,0.013258392971009014,343.3057257,239551872,0.2712030525,16316075.67,322112491.1,128314838.1,0.001
fdced7ff94,True,0,2415.986032485962,0.6096216487698257,0.2758534090779722,0.06338450180366635,0.1343220320530236,0.10216165184974671,0.6841832558624446,0.5155955798458308,50.525131449103355,33.74485891312361,13.09187743999064,109.01563415303826,3023.7011439166963,3.2590002194046974,combined,0.0024184153631329535,0.3179690957907587,0.6618542231619359,0.0016694556809961796,3,0.002808588343206793,0.03839392848312855,3,6,0.02011752498615533,0.008599469427019356,236.5626467,175524464,0.178872521,17115358.64,190381766.1,131847164.3,0.001
fea6c87f73,True,0,5807.288972377777,0.7102607260458171,0.21630878254771232,0.06199054148979485,0.1349330903030932,0.1597271856851876,0.4293701798189431,0.5743652422446758,48.72177151963115,30.774895660579205,6.736813606694341,42.60571218188852,3294.8122611269355,0.45732831954956055,combined,0.0035695991973392666,0.23845711644738912,0.6914205109700561,0.007581624605506659,7,0.006440115794073791,0.0467905954644084,11,10,0.019052132047712805,0.009678291955962776,774.6956431,84638888,0.05471517769,6477433.177,191939364.2,227100942.5,0.001
fee69244e3,True,0,4697.081886291504,0.6255045874975622,0.20238666908815503,0.07092625035904347,0.15268900515511633,0.15437853890471162,0.67458001752384,0.6146845078095794,52.04153072088957,27.22918374463916,4.074952952563763,85.26667522732168,3338.612453546375,-2.963966876268387,combined,0.00361195785459131,0.24315829685889184,0.624812887236476,0.007658435320109129,12,0.012058466455433518,0.023745610639452935,7,11,0.015997223424725232,0.01133324865810573,672.6514868,96773264,0.3102777753,15091053.79,524104181.3,153223441,0.001
ffd0821625,True,0,5888.620204925537,0.5679413025267422,0.22988167826086284,0.06873562909662723,0.19466149825602772,0.18906900193542242,0.5715536238625645,0.5051005357410758,45.752627085894346,38.716333620250225,14.265224592760205,66.05851897411048,3439.4612801261246,9.027925297617912,combined,0.0028898006933741273,0.3012208781018853,0.5935845186933876,0.002303288459777832,12,0.008891382044646888,0.029721199050545696,9,12,0.008274582853540779,0.010999008150771258,573.5172502,118087080,0.1858677556,11177652.17,576146817.2,234942085.5,0.001
